"Cell","year","quarter","0","10","15","20","25","30","35","40","45","50","55","60","65","70","75","80","85","90","95","100","105","110","115","120","125","130","135","140","145","150","155","160","165","170","175","180","185","190","195"
1,3,2,0,0,0,0,0,0,0,0,0.2,0,0,0,0.2,0,0,0,0,0,0,0.2,0,0,0.2,0,0,0,0.2,0,0,0,0,0,0,0,0,0,0,0,0
1,3,3,0,0,0,0,0,0,0,0,0.2,0.2,0.2,0.2,0.2,0,0,0,0,0,0,0,0,0,0,0,0,0,0,0,0,0,0,0,0,0,0,0,0,0,0
1,3,4,0,0,0,0,0,0,0,0,0.2,0.2,0,0.2,0,0,0,0,0,0,0.2,0.2,0,0,0,0,0,0,0,0,0,0,0,0,0,0,0,0,0,0,0
1,4,1,0,0,0,0,0,0,0,0,0.06,0.24,0,0.06,0,0,0,0,0,0.06,0,0,0.12,0.08,0,0,0,0,0.24,0.14,0,0,0,0,0,0,0,0,0,0,0
1,4,2,0,0,0,0,0,0,0,0,0.114285714285714,0,0,0,0.114285714285714,0.0857142857142857,0.0857142857142857,0,0,0.2,0.0857142857142857,0,0,0,0,0,0.0857142857142857,0,0,0,0.114285714285714,0,0,0.114285714285714,0,0,0,0,0,0,0
1,4,3,0,0,0,0,0,0,0,0.2,0,0.2,0,0,0,0.2,0,0.2,0,0,0.2,0,0,0,0,0,0,0,0,0,0,0,0,0,0,0,0,0,0,0,0
1,4,4,0,0,0,0,0,0,0,0,0.06,0.06,0.06,0,0.06,0,0,0.06,0,0.12,0.06,0.06,0,0.08,0.08,0.08,0.08,0,0.06,0,0.08,0,0,0,0,0,0,0,0,0,0
1,5,1,0,0,0,0,0,0,0,0,0,0.06,0,0.06,0,0,0,0.06,0.12,0,0.14,0.08,0.08,0.12,0.06,0,0,0,0,0.08,0,0.08,0,0,0,0.06,0,0,0,0,0
1,5,2,0,0,0,0,0,0,0,0,0,0,0,0,0.0545454545454546,0,0,0.0727272727272727,0,0.0545454545454546,0.145454545454545,0.0545454545454546,0.0727272727272727,0.145454545454545,0.127272727272727,0.0727272727272727,0,0.0727272727272727,0.0545454545454546,0,0,0.0727272727272727,0,0,0,0,0,0,0,0,0
1,5,3,0,0,0,0,0,0,0,0,0,0,0,0,0,0.2,0,0,0.2,0.4,0.2,0,0,0,0,0,0,0,0,0,0,0,0,0,0,0,0,0,0,0,0
1,5,4,0,0,0,0,0,0,0,0,0,0.06,0.06,0,0,0,0,0,0,0.2,0,0.08,0,0.06,0.28,0.14,0,0,0.06,0,0,0,0,0,0.06,0,0,0,0,0,0
1,6,1,0,0,0,0,0,0,0,0,0,0.4,0,0,0,0,0,0,0,0,0,0,0.2,0,0,0,0,0,0.2,0,0,0.2,0,0,0,0,0,0,0,0,0
1,6,2,0,0,0,0,0,0,0,0,0,0.2,0.2,0,0,0.2,0,0,0,0,0,0.2,0,0,0,0.2,0,0,0,0,0,0,0,0,0,0,0,0,0,0,0
1,6,3,0,0,0,0,0,0,0,0,0.2,0,0.2,0,0,0.2,0.2,0,0,0.2,0,0,0,0,0,0,0,0,0,0,0,0,0,0,0,0,0,0,0,0,0
1,6,4,0,0,0,0,0,0,0,0,0.0545454545454546,0,0,0,0,0,0.127272727272727,0.0545454545454546,0,0.0545454545454546,0.145454545454545,0,0.0727272727272727,0.0727272727272727,0,0.0727272727272727,0.0727272727272727,0.0727272727272727,0,0,0.127272727272727,0,0.0727272727272727,0,0,0,0,0,0,0,0
1,7,1,0,0,0,0,0,0,0,0,0.1,0,0,0,0,0.1,0,0.1,0,0.1,0.2,0.1,0,0,0.2,0,0,0.1,0,0,0,0,0,0,0,0,0,0,0,0,0
1,7,2,0,0,0,0,0,0,0,0.0666666666666667,0,0.0666666666666667,0.0666666666666667,0.133333333333333,0,0.0666666666666667,0.0666666666666667,0.133333333333333,0,0,0.0666666666666667,0.0666666666666667,0,0,0,0.0666666666666667,0,0,0,0.0666666666666667,0.0666666666666667,0.0666666666666667,0,0,0,0,0,0,0,0,0
1,7,3,0,0,0,0,0,0,0,0,0,0,0,0,0.2,0,0,0,0.2,0.2,0,0,0,0.2,0,0.2,0,0,0,0,0,0,0,0,0,0,0,0,0,0,0
1,7,4,0,0,0,0,0,0,0,0,0.0545454545454546,0,0,0,0,0.109090909090909,0,0,0,0.0727272727272727,0,0.181818181818182,0,0,0.145454545454545,0.163636363636364,0,0,0.0909090909090909,0,0.0909090909090909,0,0.0909090909090909,0,0,0,0,0,0,0,0
1,8,1,0,0,0,0,0,0,0,0,0.0666666666666667,0.133333333333333,0.133333333333333,0,0,0,0,0,0,0,0.0666666666666667,0,0.266666666666667,0,0.0666666666666667,0,0.0666666666666667,0,0.0666666666666667,0.133333333333333,0,0,0,0,0,0,0,0,0,0,0
1,8,2,0,0,0,0,0,0,0,0,0,0,0.0857142857142857,0.0857142857142857,0.114285714285714,0.0857142857142857,0,0,0,0.2,0,0,0,0.0857142857142857,0,0,0,0,0.228571428571429,0,0,0,0,0.114285714285714,0,0,0,0,0,0,0
1,8,3,0,0,0,0,0,0,0,0,0,0,0,0,0,0,0.2,0.2,0.2,0,0.2,0,0,0,0,0,0,0,0,0.2,0,0,0,0,0,0,0,0,0,0,0
1,8,4,0,0,0,0,0,0,0,0,0,0,0,0,0.121739130434783,0.121739130434783,0.156521739130435,0,0,0.121739130434783,0.0521739130434783,0.0260869565217391,0.0782608695652174,0,0.0521739130434783,0.0695652173913043,0,0.0695652173913043,0.0782608695652174,0,0,0.0260869565217391,0,0.0260869565217391,0,0,0,0,0,0,0
1,9,1,0,0,0,0,0,0,0,0.111111111111111,0,0,0,0,0,0,0,0,0,0.111111111111111,0,0.0666666666666667,0,0.0666666666666667,0.111111111111111,0.133333333333333,0.2,0.0666666666666667,0.0666666666666667,0,0.0666666666666667,0,0,0,0,0,0,0,0,0,0
1,9,2,0,0,0,0,0,0,0,0,0,0.0869565217391304,0.11304347826087,0,0,0.0521739130434783,0.0695652173913043,0,0.104347826086957,0.0260869565217391,0.0260869565217391,0.0521739130434783,0,0,0,0,0.0956521739130435,0.121739130434783,0.156521739130435,0,0.0260869565217391,0,0,0.0695652173913043,0,0,0,0,0,0,0
1,9,3,0,0,0,0,0,0,0,0,0.06,0.06,0.06,0,0,0,0,0.06,0,0.06,0.14,0,0.22,0.08,0,0.06,0,0,0.08,0.06,0.06,0,0,0,0,0,0,0,0,0,0
1,9,4,0,0,0,0,0,0,0,0.0387096774193548,0,0.0967741935483871,0.103225806451613,0.0387096774193548,0,0.0387096774193548,0,0,0,0.103225806451613,0.0516129032258065,0.129032258064516,0.0709677419354839,0.0903225806451613,0,0,0.0709677419354839,0.0774193548387097,0,0,0.0516129032258065,0.0387096774193548,0,0,0,0,0,0,0,0,0
1,10,1,0,0,0,0,0,0,0,0,0,0,0,0.075,0,0,0,0.06,0,0.06,0,0,0,0.06,0.075,0,0.08,0.395,0,0.06,0.135,0,0,0,0,0,0,0,0,0,0
1,10,2,0,0,0,0,0,0,0,0,0,0,0.12,0.06,0,0,0.06,0,0,0,0.08,0.12,0,0,0.06,0.08,0.06,0.08,0,0.06,0,0.16,0,0.06,0,0,0,0,0,0,0
1,10,4,0,0,0,0,0,0,0,0,0,0,0,0,0,0.103225806451613,0.0774193548387097,0.0580645161290323,0,0,0.116129032258064,0.109677419354839,0.0709677419354839,0.0903225806451613,0.0903225806451613,0.0516129032258065,0,0.0516129032258065,0,0,0.0193548387096774,0.141935483870968,0,0,0,0,0.0193548387096774,0,0,0,0
1,11,1,0,0,0,0,0,0,0,0,0,0,0,0,0.2,0,0.111111111111111,0,0,0,0.133333333333333,0.177777777777778,0,0.0666666666666667,0.111111111111111,0,0.0666666666666667,0,0.0666666666666667,0,0,0.0666666666666667,0,0,0,0,0,0,0,0,0
1,11,2,0,0,0,0,0,0,0,0,0,0.2,0.2,0,0,0.2,0,0,0,0.2,0,0,0,0,0.2,0,0,0,0,0,0,0,0,0,0,0,0,0,0,0,0
1,11,3,0,0,0,0,0,0,0,0,0,0,0,0,0.2,0.2,0,0,0,0,0,0,0,0,0.2,0.2,0,0,0,0.2,0,0,0,0,0,0,0,0,0,0,0
1,11,4,0,0,0,0,0,0,0,0,0,0,0.0516129032258065,0,0,0.0774193548387097,0.0774193548387097,0.0387096774193548,0,0.0903225806451613,0,0.103225806451613,0,0.129032258064516,0.0241935483870968,0.0241935483870968,0.101612903225806,0,0.0241935483870968,0,0.0516129032258065,0.0516129032258065,0.103225806451613,0,0.0516129032258065,0,0,0,0,0,0
1,12,1,0,0,0,0,0,0,0,0.1,0.1,0,0.1,0,0,0,0,0,0.3,0.1,0,0,0,0,0.1,0.2,0,0,0,0,0,0,0,0,0,0,0,0,0,0,0
1,12,4,0,0,0,0,0,0,0,0,0,0.06,0.06,0.06,0,0.06,0.06,0.14,0,0,0,0.06,0.06,0,0,0.3,0,0,0.06,0.08,0,0,0,0,0,0,0,0,0,0,0
1,13,1,0,0,0,0,0,0,0,0,0,0.0461538461538462,0.0461538461538462,0,0,0,0.0923076923076923,0,0,0.0461538461538462,0.0461538461538462,0.0923076923076923,0.0461538461538462,0.0615384615384615,0.0923076923076923,0.107692307692308,0.107692307692308,0.107692307692308,0,0.107692307692308,0,0,0,0,0,0,0,0,0,0,0
1,13,2,0,0,0,0,0,0,0,0,0,0.06,0,0.06,0,0,0,0,0,0,0.06,0.08,0.06,0,0.06,0.06,0.18,0.08,0.08,0.08,0.08,0.06,0,0,0,0,0,0,0,0,0
1,13,3,0,0,0,0,0,0,0,0,0,0,0.114285714285714,0.0857142857142857,0,0,0.0857142857142857,0,0,0,0,0,0.171428571428571,0,0.114285714285714,0,0,0.2,0,0,0,0,0.228571428571429,0,0,0,0,0,0,0,0
1,13,4,0,0,0.0571428571428571,0,0,0,0,0,0,0,0,0,0.0857142857142857,0.0857142857142857,0.128571428571429,0,0.0428571428571429,0,0.0571428571428571,0.0428571428571429,0,0,0,0.114285714285714,0,0.1,0.171428571428571,0,0,0.114285714285714,0,0,0,0,0,0,0,0,0
1,14,1,0,0,0,0,0,0,0,0,0,0.0428571428571429,0,0,0,0.0571428571428571,0,0,0.1,0.0428571428571429,0.185714285714286,0.0428571428571429,0.1,0.0428571428571429,0,0.0428571428571429,0.0571428571428571,0.114285714285714,0,0,0.0571428571428571,0,0.0571428571428571,0,0.0571428571428571,0,0,0,0,0,0
1,14,2,0,0,0,0,0,0,0,0,0,0,0.0705882352941177,0,0.0470588235294118,0,0.0352941176470588,0,0,0.105882352941176,0.0470588235294118,0.0705882352941177,0.0823529411764706,0.0705882352941177,0,0.0705882352941177,0.0470588235294118,0.0823529411764706,0.0823529411764706,0.0470588235294118,0.0470588235294118,0.0470588235294118,0.0470588235294118,0,0,0,0,0,0,0,0
1,14,3,0,0,0,0,0,0,0,0,0,0,0.1,0,0,0,0,0.0857142857142857,0,0.0571428571428571,0,0.142857142857143,0.0428571428571429,0.1,0.0571428571428571,0,0.0571428571428571,0.171428571428571,0.0428571428571429,0.0428571428571429,0,0.0571428571428571,0.0428571428571429,0,0,0,0,0,0,0,0
1,14,4,0,0,0,0,0,0,0,0,0,0,0,0,0.121212121212121,0.127272727272727,0,0.181818181818182,0,0.0727272727272727,0,0,0,0,0,0,0.127272727272727,0.0545454545454546,0,0.193939393939394,0,0.121212121212121,0,0,0,0,0,0,0,0,0
1,15,1,0,0,0,0,0,0,0.0576923076923077,0,0.0576923076923077,0,0,0,0,0.0576923076923077,0.0461538461538462,0,0.103846153846154,0,0,0,0.0923076923076923,0.0923076923076923,0,0.0461538461538462,0.107692307692308,0.0615384615384615,0.0615384615384615,0,0,0,0.123076923076923,0.0923076923076923,0,0,0,0,0,0,0
1,15,2,0,0,0,0,0,0,0,0,0,0,0,0.12,0.06,0.06,0,0.14,0,0,0.08,0,0,0,0,0.16,0.06,0.14,0.06,0,0.06,0,0,0,0.06,0,0,0,0,0,0
1,15,3,0,0,0,0,0,0,0,0,0,0.0428571428571429,0,0.0428571428571429,0.0428571428571429,0.0571428571428571,0,0,0.2,0,0.1,0,0.0571428571428571,0.0571428571428571,0.114285714285714,0.0428571428571429,0.0428571428571429,0.0428571428571429,0.0428571428571429,0,0.114285714285714,0,0,0,0,0,0,0,0,0,0
1,15,4,0,0,0,0,0,0,0,0,0,0,0.0967741935483871,0,0.0387096774193548,0.0387096774193548,0.0387096774193548,0,0,0.0516129032258065,0.0709677419354839,0.0516129032258065,0.0387096774193548,0.0387096774193548,0.103225806451613,0,0.12258064516129,0.219354838709677,0,0,0.0193548387096774,0.0193548387096774,0.0516129032258065,0,0,0,0,0,0,0,0
1,16,1,0,0,0,0,0,0,0,0,0,0,0,0,0.06,0,0.18,0,0,0,0,0.24,0.12,0.06,0.08,0,0,0,0.06,0.2,0,0,0,0,0,0,0,0,0,0,0
1,16,2,0,0,0,0,0,0,0,0,0,0,0,0,0.2,0,0,0,0,0.4,0,0,0,0,0,0,0,0,0.2,0,0.2,0,0,0,0,0,0,0,0,0,0
1,16,3,0,0,0,0,0,0,0,0,0,0,0,0,0.2,0,0,0,0,0,0,0,0.2,0.2,0.2,0.2,0,0,0,0,0,0,0,0,0,0,0,0,0,0,0
1,16,4,0,0,0,0,0,0,0,0,0,0,0.06,0,0.06,0,0.06,0.12,0,0,0,0.14,0,0.08,0.06,0.12,0,0.08,0.14,0.08,0,0,0,0,0,0,0,0,0,0,0
1,17,1,0,0,0,0,0,0,0,0,0,0.0428571428571429,0,0.0428571428571429,0,0.0571428571428571,0.0428571428571429,0.0428571428571429,0.0428571428571429,0.0857142857142857,0.0571428571428571,0.157142857142857,0.1,0,0.0428571428571429,0.0571428571428571,0,0,0.0571428571428571,0,0.0571428571428571,0,0.0571428571428571,0.0571428571428571,0,0,0,0,0,0,0
1,17,2,0,0,0,0,0,0,0,0.0461538461538462,0,0,0,0,0.103846153846154,0,0.0461538461538462,0,0,0,0,0.0461538461538462,0,0.226923076923077,0.0923076923076923,0.180769230769231,0.103846153846154,0.0615384615384615,0.0461538461538462,0,0,0,0,0,0,0,0.0461538461538462,0,0,0,0
1,17,3,0,0,0,0,0,0,0,0,0,0,0,0,0,0,0,0,0,0,0,0,0,0.2,0,0.2,0.4,0,0,0.2,0,0,0,0,0,0,0,0,0,0,0
1,17,4,0,0,0,0,0,0,0,0,0,0,0,0.0428571428571429,0,0,0,0.0428571428571429,0.0428571428571429,0.0428571428571429,0.0428571428571429,0.128571428571429,0.0428571428571429,0.2,0,0.185714285714286,0.0571428571428571,0,0.0714285714285714,0.0428571428571429,0.0571428571428571,0,0,0,0,0,0,0,0,0,0
1,18,1,0,0,0,0,0,0,0,0,0,0,0.0476190476190476,0,0.104761904761905,0.0380952380952381,0,0.0380952380952381,0.0476190476190476,0.0476190476190476,0.0285714285714286,0,0.0285714285714286,0.142857142857143,0.152380952380952,0.0666666666666667,0,0.0857142857142857,0.0571428571428571,0,0.0380952380952381,0.0380952380952381,0,0.0380952380952381,0,0,0,0,0,0,0
1,18,2,0,0,0,0,0,0,0,0,0,0,0,0.0941176470588235,0.0941176470588235,0,0,0,0,0.0705882352941177,0,0.0941176470588235,0.0705882352941177,0.0705882352941177,0.129411764705882,0.0352941176470588,0.2,0.0705882352941177,0.0352941176470588,0,0,0.0352941176470588,0,0,0,0,0,0,0,0,0
1,18,3,0,0,0,0,0,0,0,0,0,0,0.2,0,0,0,0,0,0,0,0.2,0,0.2,0,0,0.4,0,0,0,0,0,0,0,0,0,0,0,0,0,0,0
1,18,4,0,0,0,0,0,0,0,0,0,0,0,0,0,0.1,0,0,0.2,0.1,0,0,0.2,0,0,0,0.1,0.2,0.1,0,0,0,0,0,0,0,0,0,0,0,0
1,19,1,0,0,0,0,0,0,0,0,0,0,0,0,0,0,0,0,0,0.2,0,0,0.2,0,0,0,0.2,0,0,0,0,0.2,0.2,0,0,0,0,0,0,0,0
1,19,2,0,0,0,0,0,0,0,0,0,0.166666666666667,0,0.1,0,0,0,0,0.266666666666667,0,0.1,0,0,0,0,0,0.1,0.166666666666667,0,0,0,0.1,0,0,0,0,0,0,0,0,0
1,19,3,0,0,0,0,0,0,0,0,0,0.2,0.2,0,0.2,0,0.2,0,0,0,0,0.2,0,0,0,0,0,0,0,0,0,0,0,0,0,0,0,0,0,0,0
1,19,4,0,0,0,0,0,0,0,0,0,0.06,0,0,0.06,0.06,0.06,0,0,0,0,0,0.14,0,0.2,0.14,0,0.08,0,0.08,0,0.12,0,0,0,0,0,0,0,0,0
1,20,1,0,0,0,0,0,0,0,0,0,0,0,0,0.0857142857142857,0,0.0857142857142857,0.0857142857142857,0,0,0,0,0,0,0.114285714285714,0,0.0857142857142857,0.314285714285714,0,0.114285714285714,0,0,0,0,0,0.114285714285714,0,0,0,0,0
1,20,2,0,0,0,0,0,0,0,0,0,0,0.171428571428571,0,0,0,0,0.0857142857142857,0.114285714285714,0.0857142857142857,0,0,0,0,0,0.114285714285714,0.114285714285714,0,0.314285714285714,0,0,0,0,0,0,0,0,0,0,0,0
1,20,3,0,0,0,0,0,0,0,0,0,0,0.0857142857142857,0.0857142857142857,0,0,0,0.0857142857142857,0.114285714285714,0,0,0,0.0857142857142857,0,0,0,0.228571428571429,0.2,0,0,0,0,0,0.114285714285714,0,0,0,0,0,0,0
1,20,4,0,0,0,0,0,0,0,0,0.2,0,0,0,0.4,0,0,0,0,0,0,0,0,0,0.2,0,0.2,0,0,0,0,0,0,0,0,0,0,0,0,0,0
1,21,1,0,0,0,0,0,0,0,0,0,0,0,0,0,0.2,0,0,0,0,0,0,0,0,0.2,0,0,0.2,0,0.2,0,0.2,0,0,0,0,0,0,0,0,0
1,21,4,0,0,0,0,0,0,0,0,0,0.2,0,0.2,0,0,0,0,0,0,0,0,0,0.2,0.2,0.2,0,0,0,0,0,0,0,0,0,0,0,0,0,0,0
1,22,1,0,0,0,0,0,0,0,0,0,0.2,0,0.1,0,0,0,0,0.2,0,0.1,0,0.1,0,0.1,0.2,0,0,0,0,0,0,0,0,0,0,0,0,0,0,0
1,23,4,0,0,0,0,0,0,0,0,0,0,0,0.2,0,0,0,0,0,0,0,0,0.2,0.2,0,0.2,0,0,0,0.2,0,0,0,0,0,0,0,0,0,0,0
1,24,1,0,0,0,0,0,0,0,0,0.1,0,0,0,0.3,0,0.1,0,0,0,0.1,0,0.1,0.1,0,0.1,0,0.1,0,0,0,0,0,0,0,0,0,0,0,0,0
1,24,3,0,0,0,0,0,0,0,0,0,0.4,0,0,0.2,0,0,0,0.2,0,0,0,0,0,0,0,0,0.2,0,0,0,0,0,0,0,0,0,0,0,0,0
1,24,4,0,0,0,0,0,0,0,0.06,0,0,0.15,0.06,0,0.06,0.15,0,0,0.08,0.06,0,0.08,0.08,0,0,0,0.08,0.08,0,0.06,0,0,0,0,0,0,0,0,0,0
1,25,1,0,0,0,0,0,0,0,0,0,0,0.14,0,0.06,0,0.06,0,0,0.08,0.12,0,0.18,0.08,0,0,0.12,0.08,0,0,0.08,0,0,0,0,0,0,0,0,0,0
1,26,1,0,0,0,0,0,0,0,0,0,0.2,0,0,0,0,0,0.2,0.2,0,0,0,0.2,0,0,0,0,0,0.2,0,0,0,0,0,0,0,0,0,0,0,0
1,26,2,0,0,0,0,0,0,0,0,0,0.0545454545454545,0.0545454545454545,0,0.0727272727272727,0.127272727272727,0,0.0727272727272727,0,0.218181818181818,0,0.145454545454545,0,0,0.0727272727272727,0,0,0.127272727272727,0,0.0545454545454545,0,0,0,0,0,0,0,0,0,0,0
1,27,1,0,0,0,0,0,0,0,0,0,0,0,0.0545454545454546,0,0,0,0,0,0,0.127272727272727,0.418181818181818,0.0545454545454546,0,0,0,0,0.272727272727273,0.0727272727272727,0,0,0,0,0,0,0,0,0,0,0,0
1,27,2,0,0,0,0,0,0,0,0,0,0,0.25,0,0,0.25,0,0,0,0,0,0.25,0,0.25,0,0,0,0,0,0,0,0,0,0,0,0,0,0,0,0,0
1,28,1,0,0,0,0,0,0,0,0,0,0,0,0.2,0,0.0857142857142857,0,0,0,0.0857142857142857,0,0,0.114285714285714,0,0.171428571428571,0.114285714285714,0.228571428571429,0,0,0,0,0,0,0,0,0,0,0,0,0,0
1,28,3,0,0,0,0,0,0,0,0,0,0,0,0.06,0.06,0.06,0.12,0.06,0.18,0.1,0,0.06,0,0,0.1,0,0.1,0.1,0,0,0,0,0,0,0,0,0,0,0,0,0
1,28,4,0,0,0,0,0,0,0,0,0,0,0,0,0,0,0,0,0,0.2,0.2,0,0,0.2,0,0.4,0,0,0,0,0,0,0,0,0,0,0,0,0,0,0
1,29,1,0,0,0,0,0,0,0,0,0,0,0,0,0,0,0.0857142857142857,0.114285714285714,0,0,0,0.0857142857142857,0,0.114285714285714,0.171428571428571,0,0.2,0.114285714285714,0.114285714285714,0,0,0,0,0,0,0,0,0,0,0,0
1,29,2,0,0,0,0,0,0,0,0,0,0.25,0,0,0,0,0,0,0.25,0,0.25,0,0,0,0,0,0,0,0,0,0.25,0,0,0,0,0,0,0,0,0,0
1,29,4,0,0,0,0,0,0,0,0,0,0,0,0,0,0,0,0,0,0,0,0,0,0.333333333333333,0,0.666666666666667,0,0,0,0,0,0,0,0,0,0,0,0,0,0,0
1,30,1,0,0,0,0,0,0,0,0,0,0,0.25,0,0,0,0,0,0,0,0,0.1,0,0,0.25,0.1,0,0,0.2,0,0,0,0,0,0,0.1,0,0,0,0,0
1,30,3,0,0,0,0,0,0,0,0,0,0,0,0.2,0,0,0,0,0,0,0,0,0,0,0,0,0,0.8,0,0,0,0,0,0,0,0,0,0,0,0,0
1,30,4,0,0,0,0,0,0,0,0,0.114285714285714,0.114285714285714,0,0,0,0,0.0857142857142857,0,0,0.0857142857142857,0,0,0,0,0.0857142857142857,0.2,0.2,0,0.114285714285714,0,0,0,0,0,0,0,0,0,0,0,0
1,31,1,0,0,0,0,0,0,0,0,0,0,0,0.156521739130435,0,0,0.0652173913043478,0,0.0521739130434783,0.104347826086957,0.117391304347826,0,0,0,0.0521739130434783,0.0521739130434783,0.139130434782609,0.0869565217391304,0.0869565217391304,0.0869565217391304,0,0,0,0,0,0,0,0,0,0,0
1,31,2,0,0,0,0,0,0,0,0,0.25,0.1,0,0.1,0.1,0,0,0,0,0,0,0.1,0,0,0,0,0,0.1,0,0,0,0,0.25,0,0,0,0,0,0,0,0
1,31,3,0,0,0,0,0,0,0,0,0,0,0,0,0,0,0.4,0.2,0,0,0,0,0.2,0,0,0,0.2,0,0,0,0,0,0,0,0,0,0,0,0,0,0
1,31,4,0,0,0,0,0,0,0,0,0.12,0,0.06,0.12,0,0,0,0.22,0,0.08,0.06,0,0,0.06,0.06,0,0.08,0.06,0,0.08,0,0,0,0,0,0,0,0,0,0,0
1,32,1,0,0,0,0,0,0,0,0,0,0,0,0,0.125,0,0.125,0.1,0.1,0.1,0.35,0,0,0,0,0,0,0,0,0,0,0.1,0,0,0,0,0,0,0,0,0
1,32,2,0,0,0,0,0,0,0,0,0,0,0.1,0,0,0,0.166666666666667,0.1,0.1,0.166666666666667,0,0,0.1,0,0,0.266666666666667,0,0,0,0,0,0,0,0,0,0,0,0,0,0,0
1,32,3,0,0,0,0,0,0,0,0,0,0.133333333333333,0,0.266666666666667,0,0.0666666666666667,0,0,0,0.133333333333333,0.133333333333333,0,0.0666666666666667,0,0.0666666666666667,0,0.0666666666666667,0,0,0,0,0.0666666666666667,0,0,0,0,0,0,0,0,0
1,32,4,0,0,0,0,0,0,0,0,0.1,0.1,0,0.3,0,0,0.1,0,0,0,0,0.1,0,0.2,0,0.1,0,0,0,0,0,0,0,0,0,0,0,0,0,0,0
1,33,1,0,0,0,0,0,0,0,0.06,0,0.06,0,0,0.06,0.14,0.06,0.06,0.06,0,0.22,0,0,0,0,0,0.14,0,0,0.08,0.06,0,0,0,0,0,0,0,0,0,0
1,33,2,0,0,0,0,0,0,0,0,0,0,0,0.5,0,0,0,0,0,0,0,0.5,0,0,0,0,0,0,0,0,0,0,0,0,0,0,0,0,0,0,0
1,33,3,0,0,0,0,0,0,0,0,0,0.2,0,0,0,0,0,0,0.2,0,0,0,0,0,0.2,0,0.2,0,0.2,0,0,0,0,0,0,0,0,0,0,0,0
1,33,4,0,0,0,0,0,0,0,0,0.153846153846154,0.138461538461538,0,0.107692307692308,0.0576923076923077,0.153846153846154,0,0.0576923076923077,0,0.0576923076923077,0.0615384615384615,0.0615384615384615,0,0.0576923076923077,0,0,0.0461538461538462,0,0,0.0461538461538462,0,0,0,0,0,0,0,0,0,0,0
1,34,1,0,0,0,0,0,0,0.06,0,0.12,0.06,0.06,0,0,0.14,0.06,0,0.14,0.06,0.06,0,0,0.08,0,0,0.08,0,0,0,0.08,0,0,0,0,0,0,0,0,0,0
1,34,3,0,0,0,0,0,0,0,0,0,0.114285714285714,0,0,0,0.114285714285714,0.2,0.171428571428571,0.0857142857142857,0,0,0,0,0,0.314285714285714,0,0,0,0,0,0,0,0,0,0,0,0,0,0,0,0
1,34,4,0,0,0,0,0,0,0,0,0,0,0,0,0.2,0,0,0.2,0,0.2,0,0,0,0.2,0,0,0.2,0,0,0,0,0,0,0,0,0,0,0,0,0,0
1,35,1,0,0,0,0,0,0,0,0,0,0.0615384615384615,0,0.0461538461538462,0.107692307692308,0,0.0769230769230769,0,0.0461538461538462,0.138461538461538,0,0,0.0461538461538462,0.153846153846154,0,0,0,0.123076923076923,0,0.123076923076923,0,0.0769230769230769,0,0,0,0,0,0,0,0,0
1,35,2,0,0,0,0,0,0,0,0,0,0,0,0,0,0,0,0,0,0,0,0.114285714285714,0,0.0857142857142857,0,0,0.114285714285714,0.0857142857142857,0,0.2,0.285714285714286,0,0,0.114285714285714,0,0,0,0,0,0,0
1,35,3,0,0,0,0,0,0,0,0,0,0,0.114285714285714,0,0.114285714285714,0.114285714285714,0,0,0.0857142857142857,0.0857142857142857,0.2,0.114285714285714,0.0857142857142857,0,0,0,0,0.0857142857142857,0,0,0,0,0,0,0,0,0,0,0,0,0
1,35,4,0,0,0,0,0,0,0,0,0,0,0,0.2,0,0.2,0.2,0.2,0.2,0,0,0,0,0,0,0,0,0,0,0,0,0,0,0,0,0,0,0,0,0,0
1,36,1,0,0,0,0,0,0,0,0.1,0.2,0,0,0,0,0,0,0,0,0.1,0,0.2,0,0.2,0,0.1,0.1,0,0,0,0,0,0,0,0,0,0,0,0,0,0
1,36,2,0,0,0,0,0,0,0,0,0,0,0,0,0.06,0.06,0,0,0.08,0,0,0,0.06,0.08,0.12,0,0,0,0.46,0,0,0.08,0,0,0,0,0,0,0,0,0
1,36,3,0,0,0,0.2,0,0,0,0,0,0,0,0,0,0,0,0,0,0,0,0.2,0,0,0,0.2,0,0,0,0.2,0,0,0.2,0,0,0,0,0,0,0,0
1,36,4,0,0,0,0,0,0,0,0.08,0,0.06,0.28,0,0.08,0.12,0,0,0,0,0,0,0.06,0.06,0.08,0.06,0.06,0,0,0.06,0,0,0,0,0,0,0,0,0,0,0
1,37,1,0,0,0,0,0,0,0,0,0,0,0.06,0.06,0.06,0.06,0,0,0,0.06,0,0.06,0,0,0,0.08,0.2,0.14,0.08,0,0,0.08,0.06,0,0,0,0,0,0,0,0
1,37,2,0,0,0,0,0,0,0,0,0,0,0,0,0.2,0,0,0.0857142857142857,0,0.0857142857142857,0,0,0,0.114285714285714,0,0.0857142857142857,0.2,0.114285714285714,0.114285714285714,0,0,0,0,0,0,0,0,0,0,0,0
1,37,3,0,0,0,0,0,0,0,0,0,0,0,0,0,0,0,0,0,0,0,0,0,0.2,0,0.2,0,0,0,0.2,0,0,0.2,0.2,0,0,0,0,0,0,0
1,37,4,0,0,0,0,0,0,0,0,0,0,0,0,0,0,0,0,0,0.2,0,0,0.2,0.2,0,0,0,0,0.2,0.2,0,0,0,0,0,0,0,0,0,0,0
1,38,1,0,0,0,0,0,0,0,0,0,0,0,0,0,0,0,0,0.2,0,0.2,0.2,0.2,0,0,0,0,0,0,0,0,0,0,0.2,0,0,0,0,0,0,0
1,38,2,0,0,0,0,0,0,0,0,0,0,0,0,0,0,0.2,0,0,0,0,0,0.2,0.4,0.2,0,0,0,0,0,0,0,0,0,0,0,0,0,0,0,0
1,39,1,0,0,0,0,0,0,0,0,0,0.4,0.2,0,0,0,0,0,0,0.2,0,0,0.2,0,0,0,0,0,0,0,0,0,0,0,0,0,0,0,0,0,0
1,39,3,0,0,0,0,0,0,0,0,0,0,0,0,0,0,0,0,0.2,0,0,0.4,0,0,0,0,0.2,0,0,0,0,0,0.2,0,0,0,0,0,0,0,0
1,39,4,0,0,0,0,0,0,0,0,0.2,0,0,0,0,0,0,0,0,0,0,0,0,0,0.2,0,0.2,0.2,0,0.2,0,0,0,0,0,0,0,0,0,0,0
1,40,1,0,0,0,0,0,0,0,0,0,0,0.06,0.08,0.075,0.08,0,0.215,0.14,0.195,0,0,0.075,0,0.08,0,0,0,0,0,0,0,0,0,0,0,0,0,0,0,0
1,40,3,0,0,0,0,0,0,0,0.2,0,0,0.2,0,0,0.2,0,0,0,0,0,0.2,0,0.2,0,0,0,0,0,0,0,0,0,0,0,0,0,0,0,0,0
1,40,4,0,0,0,0,0,0,0,0.166666666666667,0,0,0,0,0.1,0,0.1,0,0,0,0,0,0.166666666666667,0,0.1,0.2,0,0,0,0.166666666666667,0,0,0,0,0,0,0,0,0,0,0
1,41,1,0,0,0,0,0,0,0,0,0,0,0,0,0.2,0,0,0.4,0,0.2,0,0.2,0,0,0,0,0,0,0,0,0,0,0,0,0,0,0,0,0,0,0
1,41,3,0,0,0,0,0,0,0,0,0,0,0,0.2,0,0,0,0,0.2,0.2,0,0,0,0,0,0,0.2,0,0,0,0.2,0,0,0,0,0,0,0,0,0,0
1,41,4,0,0,0,0,0,0,0,0,0,0,0.2,0.2,0,0,0,0,0,0.1,0,0.3,0,0.1,0.1,0,0,0,0,0,0,0,0,0,0,0,0,0,0,0,0
1,43,2,0,0,0,0,0,0,0.4,0,0,0,0,0,0,0,0,0,0,0.2,0,0.2,0,0,0,0,0,0.2,0,0,0,0,0,0,0,0,0,0,0,0,0
1,43,3,0,0,0,0,0,0,0,0,0,0,0,0.4,0.2,0,0,0.2,0,0,0,0,0.2,0,0,0,0,0,0,0,0,0,0,0,0,0,0,0,0,0,0
1,43,4,0,0,0,0,0,0,0,0,0.0909090909090909,0,0.0545454545454546,0.0909090909090909,0,0,0,0,0,0.145454545454545,0,0.0727272727272727,0.0545454545454546,0.0727272727272727,0.145454545454545,0.0545454545454546,0,0,0,0.0727272727272727,0,0.0727272727272727,0,0.0727272727272727,0,0,0,0,0,0,0
1,44,1,0,0,0,0,0,0,0,0,0,0,0,0,0,0,0.2,0,0,0,0,0,0,0,0,0,0.4,0.2,0,0.2,0,0,0,0,0,0,0,0,0,0,0
1,44,2,0,0,0,0,0,0,0,0,0,0,0.19047619047619,0,0,0.0857142857142857,0.0857142857142857,0,0,0,0,0,0,0,0,0,0.171428571428571,0.19047619047619,0.0857142857142857,0.19047619047619,0,0,0,0,0,0,0,0,0,0,0
1,45,1,0,0,0,0,0,0,0,0,0.2,0.2,0.2,0.2,0,0,0,0,0,0,0,0.2,0,0,0,0,0,0,0,0,0,0,0,0,0,0,0,0,0,0,0
1,45,4,0,0,0,0,0,0,0,0,0,0.25,0,0.25,0,0.25,0,0,0,0,0.25,0,0,0,0,0,0,0,0,0,0,0,0,0,0,0,0,0,0,0,0
1,46,1,0,0,0,0,0,0,0,0.1,0,0.1,0.1,0,0,0,0.1,0,0.1,0.1,0,0.1,0.1,0,0,0,0,0.2,0,0,0,0,0,0,0,0,0,0,0,0,0
1,46,4,0,0,0,0,0,0,0,0,0.0857142857142857,0.114285714285714,0,0.171428571428571,0.0857142857142857,0.114285714285714,0,0,0.114285714285714,0,0,0,0,0.114285714285714,0,0.0857142857142857,0,0,0,0,0,0.114285714285714,0,0,0,0,0,0,0,0,0
1,47,1,0,0,0,0,0,0,0,0,0,0,0,0,0,0.4,0,0,0,0,0.4,0,0,0.2,0,0,0,0,0,0,0,0,0,0,0,0,0,0,0,0,0
1,47,2,0,0,0,0,0,0,0,0,0,0.1,0.2,0.2,0.1,0,0,0.1,0.1,0,0,0,0.1,0,0.1,0,0,0,0,0,0,0,0,0,0,0,0,0,0,0,0
1,47,3,0,0,0,0,0,0,0,0.1,0,0.1,0,0,0.2,0.1,0.1,0,0,0,0.1,0.1,0.2,0,0,0,0,0,0,0,0,0,0,0,0,0,0,0,0,0,0
1,49,1,0,0,0,0,0,0,0,0,0.125,0,0.125,0,0.225,0,0,0.1,0,0,0,0,0.125,0.1,0,0.1,0,0,0,0,0.1,0,0,0,0,0,0,0,0,0,0
1,49,3,0,0,0,0,0,0,0,0.06,0,0,0.08,0.26,0.26,0,0.08,0.08,0,0,0,0,0,0.06,0,0.06,0,0.06,0,0,0,0,0,0,0,0,0,0,0,0,0
1,49,4,0,0,0,0,0,0,0,0,0.1,0.1,0.1,0,0.1,0,0,0.1,0,0,0.1,0.1,0.1,0,0.1,0.1,0,0,0,0,0,0,0,0,0,0,0,0,0,0,0
1,51,4,0,0,0,0,0,0,0,0,0.12,0.2,0,0.06,0.22,0,0,0.06,0,0,0,0,0.1,0,0.06,0,0.06,0,0.06,0.06,0,0,0,0,0,0,0,0,0,0,0
1,52,1,0,0,0,0,0,0,0,0.1,0.1,0,0.2,0.1,0.2,0,0,0,0.2,0,0,0,0,0.1,0,0,0,0,0,0,0,0,0,0,0,0,0,0,0,0,0
1,55,1,0,0,0,0,0,0,0,0,0,0.2,0,0.2,0.2,0,0.2,0.2,0,0,0,0,0,0,0,0,0,0,0,0,0,0,0,0,0,0,0,0,0,0,0
1,55,3,0,0,0,0,0,0,0,0,0,0,0,0,0,0,0,0,0,0,0,0,0,0,0.25,0,0,0.25,0,0.25,0.25,0,0,0,0,0,0,0,0,0,0
1,55,4,0,0,0,0,0,0,0.2,0,0,0.2,0.2,0.2,0.2,0,0,0,0,0,0,0,0,0,0,0,0,0,0,0,0,0,0,0,0,0,0,0,0,0,0
1,56,1,0,0,0,0,0,0,0.2,0,0.2,0.2,0,0,0.2,0,0,0.2,0,0,0,0,0,0,0,0,0,0,0,0,0,0,0,0,0,0,0,0,0,0,0
1,56,4,0,0,0,0,0,0,0,0,0,0.4,0.4,0.2,0,0,0,0,0,0,0,0,0,0,0,0,0,0,0,0,0,0,0,0,0,0,0,0,0,0,0
1,57,1,0,0,0,0,0,0,0,0,0.2,0.2,0.4,0,0,0.2,0,0,0,0,0,0,0,0,0,0,0,0,0,0,0,0,0,0,0,0,0,0,0,0,0
1,57,2,0,0,0,0,0,0,0,0,0,0,0,0.4,0.2,0.4,0,0,0,0,0,0,0,0,0,0,0,0,0,0,0,0,0,0,0,0,0,0,0,0,0
2,4,1,0,0,0,0,0,0,0,0,0,0,0,0,0,0,0,0,0,0,0,0.2,0,0.2,0.2,0,0,0,0,0.4,0,0,0,0,0,0,0,0,0,0,0
2,6,4,0,0,0,0,0,0,0.2,0,0,0,0.2,0,0,0,0,0,0.2,0,0,0.2,0,0,0,0,0,0.2,0,0,0,0,0,0,0,0,0,0,0,0,0
2,7,4,0,0,0,0,0,0,0,0,0,0,0,0,0,0,0.2,0,0,0,0,0,0,0.2,0.2,0,0.2,0.2,0,0,0,0,0,0,0,0,0,0,0,0,0
2,8,3,0,0,0,0,0,0,0,0,0,0,0,0,0,0.4,0,0,0,0,0,0.2,0,0,0,0,0,0,0,0,0.2,0.2,0,0,0,0,0,0,0,0,0
2,8,4,0,0,0,0,0,0,0,0,0,0,0,0,0,0,0,0,0,0,0,0.4,0,0,0,0,0,0.2,0.2,0.2,0,0,0,0,0,0,0,0,0,0,0
2,9,1,0,0,0,0,0,0,0.25,0,0,0.25,0,0,0,0,0,0.25,0,0,0,0,0,0,0,0,0,0,0,0,0,0,0,0.25,0,0,0,0,0,0,0
2,9,3,0,0,0,0,0,0,0,0,0,0,0.2,0,0,0,0,0.2,0.2,0,0.2,0,0,0,0,0,0,0.2,0,0,0,0,0,0,0,0,0,0,0,0,0
2,9,4,0,0,0,0,0,0,0,0,0,0,0,0.2,0.2,0,0,0,0,0,0,0,0,0,0.2,0,0.4,0,0,0,0,0,0,0,0,0,0,0,0,0,0
2,11,3,0,0,0,0,0,0,0,0,0,0,0.4,0,0,0,0,0,0.2,0,0,0,0,0,0,0.2,0,0,0.2,0,0,0,0,0,0,0,0,0,0,0,0
2,11,4,0,0,0,0,0,0,0,0,0,0,0,0.2,0,0,0.2,0,0,0,0,0,0,0,0.2,0,0,0.2,0,0,0,0.2,0,0,0,0,0,0,0,0,0
2,13,2,0,0,0,0,0,0,0,0,0.2,0.1,0.1,0,0.1,0,0.1,0,0,0,0.1,0,0,0.1,0,0,0,0,0,0,0,0.2,0,0,0,0,0,0,0,0,0
2,13,3,0,0,0,0,0,0,0,0,0,0,0,0,0,0,0,0,0.25,0.25,0,0,0,0,0,0.25,0,0,0.25,0,0,0,0,0,0,0,0,0,0,0,0
2,14,2,0,0,0,0,0,0,0,0,0,0,0,0,0,0,0,0,0.2,0,0,0.1,0.1,0,0.2,0,0,0,0.1,0,0,0,0.1,0.1,0.1,0,0,0,0,0,0
2,14,4,0,0,0,0,0,0,0,0,0,0,0,0,0,0,0.2,0,0,0,0,0,0.2,0,0,0.2,0,0.2,0,0,0,0.2,0,0,0,0,0,0,0,0,0
2,15,2,0,0,0,0,0,0,0,0,0,0.125,0.125,0,0,0,0,0,0,0,0.125,0.225,0.1,0,0.1,0,0,0,0,0.1,0,0,0,0.1,0,0,0,0,0,0,0
2,18,1,0,0,0,0,0,0,0,0,0,0,0,0.2,0,0,0,0,0,0,0.2,0,0,0,0.2,0,0,0.2,0.2,0,0,0,0,0,0,0,0,0,0,0,0
2,18,2,0,0,0,0,0,0,0,0,0,0.125,0,0,0.125,0,0,0,0,0,0.25,0,0,0.125,0,0,0,0,0.125,0,0,0.25,0,0,0,0,0,0,0,0,0
2,20,1,0,0,0,0,0,0,0,0,0,0,0,0,0,0.2,0,0,0,0.2,0,0,0.2,0.2,0,0,0,0.2,0,0,0,0,0,0,0,0,0,0,0,0,0
2,22,4,0,0,0,0,0,0,0,0,0,0,0.2,0,0,0.2,0,0,0,0,0,0.2,0,0.2,0,0,0,0,0.2,0,0,0,0,0,0,0,0,0,0,0,0
2,23,4,0,0,0,0,0,0,0,0,0.2,0,0.2,0,0,0,0.2,0,0,0,0,0,0.2,0,0,0,0,0,0,0,0,0.2,0,0,0,0,0,0,0,0,0
2,24,4,0,0,0,0,0,0,0,0,0,0,0,0,0.5,0,0,0,0,0,0,0,0,0,0,0,0,0,0,0.5,0,0,0,0,0,0,0,0,0,0,0
2,25,1,0,0,0,0,0,0,0,0,0,0,0,0,0,0,0,0,0,0,0,0.2,0,0,0,0,0,0.2,0.2,0.2,0,0,0.2,0,0,0,0,0,0,0,0
2,28,2,0,0,0,0,0,0,0,0,0.25,0,0,0,0,0,0,0,0,0,0,0,0.25,0,0.5,0,0,0,0,0,0,0,0,0,0,0,0,0,0,0,0
2,28,3,0,0,0,0,0,0,0,0.333333333333333,0,0.333333333333333,0,0,0,0,0,0,0,0,0,0,0,0,0,0,0,0,0.333333333333333,0,0,0,0,0,0,0,0,0,0,0,0
2,30,4,0,0,0,0,0,0,0,0,0,0.2,0,0,0,0,0,0.2,0,0,0.2,0,0,0,0,0,0.4,0,0,0,0,0,0,0,0,0,0,0,0,0,0
2,31,2,0,0,0,0,0,0,0,0,0,0,0,0,0,0,0,0,0,0,0,0,0,0,0,0,1,0,0,0,0,0,0,0,0,0,0,0,0,0,0
2,32,2,0,0,0,0,0,0,0,0,0,0,0,0,0,0,0,0,0,0,0,0,0,0,0,1,0,0,0,0,0,0,0,0,0,0,0,0,0,0,0
2,32,3,0,0,0,0,0,0,0,0,0,0,0,0,0,0,0,0,0,0,0,0,0,0,0,0,0.2,0.2,0,0.2,0.4,0,0,0,0,0,0,0,0,0,0
2,33,3,0,0,0,0,0,0,0,0,0,0,0,0.5,0,0,0,0,0,0,0.5,0,0,0,0,0,0,0,0,0,0,0,0,0,0,0,0,0,0,0,0
2,33,4,0,0,0,0,0,0,0,0,0,0,0,0,0,0,0,0,0,0,0.25,0.25,0,0,0,0.25,0.25,0,0,0,0,0,0,0,0,0,0,0,0,0,0
2,34,1,0,0,0,0,0,0,0,0,0,0,0.25,0,0,0,0.25,0,0,0,0,0,0,0,0,0,0,0,0,0.25,0,0,0.25,0,0,0,0,0,0,0,0
2,34,2,0,0,0,0,0,0,0,0,0,0,0,0,0.5,0,0,0,0,0,0,0,0,0,0.25,0,0,0,0,0,0,0.25,0,0,0,0,0,0,0,0,0
2,34,3,0,0,0,0,0,0,0,0,0,0,0,0,0,0,0,0.5,0,0,0,0,0,0.25,0,0,0,0,0,0,0,0.25,0,0,0,0,0,0,0,0,0
2,35,2,0,0,0,0,0,0,0,0,0,0,0,0,0,0,0,0,0,0,0,0,0,0,0,0,0.333333333333333,0.333333333333333,0,0,0,0.333333333333333,0,0,0,0,0,0,0,0,0
2,35,3,0,0,0,0,0,0,0,0,0,0,0,0,0,0.125,0,0.125,0,0,0.125,0.25,0,0,0,0,0.375,0,0,0,0,0,0,0,0,0,0,0,0,0,0
2,36,2,0,0,0,0,0,0,0,0,0,0,0,0,0,0,0,0,0,0,0,0,0,0,0,0.333333333333333,0,0.666666666666667,0,0,0,0,0,0,0,0,0,0,0,0,0
2,37,1,0,0,0,0,0,0,0,0,0,0,0,0,0.25,0,0,0,0,0,0,0,0,0.25,0,0.25,0,0,0,0,0,0,0,0,0,0.25,0,0,0,0,0
2,37,2,0,0,0,0,0,0,0,0,0,0,0,0,0,0,0,0,0,0,0,0,0.5,0,0,0,0,0,0,0.5,0,0,0,0,0,0,0,0,0,0,0
2,38,1,0,0,0,0,0,0,0,0,0,0,0,0,0,0.2,0,0,0,0,0.2,0.4,0,0,0,0,0,0,0,0,0.2,0,0,0,0,0,0,0,0,0,0
2,38,2,0,0,0,0,0,0,0,0,0,0,0,0,0,0,0,0,0,0,0,0,0.333333333333333,0,0,0,0,0.333333333333333,0,0,0.333333333333333,0,0,0,0,0,0,0,0,0,0
2,39,1,0,0,0,0,0,0,0,0,0.2,0,0.1,0.1,0,0.1,0.1,0,0,0,0,0,0.1,0,0.1,0,0.1,0,0,0.1,0,0,0,0,0,0,0,0,0,0,0
2,39,3,0,0,0,0,0,0,0,0,0.166666666666667,0,0,0,0,0.25,0,0,0,0,0,0.166666666666667,0,0,0.25,0,0,0,0.166666666666667,0,0,0,0,0,0,0,0,0,0,0,0
2,40,3,0,0,0,0,0,0,0,0,0,0,0,0,0,0,0,0,0,0,0,0,0.166666666666667,0,0,0,0,0.166666666666667,0.666666666666667,0,0,0,0,0,0,0,0,0,0,0,0
2,41,1,0,0,0,0,0,0,0,0,0,0,0,0,0,0,0,0.25,0,0.125,0.125,0,0.375,0,0,0.125,0,0,0,0,0,0,0,0,0,0,0,0,0,0,0
2,41,2,0,0,0,0,0,0,0,0,0,0,0,0,0,0,0,0,0,0,0,0,0,0.333333333333333,0,0.333333333333333,0,0.333333333333333,0,0,0,0,0,0,0,0,0,0,0,0,0
2,41,4,0,0,0,0,0,0,0,0,0,0,0.2,0,0,0,0,0,0.2,0,0,0,0,0,0,0,0,0.4,0,0,0.2,0,0,0,0,0,0,0,0,0,0
2,42,1,0,0,0,0,0,0,0,0,0,0,0,0.4,0.2,0,0.2,0,0,0,0,0,0,0,0,0,0,0,0,0,0,0.2,0,0,0,0,0,0,0,0,0
2,42,2,0,0,0,0,0,0,0,0,0,0,0.5,0,0,0,0,0,0,0,0,0,0.5,0,0,0,0,0,0,0,0,0,0,0,0,0,0,0,0,0,0
2,42,4,0,0,0,0,0,0,0,0,0,0,0,0,0.2,0.2,0,0,0.2,0,0.2,0,0,0,0,0,0,0,0,0,0,0,0.2,0,0,0,0,0,0,0,0
2,43,1,0,0,0,0,0,0,0,0,0,0,0,0,0,0,0.4,0,0,0,0,0,0,0.2,0,0,0,0,0,0,0.4,0,0,0,0,0,0,0,0,0,0
2,43,3,0,0,0,0,0,0,0,0,0,0.2,0,0,0,0,0,0,0.2,0,0.4,0,0,0,0,0,0,0.2,0,0,0,0,0,0,0,0,0,0,0,0,0
2,44,2,0,0,0,0,0,0,0,0,0,0.5,0,0,0,0,0,0,0,0.5,0,0,0,0,0,0,0,0,0,0,0,0,0,0,0,0,0,0,0,0,0
2,45,2,0,0,0,0,0,0,0,0,0,0,0,0,0,0,0,0,0,0,0,0,0,0,0.5,0.5,0,0,0,0,0,0,0,0,0,0,0,0,0,0,0
2,46,2,0,0,0,0,0,0,0,0,0,0,0,0,0,0,0,0,0,0,0,0,0,0,0,0,0,0.333333333333333,0.333333333333333,0,0,0,0,0.333333333333333,0,0,0,0,0,0,0
2,47,2,0,0,0,0,0,0,0,0,0,0.2,0,0.2,0,0,0,0,0,0.2,0,0.2,0,0,0,0.2,0,0,0,0,0,0,0,0,0,0,0,0,0,0,0
2,47,3,0,0,0,0,0,0,0,0,0,0,0,0,0,1,0,0,0,0,0,0,0,0,0,0,0,0,0,0,0,0,0,0,0,0,0,0,0,0,0
2,48,1,0,0,0,0,0,0,0,0,0,0,0,0.2,0,0,0.2,0,0,0.2,0,0,0,0.2,0,0,0.2,0,0,0,0,0,0,0,0,0,0,0,0,0,0
2,48,2,0,0,0,0,0,0,0,0,0,0,0.2,0,0,0,0,0,0,0,0.4,0.2,0,0,0.2,0,0,0,0,0,0,0,0,0,0,0,0,0,0,0,0
2,49,3,0,0,0,0,0,0,0,0,0,0,0,0.5,0,0,0.25,0,0,0.25,0,0,0,0,0,0,0,0,0,0,0,0,0,0,0,0,0,0,0,0,0
2,50,1,0,0,0,0,0,0,0,0,0,0,0,0,0,0,0,0,0,0,0,0,0,0,0,0,1,0,0,0,0,0,0,0,0,0,0,0,0,0,0
2,50,2,0,0,0,0,0,0,0,0,0.2,0,0,0,0,0,0,0,0,0,0,0,0,0.2,0.2,0,0,0.2,0.2,0,0,0,0,0,0,0,0,0,0,0,0
2,50,3,0,0,0,0,0,0,0,0,0,0,0,0,0,0.2,0,0.2,0,0,0.2,0,0,0,0.2,0,0,0,0.2,0,0,0,0,0,0,0,0,0,0,0,0
2,50,4,0,0,0,0,0,0,0,0,0,0,0,0,0,0,0,0,0,0,0,0,0,0.333333333333333,0,0,0,0,0,0.666666666666667,0,0,0,0,0,0,0,0,0,0,0
2,51,3,0,0,0,0,0,0,0,0,0,0,0,0,0,0,0,0,0,0,0,0,0,1,0,0,0,0,0,0,0,0,0,0,0,0,0,0,0,0,0
2,52,4,0,0,0,0,0,0,0,0,0,0,0.1,0,0,0,0,0.1,0,0.125,0,0,0.1,0,0,0.25,0,0.225,0,0,0,0.1,0,0,0,0,0,0,0,0,0
2,53,2,0,0,0,0,0,0,0,0,0,0.5,0,0,0,0,0,0,0,0,0,0,0,0,0,0.5,0,0,0,0,0,0,0,0,0,0,0,0,0,0,0
2,53,3,0,0,0,0,0,0,0,0,0,0,0,0,0,0,0,0.1,0,0.5,0.1,0.1,0.1,0,0,0,0,0,0,0.1,0,0,0,0,0,0,0,0,0,0,0
2,54,2,0,0,0,0,0,0,0,0,0,0,0,0,0,0,0,0.5,0,0,0,0.125,0,0,0,0,0.125,0,0,0.25,0,0,0,0,0,0,0,0,0,0,0
2,54,3,0,0,0,0,0,0,0,0,0,0,0,0,0,0,0,0,0,0,0,0,0,0,0,0,0,0.166666666666667,0,0.166666666666667,0,0.666666666666667,0,0,0,0,0,0,0,0,0
2,55,1,0,0,0,0,0,0,0,0,0,0,0,0,0,0,0,0,0,0,0,0.2,0,0,0,0.2,0.2,0,0,0,0.2,0,0.2,0,0,0,0,0,0,0,0
2,55,2,0,0,0,0,0,0,0,0,0,0,0,0,0,0,0.1,0,0.1,0,0,0,0,0.5,0,0,0.1,0,0.1,0,0,0.1,0,0,0,0,0,0,0,0,0
2,55,3,0,0,0,0,0,0,0,0,0,0,0,0.6,0,0.2,0.2,0,0,0,0,0,0,0,0,0,0,0,0,0,0,0,0,0,0,0,0,0,0,0,0
2,55,4,0,0,0,0,0,0,0,0,0,0,0,0,0,0,0,0,0,0,0,0,0.6,0,0.2,0,0,0.2,0,0,0,0,0,0,0,0,0,0,0,0,0
2,56,1,0,0,0,0,0,0,0,0,0,0,0,0,0,0,0,0,0,0,0.2,0.2,0,0,0,0.2,0,0.2,0.2,0,0,0,0,0,0,0,0,0,0,0,0
2,56,2,0,0,0,0,0,0,0,0,0,0,0,0,0,0,0,0,0,0,0,0,0,0,0,0,1,0,0,0,0,0,0,0,0,0,0,0,0,0,0
2,56,3,0,0,0,0,0,0,0,0,0,0.125,0,0,0,0,0,0,0,0,0.25,0,0.166666666666667,0.166666666666667,0,0,0,0.291666666666667,0,0,0,0,0,0,0,0,0,0,0,0,0
2,56,4,0,0,0,0,0,0,0,0,0.2,0,0,0,0,0,0,0,0,0,0,0,0,0.2,0.2,0,0.2,0.2,0,0,0,0,0,0,0,0,0,0,0,0,0
2,57,1,0,0,0,0,0,0,0,0,0,0,0,0.2,0.2,0,0,0,0.2,0.2,0,0,0,0.2,0,0,0,0,0,0,0,0,0,0,0,0,0,0,0,0,0
2,58,3,0,0,0,0,0,0,0,0,0,0,0,0,0,0,0,0,0,0.25,0,0.5,0,0,0,0.25,0,0,0,0,0,0,0,0,0,0,0,0,0,0,0
2,58,4,0,0,0,0,0,0,0,0,0,0,0,0,0,0,0,0.2,0,0,0.2,0,0,0.2,0.2,0,0,0,0.2,0,0,0,0,0,0,0,0,0,0,0,0
2,60,2,0,0,0,0,0,0,0,0,0,0,0,0.2,0,0,0,0,0,0,0,0,0,0.2,0.2,0.2,0,0,0,0,0,0.2,0,0,0,0,0,0,0,0,0
3,8,3,0,0,0,0,0,0,0,0,0,0,0,0,0,0,0.2,0,0,0,0,0,0,0,0,0.2,0,0.4,0,0,0,0.2,0,0,0,0,0,0,0,0,0
3,8,4,0,0,0,0,0,0,0,0,0,0,0,0,0,0,0,0,0,0,0,0.2,0.2,0,0,0,0,0,0.2,0,0,0.2,0,0.2,0,0,0,0,0,0,0
3,9,2,0,0,0,0,0,0,0,0,0,0,0.1,0,0,0,0,0,0,0.1,0.1,0,0,0,0,0.1,0.3,0,0.2,0,0.1,0,0,0,0,0,0,0,0,0,0
3,9,4,0,0,0,0,0,0,0,0,0,0.2,0,0,0,0,0,0,0,0,0,0,0.2,0,0,0,0.2,0.4,0,0,0,0,0,0,0,0,0,0,0,0,0
3,10,1,0,0,0,0,0,0,0,0,0,0.166666666666667,0.166666666666667,0.166666666666667,0,0,0,0.0666666666666667,0.0666666666666667,0.166666666666667,0,0,0,0,0,0,0.133333333333333,0.0666666666666667,0,0,0,0,0,0,0,0,0,0,0,0,0
3,10,4,0,0,0,0,0,0,0,0,0,0,0,0,0,0,0,0.2,0,0,0,0.2,0.2,0,0,0,0,0,0,0,0.2,0,0,0,0,0,0.2,0,0,0,0
3,11,1,0,0,0,0,0,0,0,0,0,0,0,0,0,0,0,0,0,0,0.4,0,0.2,0,0,0,0,0,0.4,0,0,0,0,0,0,0,0,0,0,0,0
3,11,3,0,0,0,0,0,0,0,0,0,0,0,0,0.2,0.2,0,0,0,0,0,0,0,0,0.2,0.2,0,0,0,0.2,0,0,0,0,0,0,0,0,0,0,0
3,11,4,0,0,0,0,0,0,0,0,0,0,0,0,0,0,0,0,0,0,0,0,0,0,0.225,0.425,0.125,0,0.125,0,0.1,0,0,0,0,0,0,0,0,0,0
3,12,1,0,0,0,0,0,0,0,0,0,0,0,0,0,0,0,0,0.25,0,0,0,0,0.25,0,0.25,0.25,0,0,0,0,0,0,0,0,0,0,0,0,0,0
3,12,4,0,0,0,0,0,0,0,0,0,0,0,0,0,0,0,0,0,0,0.2,0,0,0,0.2,0.2,0.2,0,0.2,0,0,0,0,0,0,0,0,0,0,0,0
3,13,1,0,0,0,0,0,0,0,0,0,0,0,0,0,0,0,0.2,0,0,0,0,0,0,0,0.4,0,0.2,0,0,0.2,0,0,0,0,0,0,0,0,0,0
3,13,4,0,0,0,0,0,0,0,0,0,0,0,0,0,0,0,0,0,0,0,0,0,0,0,0.2,0.2,0.2,0.2,0,0.2,0,0,0,0,0,0,0,0,0,0
3,14,1,0,0,0,0,0,0,0,0,0.166666666666667,0,0.333333333333333,0,0,0.166666666666667,0.0666666666666667,0,0,0,0.0666666666666667,0,0,0,0,0,0.133333333333333,0,0,0,0,0,0,0,0,0,0,0,0.0666666666666667,0,0
3,14,4,0,0,0,0,0,0,0,0,0,0,0,0,0,0,0,0,0,0,0,0.2,0.2,0,0.2,0,0,0,0,0,0,0,0.2,0,0.2,0,0,0,0,0,0
3,15,1,0,0,0,0,0,0,0,0,0,0,0,0,0,0,0,0,0,0,0,0,0.2,0,0.2,0,0,0,0,0,0,0.2,0.4,0,0,0,0,0,0,0,0
3,15,4,0,0,0,0,0,0,0,0,0,0,0.1,0,0,0,0,0,0,0,0.2,0,0,0,0.2,0,0.1,0.1,0,0,0.1,0.1,0,0.1,0,0,0,0,0,0,0
3,16,1,0,0,0,0,0,0,0,0,0,0,0.2,0,0,0,0,0,0,0,0,0,0.2,0,0.2,0,0,0.2,0,0,0,0.2,0,0,0,0,0,0,0,0,0
3,16,2,0,0,0,0,0,0,0,0,0.133333333333333,0,0,0.2,0.2,0,0,0.133333333333333,0.0666666666666667,0.133333333333333,0,0,0.0666666666666667,0,0,0,0,0,0.0666666666666667,0,0,0,0,0,0,0,0,0,0,0,0
3,16,3,0,0,0,0,0,0,0,0,0,0,0,0,0,0,0,0,0,0.25,0,0.25,0,0,0,0,0.25,0,0,0.25,0,0,0,0,0,0,0,0,0,0,0
3,17,2,0,0,0,0,0,0,0,0,0,0.2,0,0,0.4,0,0.2,0,0.2,0,0,0,0,0,0,0,0,0,0,0,0,0,0,0,0,0,0,0,0,0,0
3,17,3,0,0,0,0,0,0,0,0,0,0,0,0.2,0.2,0,0.2,0,0,0,0,0,0,0.4,0,0,0,0,0,0,0,0,0,0,0,0,0,0,0,0,0
3,18,2,0,0,0,0,0,0,0,0,0,0,0.133333333333333,0,0.133333333333333,0.266666666666667,0,0,0,0.133333333333333,0,0,0,0,0.0666666666666667,0.0666666666666667,0.0666666666666667,0,0.0666666666666667,0,0,0.0666666666666667,0,0,0,0,0,0,0,0,0
3,20,1,0,0,0,0,0,0,0,0,0.133333333333333,0.0666666666666667,0,0,0.133333333333333,0,0,0,0.133333333333333,0.133333333333333,0.0666666666666667,0,0,0,0,0.0666666666666667,0,0,0.0666666666666667,0.0666666666666667,0.133333333333333,0,0,0,0,0,0,0,0,0,0
3,20,3,0,0,0,0,0,0,0,0,0,0,0.2,0.2,0.2,0,0,0,0,0.4,0,0,0,0,0,0,0,0,0,0,0,0,0,0,0,0,0,0,0,0,0
3,22,4,0,0,0,0,0,0,0,0,0,0,0,0,0.333333333333333,0,0,0,0.333333333333333,0,0,0,0.333333333333333,0,0,0,0,0,0,0,0,0,0,0,0,0,0,0,0,0,0
3,31,1,0,0,0,0,0,0,0,0,0,0,0,0,0,0,0.5,0,0,0,0.5,0,0,0,0,0,0,0,0,0,0,0,0,0,0,0,0,0,0,0,0
3,31,3,0,0,0,0,0,0,0,0,0,0,0,0,0,0,0,0,0,0.25,0,0,0,0,0,0.5,0,0,0,0,0,0.25,0,0,0,0,0,0,0,0,0
3,31,4,0,0,0,0,0,0,0,0,0,0,0,0,0,0,0,0,0,0,0,0,0,0,0.2,0.2,0.2,0.2,0,0,0.2,0,0,0,0,0,0,0,0,0,0
3,32,3,0,0,0,0,0,0,0,0,0,0,0,0,0,0.1,0,0,0,0,0,0,0.1,0.1,0.1,0.1,0.2,0,0.1,0,0.1,0.1,0,0,0,0,0,0,0,0,0
3,32,4,0,0,0,0,0,0,0,0,0,0,0,0,0,0,0,0,0,0,0.5,0,0,0,0,0,0,0,0,0.5,0,0,0,0,0,0,0,0,0,0,0
3,34,2,0,0,0,0,0,0,0,0,0,0,0,0,0,0,0,0.333333333333333,0,0,0,0,0.333333333333333,0,0,0.333333333333333,0,0,0,0,0,0,0,0,0,0,0,0,0,0,0
3,37,2,0,0,0,0,0,0,0,0,0,0,0,0,0,0,0,0,1,0,0,0,0,0,0,0,0,0,0,0,0,0,0,0,0,0,0,0,0,0,0
3,39,1,0,0,0,0,0,0,0,0,0,0,0,0,0,0,0,0,0,0,0.25,0,0,0,0,0.75,0,0,0,0,0,0,0,0,0,0,0,0,0,0,0
3,41,2,0,0,0,0,0,0,0,0,0,0,0,0,0,0,0,0,0,0,0,0,0,0.25,0,0.25,0,0.25,0.25,0,0,0,0,0,0,0,0,0,0,0,0
3,52,4,0,0,0,0,0,0,0,0,0,0,0,0,0,0,0,0,0.5,0,0.5,0,0,0,0,0,0,0,0,0,0,0,0,0,0,0,0,0,0,0,0
3,53,2,0,0,0,0,0,0,0,0,0,0,0,0,0,0.5,0,0,0,0,0,0,0,0,0,0,0,0,0,0.5,0,0,0,0,0,0,0,0,0,0,0
3,55,3,0,0,0,0,0,0,0,0,0,0,0,0,0,0,0,0,0,0,0,0,0,0,0.25,0,0,0.25,0,0.25,0.25,0,0,0,0,0,0,0,0,0,0
3,56,3,0,0,0,0,0,0,0,0.5,0,0,0.25,0.25,0,0,0,0,0,0,0,0,0,0,0,0,0,0,0,0,0,0,0,0,0,0,0,0,0,0,0
4,3,1,0,0,0,0,0,0,0,0,0,0,0,0,0,0,0,0,0,0,0,0,0,0,0,0,0.4,0.4,0,0.2,0,0,0,0,0,0,0,0,0,0,0
4,3,2,0,0,0,0,0,0,0,0,0.0222222222222222,0,0,0.0888888888888889,0.0222222222222222,0.0888888888888889,0,0,0,0,0.0888888888888889,0.0222222222222222,0,0,0.288888888888889,0,0,0,0.111111111111111,0,0.0888888888888889,0.177777777777778,0,0,0,0,0,0,0,0,0
4,3,3,0,0,0,0,0,0,0,0,0.0222222222222222,0.0222222222222222,0.0222222222222222,0.0222222222222222,0.0222222222222222,0,0.0888888888888889,0.0888888888888889,0,0,0,0,0.266666666666667,0.0888888888888889,0.266666666666667,0,0,0.0888888888888889,0,0,0,0,0,0,0,0,0,0,0,0,0
4,3,4,0,0,0,0,0,0,0,0,0.0222222222222222,0.0222222222222222,0,0.0222222222222222,0,0,0,0.0888888888888889,0.0888888888888889,0.0888888888888889,0.0222222222222222,0.2,0,0,0,0.177777777777778,0,0,0,0.177777777777778,0.0888888888888889,0,0,0,0,0,0,0,0,0,0
4,4,1,0,0,0,0,0,0,0,0,0.02,0.08,0,0.18,0,0,0,0,0,0.1,0,0,0.12,0.16,0,0,0.16,0,0,0.1,0,0.08,0,0,0,0,0,0,0,0,0
4,4,2,0,0,0,0,0,0,0,0,0,0,0,0.16,0.16,0.04,0.04,0,0.16,0.04,0.04,0,0.32,0,0,0,0.04,0,0,0,0,0,0,0,0,0,0,0,0,0,0
4,4,3,0,0,0,0,0,0,0,0.2,0,0.2,0,0,0,0.2,0,0.2,0,0,0.2,0,0,0,0,0,0,0,0,0,0,0,0,0,0,0,0,0,0,0,0
4,4,4,0,0,0,0,0,0,0,0,0.0333333333333333,0.166666666666667,0.166666666666667,0,0.0333333333333333,0,0,0.0333333333333333,0,0.0666666666666667,0.0333333333333333,0.0333333333333333,0,0,0.133333333333333,0.133333333333333,0,0,0.0333333333333333,0.133333333333333,0,0,0,0,0,0,0,0,0,0,0
4,5,1,0,0,0,0,0,0,0,0,0,0.02,0,0.02,0.08,0.08,0,0.1,0.12,0,0.02,0,0.08,0.2,0.02,0,0,0.16,0,0,0.08,0,0,0,0,0.02,0,0,0,0,0
4,5,2,0,0,0,0,0,0,0,0,0,0,0,0,0.0222222222222222,0,0,0.0888888888888889,0,0.0222222222222222,0,0.0222222222222222,0.0888888888888889,0.177777777777778,0.0222222222222222,0,0.177777777777778,0,0.111111111111111,0.0888888888888889,0,0.0888888888888889,0,0,0.0888888888888889,0,0,0,0,0,0
4,5,3,0,0,0,0,0,0,0,0,0,0,0,0,0.16,0.04,0,0,0.04,0.4,0.04,0,0.16,0,0,0.16,0,0,0,0,0,0,0,0,0,0,0,0,0,0,0
4,5,4,0,0,0,0,0,0,0,0,0,0.02,0.02,0,0,0,0,0,0,0.04,0.08,0,0.08,0.1,0.04,0.18,0.16,0.08,0.02,0,0.16,0,0,0,0.02,0,0,0,0,0,0
4,6,1,0,0,0,0,0,0,0,0,0,0.0444444444444444,0.0888888888888889,0,0,0,0,0.0888888888888889,0,0,0,0.177777777777778,0.111111111111111,0.0888888888888889,0,0.177777777777778,0,0.0888888888888889,0.111111111111111,0,0,0.0222222222222222,0,0,0,0,0,0,0,0,0
4,6,2,0,0,0,0,0,0,0,0,0,0.04,0.04,0.16,0,0.04,0,0,0,0,0,0.04,0,0,0.16,0.04,0,0.32,0,0,0,0.16,0,0,0,0,0,0,0,0,0
4,6,3,0,0,0,0,0,0,0,0,0.04,0,0.04,0,0.16,0.04,0.04,0.16,0,0.2,0,0,0,0,0,0,0.16,0.16,0,0,0,0,0,0,0,0,0,0,0,0,0
4,6,4,0,0,0,0,0,0,0,0,0.04,0,0,0,0,0,0.2,0.2,0,0.2,0,0,0,0.16,0,0.16,0,0,0,0,0.04,0,0,0,0,0,0,0,0,0,0
4,7,1,0,0,0,0,0,0,0,0,0.02,0,0,0,0,0.02,0,0.02,0.16,0.18,0.12,0.02,0,0,0.04,0,0,0.1,0.08,0.08,0.08,0,0,0,0,0.08,0,0,0,0,0
4,7,2,0,0,0,0,0,0,0,0.0285714285714286,0,0.142857142857143,0.0285714285714286,0.0571428571428571,0,0.142857142857143,0.0285714285714286,0.0571428571428571,0,0,0.0285714285714286,0.0285714285714286,0,0,0,0.142857142857143,0.114285714285714,0,0,0.0285714285714286,0.0285714285714286,0.0285714285714286,0,0.114285714285714,0,0,0,0,0,0,0
4,7,3,0,0,0,0,0,0,0,0,0,0,0,0,0.04,0,0.266666666666667,0,0.04,0.306666666666667,0,0,0.266666666666667,0.04,0,0.04,0,0,0,0,0,0,0,0,0,0,0,0,0,0,0
4,7,4,0,0,0,0,0,0,0,0,0.0222222222222222,0,0,0.0888888888888889,0,0.133333333333333,0,0,0.0888888888888889,0,0,0.0444444444444444,0,0,0.0888888888888889,0.0888888888888889,0.177777777777778,0.177777777777778,0,0,0,0,0.0888888888888889,0,0,0,0,0,0,0,0
4,8,1,0,0,0,0,0,0,0,0,0.0181818181818182,0.0363636363636364,0.0363636363636364,0.0727272727272727,0.0727272727272727,0,0.0727272727272727,0.0727272727272727,0.0727272727272727,0.0727272727272727,0.0181818181818182,0,0.0727272727272727,0,0.163636363636364,0,0.0181818181818182,0,0.0181818181818182,0.109090909090909,0,0,0,0,0.0727272727272727,0,0,0,0,0,0
4,8,2,0,0,0,0,0,0,0,0,0,0,0.04,0.04,0,0.04,0,0,0,0.04,0.16,0,0.16,0.04,0,0.16,0.32,0,0,0,0,0,0,0,0,0,0,0,0,0,0
4,8,3,0,0,0,0,0,0,0,0,0,0,0,0,0,0.114285714285714,0.2,0.142857142857143,0.0285714285714286,0,0.0285714285714286,0,0,0,0,0.171428571428571,0,0.228571428571429,0,0.0285714285714286,0,0.0571428571428571,0,0,0,0,0,0,0,0,0
4,8,4,0,0,0,0,0,0,0,0,0,0,0,0,0.0307692307692308,0.0307692307692308,0.0923076923076923,0,0,0.0307692307692308,0.0307692307692308,0.0153846153846154,0.0461538461538462,0,0.0307692307692308,0.123076923076923,0,0.246153846153846,0.169230769230769,0,0,0.0153846153846154,0,0.0153846153846154,0,0,0.123076923076923,0,0,0,0
4,9,1,0,0,0,0,0,0,0,0.0303030303030303,0,0,0.145454545454545,0,0.145454545454545,0,0,0,0,0.103030303030303,0,0.0909090909090909,0,0.0181818181818182,0.103030303030303,0.0363636363636364,0.272727272727273,0.0181818181818182,0.0181818181818182,0,0.0181818181818182,0,0,0,0,0,0,0,0,0,0
4,9,2,0,0,0,0,0,0,0,0,0,0.0266666666666667,0.0346666666666667,0,0.064,0.016,0,0,0.096,0.008,0.008,0.016,0.064,0.064,0,0.032,0.072,0.208,0.218666666666667,0,0.008,0,0,0.064,0,0,0,0,0,0,0
4,9,3,0,0,0,0,0,0,0,0,0.0333333333333333,0.0333333333333333,0.0333333333333333,0.266666666666667,0,0,0,0.0333333333333333,0,0.0333333333333333,0.166666666666667,0,0.0333333333333333,0,0,0.166666666666667,0,0,0,0.0333333333333333,0.0333333333333333,0,0.133333333333333,0,0,0,0,0,0,0,0
4,9,4,0,0,0,0,0,0,0,0.0307692307692308,0,0.0769230769230769,0,0.0307692307692308,0,0.0307692307692308,0,0,0,0.123076923076923,0,0.0615384615384615,0.138461538461538,0.0307692307692308,0,0,0.138461538461538,0.0615384615384615,0,0.123076923076923,0,0.0307692307692308,0,0.123076923076923,0,0,0,0,0,0,0
4,10,1,0,0,0,0,0,0,0,0,0.1,0,0,0.03125,0,0,0.3,0.075,0.05,0.025,0,0,0,0.125,0.03125,0,0.1,0.08125,0,0.025,0.05625,0,0,0,0,0,0,0,0,0,0
4,10,2,0,0,0,0,0,0,0,0,0,0,0.0666666666666667,0.3,0,0,0.166666666666667,0,0.133333333333333,0,0,0.0666666666666667,0,0,0.0333333333333333,0.133333333333333,0.0333333333333333,0,0,0.0333333333333333,0,0,0,0.0333333333333333,0,0,0,0,0,0,0
4,10,4,0,0,0,0,0,0,0,0,0,0,0,0.0761904761904762,0.0761904761904762,0,0.0380952380952381,0.123809523809524,0,0,0.0571428571428571,0.2,0.104761904761905,0.019047619047619,0.019047619047619,0.152380952380952,0.0952380952380952,0,0,0,0.00952380952380952,0.019047619047619,0,0,0,0,0.00952380952380952,0,0,0,0
4,11,1,0,0,0,0,0,0,0,0,0,0,0,0,0.0666666666666667,0,0.037037037037037,0,0,0,0.133333333333333,0.237037037037037,0.133333333333333,0.0222222222222222,0.037037037037037,0,0.2,0,0.111111111111111,0,0,0.0222222222222222,0,0,0,0,0,0,0,0,0
4,11,2,0,0,0,0,0,0,0,0,0,0.04,0.04,0,0.16,0.04,0,0,0,0.04,0,0,0,0.16,0.04,0,0,0,0,0.16,0,0.32,0,0,0,0,0,0,0,0,0
4,11,3,0,0,0,0,0,0,0,0,0,0,0,0,0.0222222222222222,0.0222222222222222,0,0,0.177777777777778,0,0,0,0.177777777777778,0.177777777777778,0.0222222222222222,0.0222222222222222,0,0,0.177777777777778,0.2,0,0,0,0,0,0,0,0,0,0,0
4,11,4,0,0,0,0,0,0,0,0,0,0,0,0.064,0,0.032,0.032,0.016,0.064,0.016,0,0,0,0.032,0.042,0.298,0.042,0.064,0.01,0.128,0.16,0,0,0,0,0,0,0,0,0,0
4,12,1,0,0,0,0,0,0,0,0.0166666666666667,0.0166666666666667,0,0.0166666666666667,0,0,0,0,0.133333333333333,0.0916666666666667,0.0166666666666667,0,0.0666666666666667,0,0.108333333333333,0.0833333333333333,0.141666666666667,0.0416666666666667,0.0666666666666667,0,0.0666666666666667,0,0.0666666666666667,0,0.0666666666666667,0,0,0,0,0,0,0
4,12,3,0,0,0,0,0,0,0,0,0,0,0,0,0,0,0,0.4,0,0,0.2,0,0.2,0,0,0,0,0.2,0,0,0,0,0,0,0,0,0,0,0,0,0
4,12,4,0,0,0,0,0,0,0,0,0,0.025,0.025,0.025,0,0.025,0.025,0.025,0,0.1,0.05,0.125,0.125,0,0.15,0.075,0.05,0,0.075,0,0.1,0,0,0,0,0,0,0,0,0,0
4,13,1,0,0,0,0,0,0,0,0,0,0.0153846153846154,0.0769230769230769,0,0.0615384615384615,0,0.153846153846154,0.0923076923076923,0,0.0153846153846154,0.0153846153846154,0.0307692307692308,0.2,0.0615384615384615,0.0307692307692308,0.0769230769230769,0.0153846153846154,0.0461538461538462,0,0.0153846153846154,0.0923076923076923,0,0,0,0,0,0,0,0,0,0
4,13,2,0,0,0,0,0,0,0,0,0,0.1,0,0.02,0,0.2,0,0,0.08,0.1,0.02,0,0.02,0,0.2,0.1,0.06,0,0,0,0,0.1,0,0,0,0,0,0,0,0,0
4,13,3,0,0,0,0,0,0,0,0,0,0.0888888888888889,0,0.0222222222222222,0,0,0.0222222222222222,0,0,0.177777777777778,0,0,0.0444444444444444,0.0888888888888889,0.177777777777778,0,0.177777777777778,0.111111111111111,0,0,0,0,0.0888888888888889,0,0,0,0,0,0,0,0
4,13,4,0,0,0,0,0,0,0,0,0,0,0,0,0.1,0.0333333333333333,0.183333333333333,0.0666666666666667,0.0166666666666667,0,0,0.15,0,0,0.0666666666666667,0.1,0.0333333333333333,0.116666666666667,0.1,0,0.0333333333333333,0,0,0,0,0,0,0,0,0,0
4,14,1,0,0,0,0,0,0,0,0,0,0.0166666666666667,0,0,0,0,0.0333333333333333,0.0666666666666667,0.0166666666666667,0.0166666666666667,0.216666666666667,0.0166666666666667,0.0833333333333333,0.0833333333333333,0,0.0166666666666667,0.0666666666666667,0.133333333333333,0.0666666666666667,0.0666666666666667,0.0666666666666667,0,0,0,0,0,0,0,0.0333333333333333,0,0
4,14,2,0,0,0,0,0,0,0,0,0.0727272727272727,0,0.0363636363636364,0,0,0,0.0181818181818182,0,0,0.0545454545454546,0.145454545454545,0.109090909090909,0.0181818181818182,0.0363636363636364,0.0727272727272727,0.181818181818182,0.0727272727272727,0.0181818181818182,0.0181818181818182,0.0727272727272727,0,0.0727272727272727,0,0,0,0,0,0,0,0,0
4,14,3,0,0,0,0,0,0,0,0,0,0,0.0333333333333333,0,0,0,0,0.0666666666666667,0.133333333333333,0.133333333333333,0,0.0666666666666667,0.0333333333333333,0.0333333333333333,0.133333333333333,0,0,0,0.0333333333333333,0.166666666666667,0.133333333333333,0,0.0333333333333333,0,0,0,0,0,0,0,0
4,14,4,0,0,0,0,0,0,0,0,0,0,0,0.114285714285714,0,0.142857142857143,0.114285714285714,0.0571428571428571,0,0,0,0.0571428571428571,0.0571428571428571,0.114285714285714,0.0571428571428571,0,0.0285714285714286,0.142857142857143,0,0,0,0,0.0571428571428571,0,0.0571428571428571,0,0,0,0,0,0
4,15,1,0,0,0,0,0,0,0.0192307692307692,0,0.0192307692307692,0,0.0615384615384615,0,0,0.0807692307692308,0.0769230769230769,0.0615384615384615,0.0961538461538462,0,0,0.0615384615384615,0.184615384615385,0.0307692307692308,0.0307692307692308,0.0153846153846154,0.0769230769230769,0,0,0.0615384615384615,0,0.0307692307692308,0.0615384615384615,0.0307692307692308,0,0,0,0,0,0,0
4,15,2,0,0,0,0,0,0,0,0,0,0,0,0.2,0.1,0.1,0,0.1,0,0,0,0,0,0,0,0,0.1,0.1,0.1,0,0.1,0,0,0,0.1,0,0,0,0,0,0
4,15,3,0,0,0,0,0,0,0,0,0,0.0333333333333333,0,0.166666666666667,0.0333333333333333,0,0,0,0.0666666666666667,0,0.0333333333333333,0.133333333333333,0.133333333333333,0,0.266666666666667,0.0333333333333333,0.0333333333333333,0.0333333333333333,0.0333333333333333,0,0,0,0,0,0,0,0,0,0,0,0
4,15,4,0,0,0,0,0,0,0,0,0,0,0.0588235294117647,0,0.0235294117647059,0.0235294117647059,0.0235294117647059,0,0,0.0941176470588235,0.0588235294117647,0.0941176470588235,0.0235294117647059,0.0235294117647059,0.282352941176471,0,0.0117647058823529,0.117647058823529,0,0,0.0117647058823529,0.105882352941176,0,0.0470588235294118,0,0,0,0,0,0,0
4,16,1,0,0,0,0,0,0,0,0,0,0,0.0333333333333333,0.133333333333333,0.0833333333333333,0,0.05,0.2,0,0,0.0666666666666667,0,0.0666666666666667,0.0833333333333333,0.1,0,0,0.1,0.0166666666666667,0.0333333333333333,0,0.0333333333333333,0,0,0,0,0,0,0,0,0
4,16,2,0,0,0,0,0,0,0,0,0.0727272727272727,0,0,0.0363636363636364,0.0545454545454546,0,0,0.0727272727272727,0.0363636363636364,0.0363636363636364,0.0727272727272727,0,0.0363636363636364,0.0727272727272727,0,0.0727272727272727,0.0727272727272727,0.0727272727272727,0.127272727272727,0.145454545454545,0.0181818181818182,0,0,0,0,0,0,0,0,0,0
4,16,3,0,0,0,0,0,0,0,0,0,0,0,0,0.16,0,0,0,0.08,0.13,0.08,0.05,0.08,0,0,0,0.05,0,0.08,0.13,0.08,0,0,0,0.08,0,0,0,0,0,0
4,16,4,0,0,0,0,0,0,0,0,0,0,0.02,0,0.1,0,0.02,0.04,0.08,0.16,0.08,0.18,0,0,0.1,0.12,0.08,0,0.02,0,0,0,0,0,0,0,0,0,0,0,0
4,17,1,0,0,0,0,0,0,0,0,0,0.02,0,0.02,0,0,0.02,0.1,0.1,0.04,0.08,0.1,0.18,0,0.18,0,0,0.16,0,0,0,0,0,0,0,0,0,0,0,0,0
4,17,2,0,0,0,0,0,0,0,0.0285714285714286,0,0,0,0,0.0642857142857143,0.114285714285714,0.0285714285714286,0,0,0,0.114285714285714,0.0285714285714286,0,0.178571428571429,0.171428571428571,0.0357142857142857,0.178571428571429,0,0.0285714285714286,0,0,0,0,0,0,0,0.0285714285714286,0,0,0,0
4,17,4,0,0,0,0,0,0,0,0,0,0.133333333333333,0,0.166666666666667,0,0,0.133333333333333,0.0333333333333333,0.0333333333333333,0.0333333333333333,0.0333333333333333,0.1,0.0333333333333333,0,0,0.133333333333333,0,0,0.133333333333333,0.0333333333333333,0,0,0,0,0,0,0,0,0,0,0
4,18,1,0,0,0,0,0,0,0,0,0,0,0.103030303030303,0,0.0181818181818182,0,0,0,0.248484848484849,0.175757575757576,0.0181818181818182,0,0.0181818181818182,0.0181818181818182,0.145454545454545,0.0909090909090909,0.0727272727272727,0.0545454545454546,0.0363636363636364,0,0,0,0,0,0,0,0,0,0,0,0
4,18,2,0,0,0,0,0,0,0,0,0,0,0,0,0,0,0,0,0,0.16140350877193,0.0842105263157895,0,0.0210526315789474,0.189473684210526,0.235087719298246,0.0947368421052632,0.0315789473684211,0.0210526315789474,0.0105263157894737,0.140350877192982,0,0.0105263157894737,0,0,0,0,0,0,0,0,0
4,18,3,0,0,0,0,0,0,0,0,0,0.0888888888888889,0.0222222222222222,0,0,0,0.0888888888888889,0,0,0.0888888888888889,0.0222222222222222,0,0.0222222222222222,0.266666666666667,0,0.0444444444444444,0.266666666666667,0,0.0888888888888889,0,0,0,0,0,0,0,0,0,0,0,0
4,18,4,0,0,0,0,0,0,0,0,0,0,0,0,0,0.02,0,0,0.04,0.02,0,0.1,0.04,0.1,0,0.08,0.02,0.12,0.1,0,0.1,0.18,0.08,0,0,0,0,0,0,0,0
4,19,1,0,0,0,0,0,0,0,0,0,0,0,0,0,0.0888888888888889,0,0,0.0888888888888889,0.0222222222222222,0,0.0888888888888889,0.111111111111111,0.0888888888888889,0,0,0.2,0.0888888888888889,0.0888888888888889,0,0,0.111111111111111,0.0222222222222222,0,0,0,0,0,0,0,0
4,19,2,0,0,0,0,0,0,0,0,0,0.0555555555555556,0,0.0333333333333333,0,0.133333333333333,0,0,0.0888888888888889,0.266666666666667,0.0333333333333333,0,0,0.133333333333333,0,0,0.0333333333333333,0.188888888888889,0,0,0,0.0333333333333333,0,0,0,0,0,0,0,0,0
4,19,3,0,0,0,0,0,0,0,0,0.0888888888888889,0.0222222222222222,0.0222222222222222,0,0.111111111111111,0,0.0222222222222222,0,0,0,0.0888888888888889,0.0222222222222222,0.0888888888888889,0,0,0,0.355555555555556,0,0,0.0888888888888889,0.0888888888888889,0,0,0,0,0,0,0,0,0,0
4,19,4,0,0,0,0,0,0,0,0,0,0.02,0,0.16,0.02,0.02,0.02,0,0,0,0,0.16,0.02,0.08,0.2,0.1,0,0,0.08,0.08,0,0.04,0,0,0,0,0,0,0,0,0
4,20,1,0,0,0,0,0,0,0,0,0,0.0363636363636364,0.0727272727272727,0,0.0181818181818182,0,0.0909090909090909,0.0181818181818182,0.0727272727272727,0,0.0363636363636364,0.0727272727272727,0,0.0727272727272727,0.145454545454545,0.0363636363636364,0.0181818181818182,0.163636363636364,0.0363636363636364,0.0363636363636364,0,0.0727272727272727,0,0,0,0,0,0,0,0,0
4,20,2,0,0,0,0,0,0,0,0,0,0,0.08,0,0,0,0,0.2,0,0.04,0.16,0,0,0.16,0,0.16,0,0,0.2,0,0,0,0,0,0,0,0,0,0,0,0
4,20,3,0,0,0,0,0,0,0,0,0,0.0888888888888889,0.0222222222222222,0.111111111111111,0,0,0,0.0222222222222222,0,0.0888888888888889,0,0,0.288888888888889,0,0.0888888888888889,0,0.177777777777778,0.111111111111111,0,0,0,0,0,0,0,0,0,0,0,0,0
4,20,4,0,0,0,0,0,0,0,0,0.0222222222222222,0,0.0888888888888889,0,0.311111111111111,0,0,0.0888888888888889,0,0,0,0,0.0888888888888889,0.0888888888888889,0.111111111111111,0.0888888888888889,0.0222222222222222,0,0,0,0.0888888888888889,0,0,0,0,0,0,0,0,0,0
4,21,1,0,0,0,0,0,0,0,0,0,0.0888888888888889,0,0.0888888888888889,0,0.0222222222222222,0,0.0888888888888889,0,0.0888888888888889,0,0,0,0,0.111111111111111,0.177777777777778,0,0.111111111111111,0.0888888888888889,0.111111111111111,0,0.0222222222222222,0,0,0,0,0,0,0,0,0
4,21,2,0,0,0,0,0,0,0,0,0,0,0,0.1,0,0,0,0,0.1,0,0.1,0.1,0.2,0.1,0,0,0,0.1,0.1,0.1,0,0,0,0,0,0,0,0,0,0,0
4,21,3,0,0,0,0,0,0,0,0,0.2,0,0,0,0,0,0,0.2,0,0,0.2,0,0.2,0.2,0,0,0,0,0,0,0,0,0,0,0,0,0,0,0,0,0
4,21,4,0,0,0,0,0,0,0,0,0,0.0222222222222222,0.0888888888888889,0.0222222222222222,0.0888888888888889,0,0,0,0,0,0.0888888888888889,0.177777777777778,0,0.0222222222222222,0.0222222222222222,0.288888888888889,0.0888888888888889,0.0888888888888889,0,0,0,0,0,0,0,0,0,0,0,0,0
4,22,1,0,0,0,0,0,0,0,0,0,0.12,0,0.02,0,0,0.16,0,0.04,0,0.02,0.08,0.1,0.16,0.1,0.04,0.16,0,0,0,0,0,0,0,0,0,0,0,0,0,0
4,22,3,0,0,0,0,0,0,0,0,0,0,0,0,0.2,0,0,0,0,0,0,0,0,0.2,0.2,0,0,0.2,0,0.2,0,0,0,0,0,0,0,0,0,0,0
4,22,4,0,0,0,0,0,0,0,0,0,0,0,0,0.0666666666666667,0,0.16,0.18,0.0666666666666667,0,0,0,0.0666666666666667,0,0.1,0,0.18,0,0.18,0,0,0,0,0,0,0,0,0,0,0,0
4,23,1,0,0,0,0,0,0,0,0,0,0,0,0,0.1,0,0.1,0.1,0.1,0,0,0.1,0,0.1,0.1,0.1,0,0.1,0.1,0,0,0,0,0,0,0,0,0,0,0,0
4,23,3,0,0,0,0,0,0,0,0,0,0,0,0,0,0,0.2,0,0.2,0,0,0,0.2,0,0,0.2,0,0,0,0.2,0,0,0,0,0,0,0,0,0,0,0
4,23,4,0,0,0,0,0,0,0,0,0,0,0.16,0.04,0.16,0.16,0,0,0,0,0,0,0.04,0.2,0.16,0.04,0,0,0,0.04,0,0,0,0,0,0,0,0,0,0,0
4,24,1,0,0,0,0,0,0,0,0,0.02,0.08,0,0,0.14,0,0.02,0,0.08,0,0.02,0.08,0.02,0.1,0.08,0.02,0,0.02,0.16,0,0,0.08,0.08,0,0,0,0,0,0,0,0
4,24,2,0,0,0,0,0,0,0,0,0,0.1,0.1,0.1,0,0,0,0,0,0.1,0,0.125,0.125,0.225,0,0,0,0,0,0.125,0,0,0,0,0,0,0,0,0,0,0
4,24,3,0,0,0,0,0,0,0,0,0,0.08,0.16,0,0.04,0,0.16,0,0.04,0,0,0,0,0.16,0,0.16,0,0.04,0.16,0,0,0,0,0,0,0,0,0,0,0,0
4,24,4,0,0,0,0,0,0,0,0.0333333333333333,0,0,0.0833333333333333,0.0333333333333333,0,0.0333333333333333,0.0833333333333333,0,0,0,0.0333333333333333,0,0,0,0.133333333333333,0,0.133333333333333,0.133333333333333,0.133333333333333,0,0.0333333333333333,0,0,0,0.133333333333333,0,0,0,0,0,0
4,25,1,0,0,0,0,0,0,0,0,0,0,0.02,0,0.02,0,0.02,0.08,0.24,0,0.04,0,0.06,0.08,0.08,0.08,0.04,0,0,0.08,0.08,0,0,0.08,0,0,0,0,0,0,0
4,25,2,0,0,0,0,0,0,0,0,0,0,0,0,0,0,0.1,0,0.2,0.2,0,0,0.2,0,0,0,0.1,0,0.1,0,0.1,0,0,0,0,0,0,0,0,0,0
4,25,3,0,0,0,0,0,0,0,0,0,0,0,0,0,0,0,0,0,0.2,0.4,0,0,0,0.2,0,0,0,0,0,0,0,0.2,0,0,0,0,0,0,0,0
4,26,1,0,0,0,0,0,0,0,0,0,0.0222222222222222,0,0,0.0888888888888889,0,0.0888888888888889,0.0222222222222222,0.0222222222222222,0,0,0.0888888888888889,0.111111111111111,0.266666666666667,0,0,0.0888888888888889,0.0888888888888889,0.111111111111111,0,0,0,0,0,0,0,0,0,0,0,0
4,26,2,0,0,0,0,0,0,0,0,0,0.2,0.2,0,0,0.2,0,0,0,0,0,0,0,0,0,0,0,0.2,0,0.2,0,0,0,0,0,0,0,0,0,0,0
4,26,3,0,0,0,0,0,0,0,0,0,0.25,0,0.25,0,0.25,0,0,0,0,0,0,0,0,0,0,0.25,0,0,0,0,0,0,0,0,0,0,0,0,0,0
4,26,4,0,0,0,0,0,0,0,0,0,0,0,0,0,0,0,0.2,0.1,0.1,0.1,0,0,0.1,0.3,0,0.1,0,0,0,0,0,0,0,0,0,0,0,0,0,0
4,27,1,0,0,0,0,0,0,0,0,0,0,0,0.111111111111111,0,0.0888888888888889,0,0,0,0,0.0222222222222222,0.0222222222222222,0.0222222222222222,0.177777777777778,0.177777777777778,0,0,0.0222222222222222,0.0888888888888889,0.0888888888888889,0.0888888888888889,0.0888888888888889,0,0,0,0,0,0,0,0,0
4,27,2,0,0,0,0,0,0,0,0.0888888888888889,0,0,0.0277777777777778,0,0,0.0277777777777778,0,0,0.0888888888888889,0,0.177777777777778,0.0277777777777778,0,0.116666666666667,0,0,0,0.0888888888888889,0.0888888888888889,0.266666666666667,0,0,0,0,0,0,0,0,0,0,0
4,27,3,0,0,0,0,0,0,0.2,0,0,0,0,0,0.2,0,0,0,0.2,0,0,0.2,0,0.2,0,0,0,0,0,0,0,0,0,0,0,0,0,0,0,0,0
4,27,4,0,0,0,0,0,0,0,0,0,0.1,0.2,0,0.1,0,0,0.1,0,0,0,0,0,0.1,0,0,0,0.1,0,0.1,0.2,0,0,0,0,0,0,0,0,0,0
4,28,1,0,0,0,0,0,0,0,0,0,0,0.0888888888888889,0.0222222222222222,0,0.0222222222222222,0.177777777777778,0,0,0.0222222222222222,0.177777777777778,0,0,0.0888888888888889,0.0444444444444444,0,0,0.177777777777778,0.0888888888888889,0,0,0,0,0,0.0888888888888889,0,0,0,0,0,0
4,28,3,0,0,0,0,0,0,0,0,0,0.166666666666667,0,0.0333333333333333,0.0333333333333333,0.0333333333333333,0.0666666666666667,0.0333333333333333,0.433333333333333,0,0,0.0333333333333333,0,0,0,0,0,0.166666666666667,0,0,0,0,0,0,0,0,0,0,0,0,0
4,28,4,0,0,0,0,0,0.1,0,0,0,0,0,0,0,0,0.1,0.2,0.2,0.1,0,0,0,0.1,0,0,0.1,0,0.1,0,0,0,0,0,0,0,0,0,0,0,0
4,29,1,0,0,0,0,0,0,0,0,0,0,0,0.0888888888888889,0,0,0.111111111111111,0,0.0888888888888889,0.0888888888888889,0,0.0222222222222222,0.0888888888888889,0.177777777777778,0.0444444444444444,0,0.111111111111111,0,0.0888888888888889,0.0888888888888889,0,0,0,0,0,0,0,0,0,0,0
4,29,2,0,0,0,0,0,0,0,0,0,0.25,0,0,0,0,0,0,0.25,0,0.25,0,0,0,0,0,0,0,0,0,0.25,0,0,0,0,0,0,0,0,0,0
4,29,3,0,0,0,0,0,0,0,0,0,0,0.1,0,0,0,0.1,0,0,0,0,0.1,0.3,0.1,0,0,0,0,0.2,0,0,0,0,0.1,0,0,0,0,0,0,0
4,29,4,0,0,0,0,0,0,0,0.0888888888888889,0,0.0888888888888889,0,0,0,0,0,0.0888888888888889,0,0,0,0.0888888888888889,0.355555555555556,0.125925925925926,0,0.0740740740740741,0,0.0888888888888889,0,0,0,0,0,0,0,0,0,0,0,0,0
4,30,1,0,0,0,0,0,0,0,0,0,0,0.13,0,0,0.08,0,0,0.08,0,0,0.02,0.08,0,0.05,0.18,0.08,0.08,0.2,0,0,0,0,0,0,0.02,0,0,0,0,0
4,30,2,0,0,0,0,0,0,0,0,0,0,0,0,0.1,0,0,0,0,0,0.1,0.1,0,0,0.1,0,0.1,0.2,0.1,0,0,0,0.1,0.1,0,0,0,0,0,0,0
4,30,3,0,0,0,0,0,0,0,0,0.0888888888888889,0,0,0.0222222222222222,0.0888888888888889,0,0,0,0,0,0,0.0888888888888889,0.0888888888888889,0,0.0888888888888889,0.0888888888888889,0,0.177777777777778,0.177777777777778,0,0.0888888888888889,0,0,0,0,0,0,0,0,0,0
4,30,4,0,0,0,0,0,0,0,0,0,0.0888888888888889,0,0,0,0,0.0222222222222222,0,0,0.0222222222222222,0.0888888888888889,0,0.0888888888888889,0.0888888888888889,0.0222222222222222,0.0222222222222222,0.111111111111111,0.0888888888888889,0,0.0888888888888889,0.177777777777778,0.0888888888888889,0,0,0,0,0,0,0,0,0
4,31,1,0,0,0,0,0,0,0,0,0,0,0,0.0571428571428571,0.0761904761904762,0,0.1,0,0.019047619047619,0.114285714285714,0.0428571428571429,0.0761904761904762,0,0.152380952380952,0.0952380952380952,0.019047619047619,0.019047619047619,0,0.0761904761904762,0.152380952380952,0,0,0,0,0,0,0,0,0,0,0
4,31,2,0,0,0,0,0,0,0,0,0.05,0.1,0.08,0.1,0.1,0.08,0,0.08,0,0,0,0.02,0,0.08,0,0.08,0.08,0.1,0,0,0,0,0.05,0,0,0,0,0,0,0,0
4,31,3,0,0,0,0,0,0,0,0,0,0,0.145454545454545,0,0,0,0.0363636363636364,0.0181818181818182,0,0.0454545454545455,0.0727272727272727,0,0.0909090909090909,0.145454545454545,0,0.163636363636364,0.0181818181818182,0,0,0.145454545454545,0.0727272727272727,0.0454545454545455,0,0,0,0,0,0,0,0,0
4,31,4,0,0,0,0,0,0,0,0,0.1,0,0.0166666666666667,0.0333333333333333,0,0,0,0.0166666666666667,0,0.133333333333333,0.15,0,0.0666666666666667,0.0166666666666667,0.116666666666667,0.0333333333333333,0.0333333333333333,0.05,0.133333333333333,0,0.1,0,0,0,0,0,0,0,0,0,0
4,32,1,0,0,0,0,0,0,0,0,0,0,0,0.16,0.105,0.08,0.025,0.26,0.02,0.1,0.07,0,0,0,0,0.08,0.08,0,0,0,0,0.02,0,0,0,0,0,0,0,0,0
4,32,2,0,0,0,0,0,0,0,0,0,0,0.1,0,0,0,0.0333333333333333,0.02,0.02,0.0333333333333333,0.08,0,0.02,0.16,0.08,0.0533333333333333,0,0.16,0,0.08,0.08,0,0.08,0,0,0,0,0,0,0,0
4,32,3,0,0,0,0,0,0,0,0,0,0.0173913043478261,0,0.0347826086956522,0,0.00869565217391304,0.0695652173913043,0,0.0695652173913043,0.156521739130435,0.0173913043478261,0,0.217391304347826,0.104347826086957,0.00869565217391304,0.0347826086956522,0.0434782608695652,0.0695652173913043,0.0347826086956522,0,0.104347826086957,0.00869565217391304,0,0,0,0,0,0,0,0,0
4,32,4,0,0,0,0,0,0,0,0,0.0166666666666667,0.0166666666666667,0,0.116666666666667,0,0.0666666666666667,0.0166666666666667,0,0.0666666666666667,0,0.0833333333333333,0.216666666666667,0.0666666666666667,0.166666666666667,0,0.0166666666666667,0,0,0,0.15,0,0,0,0,0,0,0,0,0,0,0
4,33,1,0,0,0,0,0,0,0,0.02,0,0.02,0,0,0.1,0.02,0.1,0.02,0.02,0,0.02,0,0,0.08,0.16,0,0.1,0.08,0.16,0,0.02,0,0,0.08,0,0,0,0,0,0,0
4,33,2,0,0,0,0,0,0,0,0,0,0,0,0.0555555555555556,0,0,0.0888888888888889,0,0,0.0888888888888889,0,0.0555555555555556,0,0.177777777777778,0.266666666666667,0,0.177777777777778,0,0,0,0.0888888888888889,0,0,0,0,0,0,0,0,0,0
4,33,3,0,0,0,0,0,0,0,0,0,0.111111111111111,0,0.0888888888888889,0,0,0,0.0888888888888889,0.0222222222222222,0,0,0,0,0,0.111111111111111,0.177777777777778,0.2,0.0888888888888889,0.111111111111111,0,0,0,0,0,0,0,0,0,0,0,0
4,33,4,0,0,0,0,0,0,0,0,0.0363636363636364,0.0545454545454545,0,0.0181818181818182,0.0227272727272727,0.181818181818182,0,0.0227272727272727,0,0.0227272727272727,0,0,0.0727272727272727,0.0954545454545455,0.0727272727272727,0.145454545454545,0.0909090909090909,0.0727272727272727,0.0727272727272727,0.0181818181818182,0,0,0,0,0,0,0,0,0,0,0
4,34,1,0,0,0,0,0,0,0.0142857142857143,0,0.0857142857142857,0.0142857142857143,0.0714285714285714,0,0,0.0142857142857143,0.0142857142857143,0,0.0142857142857143,0.0142857142857143,0.0142857142857143,0.228571428571429,0,0.114285714285714,0.171428571428571,0.0571428571428571,0.0571428571428571,0,0,0,0.0571428571428571,0,0,0,0,0.0571428571428571,0,0,0,0,0
4,34,2,0,0,0,0,0,0,0,0,0,0,0.1,0.1,0,0,0,0.1,0,0,0,0,0.1,0.3,0,0,0,0.1,0.2,0,0,0,0,0,0,0,0,0,0,0,0
4,34,3,0,0,0,0,0,0,0,0,0,0,0,0,0,0,0.2,0.08,0.36,0,0,0.16,0,0,0.04,0.16,0,0,0,0,0,0,0,0,0,0,0,0,0,0,0
4,34,4,0,0,0,0,0,0,0,0,0,0,0,0,0.04,0,0,0.2,0,0.2,0,0.16,0,0.2,0,0,0.04,0,0,0.16,0,0,0,0,0,0,0,0,0,0,0
4,35,1,0,0,0,0,0,0,0,0,0,0,0,0.0181818181818182,0.0181818181818182,0.0727272727272727,0.103030303030303,0,0.0181818181818182,0.0545454545454546,0,0,0.0181818181818182,0.0363636363636364,0.0727272727272727,0.0727272727272727,0.145454545454545,0.0727272727272727,0.218181818181818,0.0484848484848485,0,0.0303030303030303,0,0,0,0,0,0,0,0,0
4,35,2,0,0,0,0,0,0,0,0,0,0,0,0,0,0,0,0,0,0.16,0.32,0.16,0,0.04,0,0,0,0.04,0,0.04,0.08,0.16,0,0,0,0,0,0,0,0,0
4,35,3,0,0,0,0,0,0,0,0,0,0,0,0.16,0,0,0,0.16,0.2,0.04,0.04,0,0.04,0.32,0,0,0,0.04,0,0,0,0,0,0,0,0,0,0,0,0,0
4,35,4,0,0,0,0,0,0,0,0,0,0.0888888888888889,0,0.111111111111111,0,0.0222222222222222,0.111111111111111,0.0222222222222222,0.111111111111111,0.0888888888888889,0.0888888888888889,0,0,0.0888888888888889,0.0888888888888889,0,0.0888888888888889,0,0,0.0888888888888889,0,0,0,0,0,0,0,0,0,0,0
4,36,1,0,0,0,0,0,0,0,0.02,0.04,0,0,0.08,0.08,0.16,0.08,0,0,0.02,0,0.2,0,0.04,0.16,0.02,0.02,0,0,0,0.08,0,0,0,0,0,0,0,0,0,0
4,36,2,0,0,0,0,0,0,0,0,0,0.266666666666667,0,0.133333333333333,0.0333333333333333,0.0333333333333333,0,0.133333333333333,0,0,0,0,0.0333333333333333,0.133333333333333,0.0666666666666667,0,0,0,0.166666666666667,0,0,0,0,0,0,0,0,0,0,0,0
4,36,3,0,0,0,0.04,0,0,0,0,0,0,0,0.16,0,0,0,0.16,0,0,0,0.04,0.16,0,0,0.04,0,0.16,0,0.2,0,0,0.04,0,0,0,0,0,0,0,0
4,36,4,0,0,0,0,0,0,0,0,0,0.02,0.04,0,0,0.04,0,0,0,0.08,0,0,0.1,0.1,0,0.18,0.1,0.16,0.08,0.1,0,0,0,0,0,0,0,0,0,0,0
4,37,1,0,0,0,0,0,0,0,0,0.08,0.08,0.02,0.02,0.02,0.02,0,0.08,0,0.02,0,0.1,0.16,0,0,0,0.12,0.1,0,0.08,0.08,0,0.02,0,0,0,0,0,0,0,0
4,37,2,0,0,0,0,0,0,0,0.16,0,0,0,0,0.04,0,0.16,0.04,0,0.04,0,0,0,0,0,0.04,0.36,0,0,0,0.16,0,0,0,0,0,0,0,0,0,0
4,37,3,0,0,0,0,0,0,0,0,0,0,0,0,0,0.0888888888888889,0.0888888888888889,0,0,0,0.0888888888888889,0,0.148148148148148,0.0222222222222222,0,0.111111111111111,0,0.148148148148148,0,0.111111111111111,0,0,0.0222222222222222,0.0222222222222222,0.148148148148148,0,0,0,0,0,0
4,37,4,0,0,0,0,0,0,0,0,0,0,0.16,0,0,0.16,0,0.16,0,0.04,0,0,0.04,0.04,0,0,0,0.16,0.04,0.04,0,0,0,0,0.16,0,0,0,0,0,0
4,38,1,0,0,0,0,0,0,0,0,0,0,0,0,0,0,0,0,0.111111111111111,0.0888888888888889,0.0222222222222222,0.0222222222222222,0.2,0,0.0888888888888889,0,0,0.0888888888888889,0.177777777777778,0,0,0,0.177777777777778,0.0222222222222222,0,0,0,0,0,0,0
4,38,2,0,0,0,0,0,0,0,0,0,0,0,0,0.16,0.16,0.04,0,0,0,0.48,0,0.04,0.08,0.04,0,0,0,0,0,0,0,0,0,0,0,0,0,0,0,0
4,38,4,0,0,0,0,0,0,0,0,0,0,0,0,0,0,0,0,0,0.4,0,0,0,0,0,0.2,0,0.4,0,0,0,0,0,0,0,0,0,0,0,0,0
4,39,1,0,0,0,0,0,0,0,0.0727272727272727,0.0727272727272727,0.0363636363636364,0.0181818181818182,0.0727272727272727,0,0,0.0727272727272727,0,0.145454545454545,0.0181818181818182,0.0454545454545455,0.0727272727272727,0.0181818181818182,0,0,0.136363636363636,0,0.0727272727272727,0,0,0,0,0,0,0.0727272727272727,0.0727272727272727,0,0,0,0,0
4,39,2,0,0,0,0,0,0,0,0,0,0,0,0.2,0,0.2,0.2,0,0.2,0,0,0,0,0.2,0,0,0,0,0,0,0,0,0,0,0,0,0,0,0,0,0
4,39,3,0,0,0,0,0,0,0,0,0,0,0,0,0,0,0,0,0.2,0,0,0.4,0,0,0,0,0.2,0,0,0,0,0,0.2,0,0,0,0,0,0,0,0
4,39,4,0,0,0,0,0,0,0,0.0888888888888889,0.0222222222222222,0.0888888888888889,0,0.0888888888888889,0,0.0888888888888889,0,0,0,0,0.0888888888888889,0,0,0,0.0222222222222222,0,0.111111111111111,0.0222222222222222,0,0.2,0.0888888888888889,0.0888888888888889,0,0,0,0,0,0,0,0,0
4,40,1,0,0,0,0,0,0,0,0,0,0,0.02,0,0.125,0.16,0,0.145,0.1,0.145,0,0,0.105,0,0,0,0.1,0,0,0,0.1,0,0,0,0,0,0,0,0,0,0
4,40,2,0,0,0,0,0,0,0,0,0,0,0,0,0,0,0,0.2,0.2,0.2,0,0,0,0.2,0,0,0,0.2,0,0,0,0,0,0,0,0,0,0,0,0,0
4,40,3,0,0,0,0,0,0,0,0.04,0,0,0.04,0,0.16,0.2,0,0,0.16,0,0,0.04,0,0.2,0,0.16,0,0,0,0,0,0,0,0,0,0,0,0,0,0,0
4,40,4,0,0,0,0,0,0,0,0.0555555555555556,0,0.133333333333333,0,0,0.166666666666667,0.133333333333333,0.0333333333333333,0,0,0,0.133333333333333,0,0.0555555555555556,0,0.0333333333333333,0.0666666666666667,0,0,0,0.188888888888889,0,0,0,0,0,0,0,0,0,0,0
4,41,1,0,0,0,0,0,0,0,0,0,0.0888888888888889,0,0,0.0222222222222222,0,0,0.133333333333333,0.0888888888888889,0.111111111111111,0.0888888888888889,0.0222222222222222,0.0888888888888889,0,0.0888888888888889,0,0.0888888888888889,0,0.177777777777778,0,0,0,0,0,0,0,0,0,0,0,0
4,41,3,0,0,0,0,0,0,0,0,0,0,0,0.04,0,0,0,0,0.04,0.36,0.16,0,0,0,0.32,0,0.04,0,0,0,0.04,0,0,0,0,0,0,0,0,0,0
4,41,4,0,0,0,0,0,0,0,0,0,0,0.04,0.2,0,0,0,0.08,0.08,0.02,0,0.14,0,0.18,0.02,0,0,0.08,0,0,0.08,0,0.08,0,0,0,0,0,0,0,0
4,42,1,0,0,0,0,0,0,0,0,0.1,0,0,0,0,0.1,0.1,0.1,0,0.1,0,0,0,0,0.1,0.1,0,0.1,0.2,0,0,0,0,0,0,0,0,0,0,0,0
4,43,1,0,0,0,0,0,0,0,0,0,0.2,0,0,0,0.2,0,0,0,0,0,0.2,0,0.4,0,0,0,0,0,0,0,0,0,0,0,0,0,0,0,0,0
4,43,2,0,0,0,0,0,0,0.08,0,0,0,0,0,0.16,0,0,0,0,0.04,0.16,0.2,0,0,0.16,0,0,0.04,0,0,0.16,0,0,0,0,0,0,0,0,0,0
4,43,4,0,0,0,0,0,0,0,0,0,0,0.2,0,0,0,0,0,0,0.2,0,0,0.04,0,0.2,0.04,0,0.16,0.16,0,0,0,0,0,0,0,0,0,0,0,0
4,44,1,0,0,0,0,0,0,0,0,0,0,0,0,0,0,0.04,0,0,0,0,0.32,0,0.16,0.16,0,0.24,0.04,0,0.04,0,0,0,0,0,0,0,0,0,0,0
4,44,2,0,0,0,0,0,0,0,0,0,0,0,0,0,0.2,0.2,0,0,0,0,0,0,0,0,0,0.4,0,0.2,0,0,0,0,0,0,0,0,0,0,0,0
4,44,3,0,0,0,0,0,0,0,0,0,0,0,0.25,0,0,0,0,0,0,0,0,0,0,0.25,0,0.5,0,0,0,0,0,0,0,0,0,0,0,0,0,0
4,44,4,0,0,0,0,0,0,0.125,0,0,0,0,0.1,0.125,0,0,0,0,0,0,0,0,0.125,0.225,0.1,0.1,0,0.1,0,0,0,0,0,0,0,0,0,0,0,0
4,45,1,0,0,0,0,0,0,0,0,0.04,0.04,0.04,0.36,0,0,0,0,0,0,0,0.04,0,0.16,0.16,0,0,0.16,0,0,0,0,0,0,0,0,0,0,0,0,0
4,45,4,0,0,0,0,0,0,0,0,0,0.05,0.16,0.21,0,0.05,0,0,0,0.16,0.05,0,0.32,0,0,0,0,0,0,0,0,0,0,0,0,0,0,0,0,0,0
4,46,1,0,0,0,0,0,0,0,0.0333333333333333,0,0.0333333333333333,0.3,0,0,0,0.0333333333333333,0,0.0333333333333333,0.166666666666667,0,0.166666666666667,0.0333333333333333,0.133333333333333,0,0,0,0.0666666666666667,0,0,0,0,0,0,0,0,0,0,0,0,0
4,46,4,0,0,0,0,0,0,0,0,0.0222222222222222,0,0,0.133333333333333,0.0222222222222222,0.0888888888888889,0,0.296296296296296,0,0.148148148148148,0,0.0888888888888889,0,0,0.0888888888888889,0.0222222222222222,0,0,0.0888888888888889,0,0,0,0,0,0,0,0,0,0,0,0
4,47,1,0,0,0,0,0,0,0,0,0,0,0.16,0,0,0.08,0,0,0.32,0.16,0.08,0.16,0,0.04,0,0,0,0,0,0,0,0,0,0,0,0,0,0,0,0,0
4,47,2,0,0,0,0,0,0,0,0,0,0.0333333333333333,0.0666666666666667,0.2,0.433333333333333,0,0,0.0333333333333333,0.0333333333333333,0,0,0,0.0333333333333333,0.133333333333333,0.0333333333333333,0,0,0,0,0,0,0,0,0,0,0,0,0,0,0,0
4,47,3,0,0,0,0,0,0,0,0.0333333333333333,0,0.0333333333333333,0.133333333333333,0,0.0666666666666667,0.0333333333333333,0.0333333333333333,0,0,0,0.3,0.166666666666667,0.0666666666666667,0.133333333333333,0,0,0,0,0,0,0,0,0,0,0,0,0,0,0,0,0
4,48,1,0,0,0,0,0,0,0,0,0,0,0,0,0,0,0,0,0.6,0.2,0.2,0,0,0,0,0,0,0,0,0,0,0,0,0,0,0,0,0,0,0,0
4,49,1,0,0,0,0,0,0,0,0,0.0416666666666667,0.133333333333333,0.0416666666666667,0,0.075,0,0,0.166666666666667,0,0,0,0.133333333333333,0.0416666666666667,0.166666666666667,0,0.0333333333333333,0.133333333333333,0,0,0,0.0333333333333333,0,0,0,0,0,0,0,0,0,0
4,49,2,0,0,0,0,0,0,0,0,0,0,0.4,0,0,0,0.2,0,0,0,0,0,0,0,0.2,0,0.2,0,0,0,0,0,0,0,0,0,0,0,0,0,0
4,49,3,0,0,0,0,0,0,0,0.0333333333333333,0,0,0.133333333333333,0.1,0.1,0.133333333333333,0,0,0,0,0,0,0.133333333333333,0.0333333333333333,0.133333333333333,0.166666666666667,0,0.0333333333333333,0,0,0,0,0,0,0,0,0,0,0,0,0
4,49,4,0,0,0,0,0,0,0,0,0.0333333333333333,0.0333333333333333,0.166666666666667,0,0.0333333333333333,0,0.133333333333333,0.166666666666667,0.133333333333333,0,0.0333333333333333,0.0333333333333333,0.0333333333333333,0,0.0333333333333333,0.166666666666667,0,0,0,0,0,0,0,0,0,0,0,0,0,0,0
4,50,1,0,0,0,0,0,0,0,0,0,0,0,0,0,0,0.2,0,0.2,0.2,0.2,0,0,0.2,0,0,0,0,0,0,0,0,0,0,0,0,0,0,0,0,0
4,51,4,0,0,0,0,0,0,0,0,0.2,0,0,0.1,0.2,0,0,0.1,0,0,0,0,0,0,0.1,0,0.1,0,0.1,0.1,0,0,0,0,0,0,0,0,0,0,0
4,53,4,0,0,0,0,0,0,0,0,0,0,0.125,0,0,0,0,0,0,0,0.125,0.1,0.1,0.1,0.125,0.125,0,0,0.1,0,0,0.1,0,0,0,0,0,0,0,0,0
4,55,3,0,0,0,0,0,0,0,0,0,0,0,0,0,0.177777777777778,0,0,0,0,0,0,0,0,0.0277777777777778,0,0,0.205555555555556,0,0.561111111111111,0.0277777777777778,0,0,0,0,0,0,0,0,0,0
4,55,4,0,0,0,0,0,0,0,0,0,0,0,0,0,0.2,0,0,0,0,0,0.2,0,0.2,0.2,0,0,0.2,0,0,0,0,0,0,0,0,0,0,0,0,0
4,56,1,0,0,0,0,0,0,0,0,0,0,0,0,0,0,0,0.2,0,0,0,0,0,0,0,0.2,0.2,0.2,0.2,0,0,0,0,0,0,0,0,0,0,0,0
4,56,4,0,0,0,0,0,0,0,0.1,0,0,0,0,0,0,0.1,0,0.1,0,0,0,0.3,0.1,0,0,0,0.1,0.1,0,0,0,0.1,0,0,0,0,0,0,0,0
4,57,1,0,0,0,0,0,0,0,0,0,0,0,0,0,0,0,0.2,0,0,0,0,0,0,0.2,0.2,0,0.2,0,0,0.2,0,0,0,0,0,0,0,0,0,0
