"X1","Data.Year","X1.1","X17","X0","X0.1","Data.n","X0.2","X10","X15","X20","X25","X30","X35","X40","X45","X50","X55","X60","X65","X70","X75","X80","X85","X90","X95","X100","X105","X110","X115","X120","X125","X130","X135","X140","X145","X150","X155","X160","X165","X170","X175","X180","X185","X190","X195"
1,9,1,17,0,0,5,0,0,0,0,0,0,0,0,0,0,0,0,0.0416666666666667,0,0,0.0416666666666667,0,0.0833333333333333,0.0833333333333333,0.0833333333333333,0.0833333333333333,0.166666666666667,0.0833333333333333,0.0833333333333333,0,0.0833333333333333,0,0.0416666666666667,0.0416666666666667,0.0416666666666667,0,0,0,0,0,0.0416666666666667,0,0,0
1,10,1,17,0,0,20,0,0,0,0,0,0,0,0.04,0.04,0.16,0,0.08,0.201666666666667,0,0.123333333333333,0.04,0.2,0.04,0.165,0.16,0.12,0.08,0.203333333333333,0.368333333333333,0.321666666666667,0.163333333333333,0.0833333333333333,0.0416666666666667,0.165,0.121666666666667,0.0816666666666667,0,0,0,0,0,0,0,0
1,11,1,17,0,0,15,0,0,0,0,0,0,0,0.08,0.04,0.08,0.04,0.0434782608695652,0.04,0.2,0,0.20695652173913,0,0.12,0.163478260869565,0.290434782608696,0.24695652173913,0.24,0.08,0.330434782608696,0.123478260869565,0.12695652173913,0.250434782608696,0.123478260869565,0,0.130434782608696,0,0,0,0,0.0434782608695652,0,0,0,0
1,12,1,17,0,0,15,0,0,0,0,0,0,0,0.0434782608695652,0,0.0434782608695652,0.16695652173913,0.04,0.257391304347826,0.16695652173913,0.0834782608695652,0.170434782608696,0,0.173913043478261,0.173913043478261,0.16695652173913,0.20695652173913,0.130434782608696,0.377391304347826,0.0834782608695652,0.20695652173913,0.04,0.12695652173913,0.12695652173913,0.0834782608695652,0.0434782608695652,0.0434782608695652,0.0434782608695652,0,0,0,0,0,0,0
1,13,1,17,0,0,35,0,0,0,0,0,0.04,0.08,0.04,0.12,0.245454545454545,0.290909090909091,0.24,0.245454545454545,0.245454545454545,0.12,0.0854545454545454,0.365454545454545,0.165454545454545,0.16,0.08,0.376363636363636,0.325454545454545,0.256363636363636,0.730909090909091,0.370909090909091,0.245454545454545,0.285454545454545,0.36,0.28,0.0854545454545454,0.12,0.04,0,0,0,0,0,0,0
1,14,1,17,0,0,15,0,0,0,0,0,0,0,0.08,0.04,0.08,0.12,0.16,0.12,0.08,0.04,0.16,0.04,0.2,0.16,0.2,0.12,0.08,0.36,0.12,0.12,0.24,0.12,0.28,0.04,0,0,0.04,0,0,0,0,0,0,0
1,15,1,17,0,0,10,0,0,0,0,0,0,0,0.04,0.04,0.04,0.12,0.16,0,0.08,0,0.04,0.08,0.12,0.04,0.04,0.04,0.04,0.04,0.04,0.04,0,0,0,0,0,0,0,0,0,0,0,0,0,0
1,16,1,17,0,0,20,0,0,0,0,0,0,0,0.0416666666666667,0.163333333333333,0.0816666666666667,0.165,0.243333333333333,0.241666666666667,0.04,0.165,0.205,0,0.161666666666667,0.16,0.32,0.243333333333333,0.403333333333333,0.361666666666667,0.121666666666667,0.08,0.241666666666667,0.08,0.24,0,0.08,0.04,0.04,0.08,0,0,0,0,0,0
1,17,1,17,0,0,30,0,0,0,0,0,0,0,0.08,0,0.24,0.203333333333333,0.0816666666666667,0.163333333333333,0.08,0.04,0.12,0.0816666666666667,0.16,0.201666666666667,0.36,0.323333333333333,0.363333333333333,0.401666666666667,0.325,0.4,0.243333333333333,0.165,0.363333333333333,0.16,0.08,0.12,0.121666666666667,0.04,0.04,0,0.0416666666666667,0,0,0
1,18,1,17,0,0,30,0,0,0,0,0,0,0,0,0.0834782608695652,0.241666666666667,0.12,0.241666666666667,0,0.04,0.0434782608695652,0.205144927536232,0.203333333333333,0.16,0.246811594202899,0.123478260869565,0.370144927536232,0.203478260869565,0.493623188405797,0.293768115942029,0.540724637681159,0.165144927536232,0.453768115942029,0.203478260869565,0.203478260869565,0,0.12,0.201666666666667,0.0416666666666667,0,0,0,0,0,0
1,19,1,17,0,0,15,0,0,0,0,0,0,0,0,0.04,0.0816666666666667,0.123333333333333,0.241666666666667,0.121666666666667,0.163333333333333,0.0816666666666667,0.121666666666667,0.0816666666666667,0.08,0.0416666666666667,0.0833333333333333,0.0816666666666667,0.328333333333333,0.123333333333333,0.0816666666666667,0,0,0.0833333333333333,0.04,0,0,0,0,0,0,0,0,0,0,0
1,20,1,17,0,0,25,0,0,0,0,0,0.0434782608695652,0,0,0.0851449275362319,0.16,0.250434782608696,0.283478260869565,0.0416666666666667,0.16695652173913,0.161666666666667,0.20695652173913,0.125144927536232,0.24,0.205144927536232,0.295579710144928,0.248623188405797,0.366811594202899,0.286811594202899,0.28,0.281666666666667,0.286811594202899,0.328333333333333,0.366666666666667,0.0434782608695652,0.125144927536232,0.08,0.04,0,0,0,0,0,0,0
1,21,1,17,0,0,20,0,0,0,0,0,0,0,0,0.04,0.04,0.08,0.04,0.2,0.12,0.12,0.12,0.28,0.08,0.08,0.28,0.16,0.12,0.2,0.12,0.24,0.08,0.08,0.2,0.16,0.08,0.08,0,0,0,0,0,0,0,0
1,22,1,17,0,0,15,0,0,0,0,0,0,0,0,0.04,0.16,0.12,0.04,0.08,0.12,0.08,0.12,0,0.08,0.12,0.2,0.08,0.08,0.08,0.08,0.12,0.12,0.08,0.12,0.08,0,0,0,0,0,0,0,0,0,0
1,23,1,17,0,0,15,0,0,0,0,0,0,0,0,0.08,0.08,0.12,0.16,0.12,0,0.08,0.16,0.12,0.12,0.08,0.2,0.2,0.12,0.04,0.04,0.16,0.04,0,0.04,0,0.04,0,0,0,0,0,0,0,0,0
1,24,1,17,0,0,25,0,0,0,0,0,0,0.0854545454545454,0.0434782608695652,0.168932806324111,0.337865612648221,0.328932806324111,0.168932806324111,0.12695652173913,0.125454545454545,0.0834782608695652,0.12,0.04,0.128932806324111,0.368932806324111,0.290434782608696,0.0454545454545455,0.388300395256917,0.470276679841897,0.340869565217391,0.172411067193676,0.255889328063241,0.304822134387352,0.04,0.172411067193676,0.0869565217391304,0.132411067193676,0.12695652173913,0.0454545454545455,0,0,0,0,0,0
1,25,1,17,0,0,25,0,0,0,0,0,0,0,0.04,0.16,0.12,0.36,0.445454545454545,0.32,0.205454545454545,0.170909090909091,0.04,0.0909090909090909,0.04,0.2,0.176363636363636,0.2,0.250909090909091,0.250909090909091,0.165454545454545,0.170909090909091,0.0854545454545454,0.08,0.0854545454545454,0.216363636363636,0,0,0.04,0,0.0854545454545454,0,0,0,0,0
1,26,1,17,0,0,25,0,0,0,0,0,0,0.0434782608695652,0.0434782608695652,0.0434782608695652,0.163478260869565,0.370434782608696,0.16,0.08,0.170434782608696,0.243478260869565,0.333913043478261,0.293913043478261,0.163478260869565,0.08,0.163478260869565,0.28,0.203478260869565,0.16,0.08,0.123478260869565,0.12,0.12,0.16,0.04,0.2,0.08,0.08,0,0,0,0,0,0,0
1,27,1,17,0,0,10,0,0,0,0,0,0,0,0,0,0.16,0,0.04,0,0.12,0.04,0.206666666666667,0.366666666666667,0.12,0.04,0.166666666666667,0.04,0,0.04,0.08,0.04,0.166666666666667,0.04,0.333333333333333,0,0,0,0,0,0,0,0,0,0,0
1,28,1,17,0,0,30,0,0,0,0,0,0,0,0.0434782608695652,0,0.0434782608695652,0.114906832298137,0.241863354037267,0.266335403726708,0.170434782608696,0.276256038647343,0.152777777777778,0.31148033126294,0.253913043478261,0.283530020703934,0.523264320220842,0.128623188405797,0.399734299516908,0.665607315389924,0.198385093167702,0.53183574879227,0.224206349206349,0.352829537612146,0.240051759834369,0.196428571428571,0.170289855072464,0.0434782608695652,0.123333333333333,0,0,0.0434782608695652,0,0,0,0
1,29,1,17,0,0,35,0,0,0,0,0,0.0555555555555556,0,0.0555555555555556,0.0972222222222222,0.291666666666667,0.166666666666667,0.0972222222222222,0.192777777777778,0.248333333333333,0.0972222222222222,0.0833333333333333,0.165,0.262222222222222,0.125,0.512222222222222,0.288333333333333,0.206666666666667,0.347222222222222,0.314444444444444,0.165,0.0833333333333333,0.246666666666667,0.283333333333333,0.205,0.165,0.04,0.125,0.08,0,0,0,0,0,0
1,30,1,17,0,0,20,0,0,0,0,0,0.04,0,0.04,0.04,0.08,0.04,0.12,0.08,0.12,0.04,0.12,0.04,0.12,0.2,0.32,0.24,0.32,0.2,0.16,0.16,0.16,0.08,0.04,0.08,0,0.12,0.04,0,0,0,0,0,0,0
1,31,1,17,0,0,30,0,0,0,0,0,0,0,0.125144927536232,0.170434782608696,0.166811594202899,0.0834782608695652,0.0416666666666667,0.0416666666666667,0.0833333333333333,0.16,0.293768115942029,0.173913043478261,0.123478260869565,0.375579710144928,0.16695652173913,0.458913043478261,0.290144927536232,0.21195652173913,0.215579710144928,0.12695652173913,0.0434782608695652,0.128623188405797,0.217391304347826,0.0833333333333333,0.0434782608695652,0,0.130434782608696,0,0,0.0434782608695652,0,0,0,0
1,32,1,17,0,0,30,0,0,0,0,0,0,0.0454545454545455,0.04,0.152121212121212,0.0854545454545454,0.152121212121212,0.338787878787879,0.130909090909091,0.130909090909091,0.272121212121212,0.323192640692641,0,0.241028138528139,0.405,0.50724025974026,0.23974025974026,0.387694805194805,0.553311688311688,0.391147186147186,0.275573593073593,0.235573593073593,0.314285714285714,0.0666666666666667,0.257142857142857,0.201904761904762,0.127619047619048,0.125,0,0,0,0,0,0,0
1,33,1,17,0,0,35,0,0,0,0,0,0,0.0833333333333333,0,0.21195652173913,0.0851449275362319,0.170289855072464,0.21195652173913,0.446811594202899,0.0434782608695652,0.126811594202899,0.292101449275362,0.128623188405797,0.168623188405797,0.29195652173913,0.253768115942029,0.333623188405797,0.452101449275362,0.255579710144928,0.2,0.29195652173913,0.503768115942029,0.650289855072464,0.21195652173913,0.418913043478261,0.123478260869565,0.0434782608695652,0,0,0,0,0,0,0,0
1,34,1,17,0,0,40,0,0,0,0,0,0,0.04,0,0.24,0.483333333333333,0.0833333333333333,0.163333333333333,0.125,0.163333333333333,0.283333333333333,0.0816666666666667,0.106666666666667,0.233333333333333,0.161666666666667,0.248333333333333,0.231666666666667,0.488333333333333,0.326666666666667,0.243333333333333,0.746666666666667,0.775,0.391666666666667,0.57,0.351666666666667,0.216666666666667,0.205,0.04,0,0,0,0,0,0,0
1,35,1,17,0,0,30,0,0,0,0,0,0,0,0.116923076923077,0.04,0.196923076923077,0.236923076923077,0.516923076923077,0.12,0.236923076923077,0.12,0.16,0.08,0.08,0.04,0.2,0.590769230769231,0.473846153846154,0.16,0.24,0.356923076923077,0.156923076923077,0.12,0.196923076923077,0.24,0.12,0.08,0.04,0.08,0,0,0,0,0,0
1,36,1,17,0,0,35,0,0,0,0,0,0,0,0.123333333333333,0.203333333333333,0.175,0.0416666666666667,0.205,0.283333333333333,0.220555555555556,0.205,0.24,0.255555555555556,0.205,0.121666666666667,0.393888888888889,0.324444444444444,0.301666666666667,0.700555555555556,0.432222222222222,0.161666666666667,0.570555555555556,0.454444444444444,0.452777777777778,0.227222222222222,0.343333333333333,0.262222222222222,0.0955555555555556,0,0,0,0,0,0,0
1,37,1,17,0,0,40,0,0,0,0,0,0,0,0,0.125,0,0.223823529411765,0.205,0.226190476190476,0.0816666666666667,0.448347338935574,0.206666666666667,0.327380952380952,0.29,0.263823529411765,0.445014005602241,0.205,0.364313725490196,0.489313725490196,0.291666666666667,0.533347338935574,0.319313725490196,0.427170868347339,0.183823529411765,0.0588235294117647,0.166666666666667,0.0588235294117647,0,0,0,0.0588235294117647,0,0,0,0
1,38,1,17,0,0,25,0,0,0,0,0,0,0,0,0.08,0.170289855072464,0.16695652173913,0.580289855072464,0.420579710144928,0.250289855072464,0.24695652173913,0.427826086956522,0.163333333333333,0.173913043478261,0.337246376811594,0.580579710144927,0.337246376811594,0.403333333333333,0.24,0.740579710144928,0.566666666666667,0.57,0.24695652173913,0.566666666666667,0.403333333333333,0.16695652173913,0.16,0,0,0,0,0,0,0,0
1,40,1,17,0,0,35,0,0,0,0,0,0,0,0.04,0,0.04,0.04,0.313563789152024,0.228311688311688,0.399516170104405,0.492633053221288,0.389978354978355,0.369299719887955,0.298030303030303,0.30927807486631,0.279313725490196,0.227611408199643,0.609472880061115,0.408304048892284,0.547436974789916,0.363549783549784,0.375720651897123,0.359220779220779,0.38453781512605,0.167121212121212,0.311645021645022,0.0454545454545455,0,0,0,0,0,0,0,0
1,41,1,17,0,0,30,0,0,0,0,0,0,0.0434782608695652,0,0,0.220434782608696,0.0434782608695652,0.25695652173913,0.04,0.12695652173913,0.123478260869565,0.793478260869565,0.553913043478261,0.13,0.21695652173913,0.163478260869565,0.173478260869565,0.20695652173913,0.22,0.263478260869565,0.35,0.14,0.43,0.16,0.0434782608695652,0.04,0.09,0.13,0,0.04,0,0,0,0,0
1,42,1,17,0,0,15,0,0,0,0,0,0,0,0,0,0.125454545454545,0,0.04,0.0454545454545455,0.0454545454545455,0.0854545454545454,0.04,0.0454545454545455,0.256363636363636,0.130909090909091,0.176363636363636,0.170909090909091,0.165454545454545,0.256363636363636,0.12,0.04,0,0.08,0.0909090909090909,0,0.0854545454545454,0,0,0,0,0,0,0,0,0
1,43,1,17,0,0,20,0,0,0,0,0,0,0.05,0,0,0.09,0.09,0.08,0,0,0,0.09,0.05,0.04,0.3,0.4575,0.1125,0.3,0.345,0.08,0.3275,0.2025,0.08,0.1525,0.09,0.0625,0,0,0,0,0,0,0,0,0
1,44,1,17,0,0,45,0,0,0,0,0,0,0,0.12,0.08,0.33,0.253333333333333,0.161666666666667,0.25474025974026,0.08,0.121666666666667,0.125,0.123333333333333,0.344025974025974,0.340238095238095,0.431861471861472,0.449480519480519,0.547619047619048,0.429285714285714,0.728333333333333,1.08850649350649,0.733268398268398,0.373787878787879,0.655692640692641,0.489480519480519,0.355649350649351,0.174242424242424,0.123333333333333,0,0.0454545454545455,0.04,0,0,0,0
1,45,1,17,0,0,25,0,0,0,0,0,0,0,0.246666666666667,0.243333333333333,0.576666666666667,0.653333333333333,0.33,0.486666666666667,0,0.16,0.406666666666667,0.5,0.566666666666667,0.243333333333333,0.406666666666667,0.326666666666667,1.15,0.733333333333333,0.333333333333333,0.576666666666667,0.493333333333333,0.83,0.41,0.163333333333333,0.0833333333333333,0.08,0,0,0,0,0,0,0,0
1,47,1,17,0,0,5,0,0,0,0,0,0,0,0.04,0,0.12,0.12,0.08,0.12,0.04,0,0.08,0.04,0,0.04,0.04,0.04,0,0.04,0.04,0.04,0.04,0,0.08,0,0,0,0,0,0,0,0,0,0,0
1,48,1,17,0,0,25,0,0,0,0,0,0,0,0.04,0.121666666666667,0.226666666666667,0.0833333333333333,0.167121212121212,0.167121212121212,0.252121212121212,0.0816666666666667,0.42,0.170454545454545,0.255909090909091,0.205,0.237121212121212,0.448787878787879,0.25969696969697,0.393787878787879,0.36969696969697,0.430909090909091,0.0871212121212121,0.15,0.132575757575758,0.0833333333333333,0.0871212121212121,0.0871212121212121,0,0,0,0.0416666666666667,0,0,0,0
1,49,1,17,0,0,40,0,0,0,0,0,0,0.04,0.12,0.12,0.08,0.24,0.346666666666667,0.226666666666667,0.453333333333333,0.247619047619048,0.306666666666667,0.274285714285714,0.255238095238095,0.386666666666667,0.28,0.493333333333333,0.521904761904762,0.4,0.215238095238095,0.23047619047619,0.274285714285714,0.603809523809524,0.346666666666667,0.281904761904762,0.04,0.167619047619048,0,0.0476190476190476,0,0,0,0,0,0
1,50,1,17,0,0,35,0,0,0,0,0,0,0,0.05,0.09,0.04,0.18,0.171666666666667,0.225454545454545,0.294242424242424,0.264242424242424,0.250454545454545,0.27989898989899,0.37989898989899,0.308030303030303,0.425909090909091,0.884040404040404,0.408333333333333,0.340454545454545,0.497777777777778,0.323686868686869,0.394444444444444,0.278232323232323,0.203333333333333,0.168787878787879,0.205,0.286111111111111,0,0,0,0.05,0,0,0,0
1,51,1,17,0,0,30,0,0,0,0,0,0,0,0,0.04,0.210909090909091,0.08,0.170909090909091,0.16,0.250909090909091,0.24,0.151111111111111,0.357373737373737,0.16,0.271111111111111,0.271111111111111,0.255555555555556,0.351111111111111,0.391111111111111,0.146464646464646,0.295555555555556,0.337575757575758,0.397373737373737,0.170909090909091,0.210909090909091,0.04,0,0.04,0,0,0,0,0,0,0
1,52,1,17,0,0,40,0,0,0,0,0,0,0.04,0.08,0.121666666666667,0.04,0.08,0.163333333333333,0.403333333333333,0.32,0.283333333333333,0.163333333333333,0.283333333333333,0.205,0.286666666666667,0.488333333333333,0.738333333333333,0.488333333333333,0.326666666666667,0.77,0.246666666666667,0.488333333333333,0.165,0.205,0.326666666666667,0.0416666666666667,0.123333333333333,0.04,0.04,0.0416666666666667,0,0,0,0,0
1,53,1,17,0,0,45,0,0,0,0,0,0,0,0.151111111111111,0.121666666666667,0.314853801169591,0,0.16,0.352777777777778,0.40374269005848,0.2,0.607076023391813,0.514444444444444,0.310263157894737,0.323333333333333,0.42859649122807,0.294298245614035,0.323333333333333,0.337631578947368,0.457631578947368,0.401228070175439,0.780409356725146,0.544298245614035,0.40874269005848,0.215964912280702,0.132631578947368,0.135964912280702,0.04,0.04,0,0,0,0,0,0
1,54,1,17,0,0,50,0,0,0,0,0,0,0.04,0,0.0889328063241107,0,0.186666666666667,0.133073593073593,0.307028044419349,0,0.295889328063241,0.554647092038396,0.62317711274233,0.491718426501035,0.429222661396574,0.727058159232072,0.505744400527009,0.770724637681159,0.377101449275362,0.391127423301336,0.83013363448146,0.609553924336533,0.504532279314888,0.335411255411255,0.287619047619048,0.175889328063241,0.0454545454545455,0.243839638622247,0,0,0,0,0.0454545454545455,0,0
1,55,1,17,0,0,25,0,0,0,0,0,0,0,0.0476190476190476,0,0.161666666666667,0.218571428571429,0.130952380952381,0.08,0.176904761904762,0.302857142857143,0.129285714285714,0.294285714285714,0.334285714285714,0.30452380952381,0.210952380952381,0.365,0.454285714285714,0.294285714285714,0.294285714285714,0.29,0.169285714285714,0.163333333333333,0.203333333333333,0.250952380952381,0.04,0.0416666666666667,0,0,0.0416666666666667,0,0,0,0,0
1,56,1,17,0,0,30,0,0,0,0,0,0,0,0,0.0526315789473684,0.04,0,0.186666666666667,0.08,0,0.12,0.04,0.12,0.317894736842105,0.239298245614035,0.317894736842105,0.371929824561403,0.332631578947368,0.572631578947368,0.319298245614035,0.451228070175439,0.411929824561403,0.65,0.806666666666667,0.409298245614035,0.04,0.08,0,0.04,0,0,0,0,0,0
1,57,1,17,0,0,35,0,0,0,0,0,0.1,0.08,0.1,0.34,0.04,0.2,0.172631578947368,0.04,0.228741418764302,0.132631578947368,0.0434782608695652,0.172631578947368,0.36695652173913,0.123478260869565,0.336109839816934,0.385263157894737,0.759588100686499,0.419588100686499,0.635697940503433,0.419588100686499,0.52137299771167,0.348741418764302,0.490434782608696,0.20695652173913,0.08,0.04,0.0926315789473684,0.0434782608695652,0.04,0,0,0.04,0,0
1,58,1,17,0,0,30,0,0,0,0,0,0,0,0,0.25,0.245,0.165,0.12,0.0834782608695652,0.165,0.16,0.0434782608695652,0.2,0.123478260869565,0.283478260869565,0.24,0.53195652173913,0.170434782608696,0.243478260869565,0.323478260869565,0.408478260869565,0.377391304347826,0.20695652173913,0.24695652173913,0.163478260869565,0.0434782608695652,0,0.08,0.125,0,0,0,0,0,0
1,59,1,17,0,0,25,0,0,0,0,0,0,0,0,0.08,0.25,0.373333333333333,0.16,0,0.261666666666667,0.04,0.202777777777778,0.131666666666667,0.205555555555556,0.267222222222222,0.317222222222222,0.551666666666667,0.298888888888889,0.345555555555556,0.147222222222222,0.363333333333333,0.343888888888889,0.123333333333333,0.08,0.152777777777778,0.123333333333333,0.0972222222222222,0.0416666666666667,0.0416666666666667,0,0,0,0,0,0
1,60,1,17,0,0,35,0,0,0,0.0416666666666667,0,0.0833333333333333,0.0416666666666667,0.12,0.161666666666667,0.21,0.165,0.205,0.203333333333333,0.26,0.325,0.233333333333333,0.08,0.37,0.328333333333333,0.468333333333333,0.313333333333333,0.04,0.541666666666667,0.568333333333333,0.336666666666667,0.245,0.383333333333333,0.468333333333333,0.436666666666667,0.0816666666666667,0,0.163333333333333,0.0416666666666667,0,0.0833333333333333,0,0,0,0
1,61,1,17,0,0,35,0,0,0,0,0,0,0,0,0.04,0.205,0.206811594202899,0.165144927536232,0.165144927536232,0.323734671125975,0.163333333333333,0.116923076923077,0.321923076923077,0.161666666666667,0.0833333333333333,0.458913043478261,0.28525641025641,0.338913043478261,0.565657748049052,0.608589743589744,0.363589743589744,0.362469342251951,0.163478260869565,0.240401337792642,0.20025641025641,0.160401337792642,0.168623188405797,0.0869565217391304,0.0434782608695652,0,0,0,0,0,0
1,62,1,17,0,0,25,0,0,0,0,0,0,0,0.04,0,0.0555555555555556,0.192777777777778,0.184343434343434,0.267676767676768,0.331666666666667,0.248333333333333,0.0816666666666667,0.252121212121212,0.271464646464646,0.146464646464646,0.210909090909091,0.252121212121212,0.137222222222222,0.395252525252525,0.246666666666667,0.368282828282828,0.308131313131313,0.288333333333333,0.252121212121212,0.33,0.0555555555555556,0.0416666666666667,0.0416666666666667,0,0,0,0,0,0,0
1,63,1,17,0,0,25,0,0,0,0,0,0,0,0,0,0.05,0.05,0.05,0.1,0.15,0.05,0.15,0,0.0454545454545455,0.05,0.140909090909091,0.195454545454545,0.295454545454545,0.513131313131313,0.331818181818182,0.356565656565657,0.140909090909091,0.721717171717172,0.256565656565657,0.15,0,0.0454545454545455,0.156565656565657,0,0,0,0,0,0,0
1,64,1,17,0,0,25,0,0,0,0,0,0,0,0.04,0,0.191428571428571,0.24,0.159047619047619,0.193095238095238,0.16,0.08,0.0476190476190476,0,0.285,0.327619047619048,0.274761904761905,0.374285714285714,0.426904761904762,0.328333333333333,0.420952380952381,0.46952380952381,0.276428571428571,0.208333333333333,0.321428571428571,0.04,0,0.0476190476190476,0.0876190476190476,0,0,0,0,0,0,0
1,65,1,17,0,0,35,0,0,0,0,0,0,0.04,0,0.0416666666666667,0.321666666666667,0.45,0.201666666666667,0.165,0.161666666666667,0.12,0.121666666666667,0.16,0.281666666666667,0.12,0.483333333333333,0.441666666666667,0.443333333333333,0.44,0.441666666666667,0.445,0.52,0,0.12,0.16,0.16,0.08,0.04,0,0.04,0,0,0,0,0
1,66,1,17,0,0,35,0,0,0,0,0,0,0,0,0.140490196078431,0.356960784313725,0.242777777777778,0.452091503267974,0.18,0.140490196078431,0.409313725490196,0.123333333333333,0.05,0.366111111111111,0.359313725490196,0.278823529411765,0.201666666666667,0.379313725490196,0.331601307189543,0.364444444444444,0.301666666666667,0.645490196078431,0.201666666666667,0.123333333333333,0.271111111111111,0.04,0,0.04,0,0,0,0,0,0,0
1,67,1,17,0,0,10,0,0,0,0,0,0,0.0526315789473684,0,0,0,0,0.105263157894737,0.157894736842105,0,0.343157894736842,0.265263157894737,0.157894736842105,0,0.04,0.08,0.132631578947368,0.305263157894737,0,0.12,0,0.12,0,0.04,0.04,0,0,0,0.04,0,0,0,0,0,0
1,68,1,17,0,0,25,0,0,0,0,0,0,0,0.0876190476190476,0.0876190476190476,0.163333333333333,0.167619047619048,0,0.08,0.08,0.167619047619048,0.338571428571429,0.498571428571429,0.370952380952381,0.127619047619048,0.250952380952381,0.335238095238095,0.593809523809524,0.403333333333333,0.250952380952381,0.167619047619048,0.12,0.0833333333333333,0.167619047619048,0.08,0.123333333333333,0.130952380952381,0,0,0.123333333333333,0,0,0,0,0
1,69,1,17,0,0,45,0,0,0,0,0,0,0,0.123478260869565,0,0.16,0.08,0.04,0.12,0.45,0.342512077294686,0.12,0.255555555555556,0.697391304347826,0.579033816425121,0.375555555555556,1.20806763285024,0.808067632850242,0.959178743961353,0.490434782608696,0.533623188405797,0.702512077294686,0.335555555555556,0.08,0.16,0.08,0.04,0.219033816425121,0.04,0,0,0,0,0,0
1,70,1,17,0,0,40,0,0,0,0,0,0,0,0.0454545454545455,0.215909090909091,0.1875,0.278409090909091,0.313409090909091,0.0625,0.205,0.0954545454545455,0.276363636363636,0.210454545454545,0.375227272727273,0.886363636363636,0.476363636363636,0.478863636363636,0.266363636363636,1.03181818181818,0.636363636363636,0.620909090909091,0.266363636363636,0.37,0.275454545454545,0.12,0.0454545454545455,0.09,0.13,0.04,0,0,0,0,0,0
1,71,1,17,0,0,15,0,0,0,0,0,0,0,0,0,0.0834782608695652,0.203333333333333,0.121666666666667,0.04,0.0851449275362319,0.0416666666666667,0.121666666666667,0.0816666666666667,0.0833333333333333,0.208478260869565,0.373768115942029,0.375434782608696,0.165144927536232,0.165144927536232,0.210289855072464,0.0851449275362319,0.130434782608696,0.212101449275362,0.170434782608696,0,0,0,0.0416666666666667,0,0,0,0,0,0,0
1,72,1,17,0,0,25,0,0,0,0,0,0,0,0,0,0.04,0.17,0.08,0.245,0.09,0.22,0.05,0,0.255,0.5,0.13,0.26,0.13,0.18,0.415,0.22,0.215,0.335,0.225,0.12,0.04,0.04,0,0,0.04,0,0,0,0,0
1,73,1,17,0,0,20,0,0,0,0,0,0,0,0,0,0.04,0.04,0.04,0.2,0.0416666666666667,0.08,0.161666666666667,0,0.0816666666666667,0.0816666666666667,0.203333333333333,0.0833333333333333,0.2,0.161666666666667,0.281666666666667,0.121666666666667,0.163333333333333,0.246666666666667,0.0816666666666667,0.245,0.161666666666667,0.121666666666667,0.04,0.08,0,0.0416666666666667,0,0,0,0
1,74,1,17,0,0,20,0,0,0,0,0,0,0,0,0,0,0.12,0.0714285714285714,0.166666666666667,0,0.246666666666667,0.111428571428571,0.151428571428571,0.302857142857143,0.0714285714285714,0.111428571428571,0.08,0.222857142857143,0.166666666666667,0.484761904761905,0.214285714285714,0,0.246666666666667,0.0714285714285714,0.08,0.04,0.04,0,0,0,0,0,0,0,0
1,75,1,17,0,0,20,0,0,0,0,0,0,0,0,0.0526315789473684,0,0.219298245614035,0.20843776106934,0.16374269005848,0.100250626566416,0,0.105263157894737,0.103174603174603,0.16374269005848,0.214285714285714,0.152882205513784,0.195488721804511,0.108187134502924,0.147869674185464,0.103174603174603,0.100250626566416,0.211361737677527,0.0526315789473684,0.211361737677527,0.142857142857143,0.0476190476190476,0,0.195488721804511,0,0,0,0,0,0,0
1,76,1,17,0,0,25,0,0,0,0,0,0,0,0,0,0.04,0.0526315789473684,0.154285714285714,0.127619047619048,0.213333333333333,0,0.286917293233083,0.274285714285714,0.0876190476190476,0.274285714285714,0.08,0.274285714285714,0.225263157894737,0.599799498746867,0.36812030075188,0.199298245614035,0.487418546365915,0.194285714285714,0.237894736842105,0.21453634085213,0.313583959899749,0.206917293233083,0.0876190476190476,0,0,0,0,0,0,0
1,77,1,17,0,0,40,0,0,0,0,0,0,0,0,0.04,0.04,0.0816666666666667,0.158589743589744,0.158589743589744,0.292575757575758,0.321666666666667,0.321666666666667,0.480967365967366,0.156923076923077,0.37020979020979,0.323589743589744,0.647377622377622,0.40025641025641,0.290909090909091,0.445011655011655,0.524044289044289,0.557191142191142,0.310769230769231,0.33495337995338,0.249498834498835,0.329498834498834,0.0769230769230769,0.0416666666666667,0,0.0454545454545455,0,0,0,0,0
1,78,1,17,0,0,30,0,0,0,0,0,0,0,0,0.0476190476190476,0,0.0952380952380952,0,0.0952380952380952,0,0.186335403726708,0.0952380952380952,0.134575569358178,0.178053830227743,0.182194616977226,0.142857142857143,0.285714285714286,0.229813664596273,0.0910973084886128,0.320910973084886,0.308488612836439,0.238095238095238,0.182194616977226,0.0952380952380952,0.0910973084886128,0,0,0,0,0,0,0,0,0,0
1,79,1,17,0,0,25,0,0,0,0.0434782608695652,0,0,0.04,0,0.0851449275362319,0.266399694889397,0.1377765064836,0.213768115942029,0.170289855072464,0.0869565217391304,0.136109839816934,0.116923076923077,0.315553012967201,0.330691192865106,0.233886346300534,0.394817813765182,0.284851258581236,0.281923076923077,0.209554655870445,0.0942982456140351,0.292887989203779,0.352435897435897,0.26859649122807,0.235512820512821,0.326477732793522,0.0416666666666667,0,0,0,0.04,0,0,0,0,0
1,80,1,17,0,0,15,0,0,0,0.04,0,0,0.04,0,0.04,0.08,0.12,0.08,0.0926315789473684,0.0926315789473684,0.08,0.04,0.08,0,0.0926315789473684,0.437894736842105,0.252631578947368,0.0926315789473684,0.0926315789473684,0.437894736842105,0.132631578947368,0.16,0.212631578947368,0.145263157894737,0.0526315789473684,0,0.0526315789473684,0,0.0526315789473684,0,0,0,0,0,0
1,81,1,17,0,0,20,0,0,0,0,0,0,0,0.04,0,0.0854545454545454,0.125454545454545,0.0854545454545454,0.08,0.04,0.130909090909091,0.0854545454545454,0.04,0.0854545454545454,0.165454545454545,0,0.256363636363636,0.0454545454545455,0.421818181818182,0.28,0.245454545454545,0.16,0.205454545454545,0.130909090909091,0.0854545454545454,0.125454545454545,0.04,0,0,0.04,0,0,0,0,0
1,82,1,17,0,0,10,0,0,0,0,0,0,0,0.0434782608695652,0.08,0.04,0.123478260869565,0.203478260869565,0.0434782608695652,0.08,0.04,0.130434782608696,0.0434782608695652,0,0.04,0.123478260869565,0,0.08,0.170434782608696,0.12695652173913,0.250434782608696,0.123478260869565,0.0434782608695652,0.0434782608695652,0.0834782608695652,0.0434782608695652,0.0434782608695652,0,0,0,0,0,0,0,0
1,83,1,17,0,0,10,0,0,0,0,0,0,0,0,0,0,0,0.142857142857143,0,0,0.0476190476190476,0.0476190476190476,0.0476190476190476,0.142857142857143,0.142857142857143,0,0.0952380952380952,0,0.0476190476190476,0,0,0.0476190476190476,0.0952380952380952,0.142857142857143,0,0,0,0,0,0,0,0,0,0,0
1,84,1,17,0,0,15,0,0,0,0,0,0,0,0,0.0833333333333333,0.08,0.08,0.123333333333333,0.123333333333333,0.161666666666667,0.163333333333333,0.125,0.12,0.16,0.161666666666667,0.161666666666667,0.323333333333333,0.163333333333333,0.243333333333333,0.0816666666666667,0.121666666666667,0,0.0416666666666667,0.201666666666667,0.04,0.04,0.12,0,0.08,0,0,0,0,0,0
1,85,1,17,0,0,25,0,0,0,0,0,0,0,0.16,0.08,0,0.56,0.48,0.32,0,0.16,0.4,0.32,1.12,0.64,0.56,0.56,0.16,0.16,0.16,0.48,0.64,0.24,0.16,0.32,0.08,0,0.08,0.08,0.08,0,0,0,0,0
1,87,1,17,0,0,5,0,0,0,0,0,0,0,0,0,0,0,0,0,0.0416666666666667,0,0.0416666666666667,0,0.0416666666666667,0.0833333333333333,0,0.166666666666667,0,0.125,0.125,0.0833333333333333,0.0416666666666667,0.0833333333333333,0.0833333333333333,0.0416666666666667,0.0416666666666667,0,0,0,0,0,0,0,0,0
1,88,1,17,0,0,20,0,0,0,0,0,0,0,0.0869565217391304,0.0434782608695652,0.170289855072464,0.335144927536232,0.295289855072464,0.0851449275362319,0.0416666666666667,0.25,0,0.27148033126294,0.170289855072464,0.0851449275362319,0.126811594202899,0.128623188405797,0.21195652173913,0.585144927536232,0.142857142857143,0.229813664596273,0.0416666666666667,0.285714285714286,0.0416666666666667,0,0.0416666666666667,0,0.285714285714286,0.0434782608695652,0,0,0,0,0,0
1,89,1,17,0,0,15,0,0,0,0,0,0,0,0,0,0,0.48,0.4,0.08,0,0,0.08,0.24,0.24,0.16,0,0,0.32,0.48,0.48,0.4,0.16,0,0.16,0.08,0.16,0.08,0,0,0,0,0,0,0,0
1,91,1,17,0,0,5,0,0,0,0,0,0,0,0,0,0.0416666666666667,0,0.0416666666666667,0.0833333333333333,0,0,0,0.0416666666666667,0.0416666666666667,0.166666666666667,0,0.0833333333333333,0.0416666666666667,0.0833333333333333,0.125,0.0416666666666667,0.166666666666667,0,0,0,0.0416666666666667,0,0,0,0,0,0,0,0,0
1,92,1,17,0,0,15,0,0,0,0,0,0,0,0.0526315789473684,0.203349282296651,0.203349282296651,0.150717703349282,0.0454545454545455,0.136363636363636,0.136363636363636,0.0454545454545455,0.248803827751196,0.287081339712919,0.196172248803828,0.0909090909090909,0.181818181818182,0.416267942583732,0.0909090909090909,0.181818181818182,0.0980861244019139,0,0.0909090909090909,0,0,0,0.0980861244019139,0.0454545454545455,0,0,0,0,0,0,0,0
1,93,1,17,0,0,25,0,0,0,0,0,0.0416666666666667,0,0.0816666666666667,0.328333333333333,0.125,0.201666666666667,0.161666666666667,0.203333333333333,0.283333333333333,0.2,0,0.283333333333333,0.16,0.24,0.205,0.281666666666667,0.161666666666667,0.08,0.2,0.201666666666667,0.12,0.12,0.16,0.08,0.08,0,0,0,0,0,0,0,0,0
1,94,1,17,0,0,15,0,0,0,0,0,0,0,0,0,0,0.0833333333333333,0,0.0833333333333333,0.25,0,0.0833333333333333,0,0.166666666666667,0.0833333333333333,0.208333333333333,0.125,0.125,0.0833333333333333,0.333333333333333,0,0.125,0,0,0.125,0,0,0.125,0,0,0,0,0,0,0
1,95,1,17,0,0,10,0,0,0,0,0,0,0.0434782608695652,0.0434782608695652,0,0.0909090909090909,0.134387351778656,0.0434782608695652,0.175889328063241,0.225296442687747,0.0454545454545455,0.0454545454545455,0,0.132411067193676,0,0.134387351778656,0.0434782608695652,0.130434782608696,0.175889328063241,0.0909090909090909,0.179841897233202,0.0889328063241107,0.0434782608695652,0.0869565217391304,0,0.0454545454545455,0,0,0,0,0,0,0,0,0
1,96,1,17,0,0,30,0,0,0,0,0,0,0,0,0.0588235294117647,0,0.100490196078431,0.0588235294117647,0.176470588235294,0.0588235294117647,0.0588235294117647,0.218137254901961,0.142156862745098,0.142156862745098,0.142156862745098,0.259803921568627,0.176470588235294,0.235294117647059,0.625,0.159313725490196,0.100490196078431,0.700980392156863,0.659313725490196,0.166666666666667,0.541666666666667,0.159313725490196,0.0588235294117647,0,0,0,0,0,0,0,0
1,97,1,17,0,0,40,0,0,0,0,0,0,0,0,0.18859649122807,0.212121212121212,0.422631578947368,0.351929824561403,0.299242424242424,0.218086124401914,0.280586124401914,0.181419457735247,0.497575757575758,0.185263157894737,0.132631578947368,0.275131578947368,0.338672248803828,0.360586124401914,0.275131578947368,0.438409090909091,0.293217703349282,0.523863636363636,0.147954545454545,0.0625,0.0980861244019139,0.04,0.0854545454545454,0.0909090909090909,0,0,0,0,0,0,0
1,98,1,17,0,0,10,0,0,0,0,0,0,0,0,0,0,0.0833333333333333,0.0416666666666667,0.0833333333333333,0.125,0.0833333333333333,0.125,0.166666666666667,0.0416666666666667,0.0833333333333333,0.0833333333333333,0.125,0.291666666666667,0.0833333333333333,0.0416666666666667,0.125,0.166666666666667,0.166666666666667,0.0416666666666667,0,0,0.0416666666666667,0,0,0,0,0,0,0,0
1,99,1,17,0,0,5,0,0,0,0,0,0,0,0,0.117647058823529,0.117647058823529,0,0.117647058823529,0,0,0.352941176470588,0.117647058823529,0.117647058823529,0.117647058823529,0.117647058823529,0.117647058823529,0.117647058823529,0.117647058823529,0.117647058823529,0.117647058823529,0.117647058823529,0,0,0.117647058823529,0,0,0,0,0,0,0,0,0,0,0
1,101,1,17,0,0,20,0,0,0,0,0,0,0.04,0.0833333333333333,0,0.123333333333333,0.16,0.286666666666667,0.08,0.04,0.326666666666667,0.243333333333333,0.08,0.246666666666667,0.04,0.286666666666667,0.04,0.08,0.08,0.16,0.12,0.16,0.123333333333333,0.04,0.12,0,0,0,0,0.04,0,0,0,0,0
1,102,1,17,0,0,15,0,0,0,0,0,0,0,0,0,0.218137254901961,0.294117647058824,0,0.0588235294117647,0.0588235294117647,0.117647058823529,0.117647058823529,0.218137254901961,0.183823529411765,0.159313725490196,0.200980392156863,0.0833333333333333,0.200980392156863,0.225490196078431,0.200980392156863,0.159313725490196,0.183823529411765,0.0588235294117647,0.100490196078431,0.117647058823529,0.0416666666666667,0,0,0,0,0,0,0,0,0
1,103,1,17,0,0,5,0,0,0,0,0,0,0,0,0,0.0909090909090909,0,0.0909090909090909,0,0.0909090909090909,0.0909090909090909,0,0.0909090909090909,0,0.181818181818182,0.0909090909090909,0,0,0,0,0.181818181818182,0,0,0,0.0909090909090909,0,0,0,0,0,0,0,0,0,0
1,104,1,17,0,0,15,0,0,0,0,0,0,0,0,0,0.0909090909090909,0.117647058823529,0,0.0588235294117647,0,0.20855614973262,0.20855614973262,0.0454545454545455,0.20855614973262,0,0.10427807486631,0.0454545454545455,0.0588235294117647,0.195187165775401,0.10427807486631,0.0454545454545455,0.0588235294117647,0.149732620320856,0.10427807486631,0.10427807486631,0,0.0454545454545455,0.0454545454545455,0,0,0,0,0,0,0
1,105,1,17,0,0,25,0,0,0,0,0,0,0,0,0,0.04,1.04,0.132631578947368,0.04,0.185263157894737,0.225263157894737,0.132631578947368,0.12,0.12,0.12,0.650526315789474,0.16,0.252631578947368,0.452631578947368,0.385263157894737,0.08,0.317894736842105,0.16,0.0526315789473684,0.172631578947368,0.16,0,0,0,0,0,0,0,0,0
1,106,1,17,0,0,25,0,0,0,0,0,0,0,0,0.0416666666666667,0.0909090909090909,0.0833333333333333,0.0416666666666667,0.0833333333333333,0.132575757575758,0.178030303030303,0.181818181818182,0.0871212121212121,0.0909090909090909,0.0909090909090909,0.359848484848485,0.261363636363636,0.174242424242424,0.136363636363636,0.174242424242424,0.174242424242424,0.178030303030303,0.170454545454545,0.0454545454545455,0.136363636363636,0.0454545454545455,0.0416666666666667,0,0,0,0,0,0,0,0
1,107,1,17,0,0,5,0,0,0,0,0,0,0,0,0,0.130434782608696,0,0,0.0434782608695652,0.0434782608695652,0.0869565217391304,0.0869565217391304,0,0.0869565217391304,0.0869565217391304,0.0869565217391304,0.0434782608695652,0.130434782608696,0.0869565217391304,0,0,0.0434782608695652,0.0434782608695652,0,0,0,0,0,0,0,0,0,0,0,0
1,108,1,17,0,0,10,0,0,0,0,0,0,0,0,0,0.125,0,0.125,0.0526315789473684,0.0526315789473684,0.167763157894737,0,0.0625,0.0625,0.0625,0.0526315789473684,0.177631578947368,0.115131578947368,0.167763157894737,0.177631578947368,0.0526315789473684,0.167763157894737,0.105263157894737,0.0526315789473684,0.0625,0.105263157894737,0,0.0526315789473684,0,0,0,0,0,0,0
1,109,1,17,0,0,25,0,0,0,0,0,0,0,0,0.04,0.121666666666667,0.165,0.121666666666667,0.123333333333333,0.163333333333333,0.201666666666667,0,0.121666666666667,0.205,0.371666666666667,0.163333333333333,0.325,0.121666666666667,0.41,0.246666666666667,0.245,0.325,0.245,0.0416666666666667,0.16,0,0,0.0416666666666667,0,0.04,0,0,0,0,0
1,110,1,17,0,0,20,0,0,0,0,0,0,0,0,0,0.0833333333333333,0,0,0.0833333333333333,0,0,0,0,0,0.0833333333333333,0,0.0833333333333333,0.0833333333333333,0,0.0833333333333333,0.0833333333333333,0.0833333333333333,0.0833333333333333,0.166666666666667,0,0.0833333333333333,0,0,0,0,0,0,0,0,0
1,111,1,17,0,0,25,0,0,0,0,0,0,0,0.0476190476190476,0.166666666666667,0.110119047619048,0.229166666666667,0.1,0.257738095238095,0.110119047619048,0.324404761904762,0.0476190476190476,0.0476190476190476,0.1875,0.172619047619048,0.235119047619048,0.722619047619048,0.266666666666667,0.220238095238095,0.522619047619048,0.376785714285714,0.147619047619048,0.339285714285714,0.220238095238095,0.0476190476190476,0.1,0,0,0,0,0,0,0,0,0
1,112,1,17,0,0,15,0,0,0,0,0,0,0,0,0,0.0869565217391304,0.0909090909090909,0,0.0434782608695652,0.130434782608696,0.158385093167702,0.132411067193676,0.175889328063241,0.264822134387352,0,0.25974025974026,0.207792207792208,0.0434782608695652,0.231789949181254,0.188311688311688,0.223320158102767,0.205815923207228,0.231789949181254,0.136363636363636,0.142857142857143,0.0454545454545455,0,0,0,0,0,0,0,0,0
1,113,1,17,0,0,25,0,0,0,0,0,0,0,0,0.274444444444444,0.206666666666667,0.201666666666667,0.151111111111111,0.04,0.0816666666666667,0.0955555555555556,0.04,0.422222222222222,0.137222222222222,0.283333333333333,0.231111111111111,0.177222222222222,0.217222222222222,0.272777777777778,0.234444444444444,0.2,0.203333333333333,0.161666666666667,0.206666666666667,0,0.08,0.0816666666666667,0,0,0,0,0,0,0,0
1,114,1,17,0,0,15,0,0,0,0,0,0,0,0,0.1,0.1,0.1,0.1,0.1,0,0,0,0,0,0.1,0.1,0.1,0.1,0,0,0,0,0.1,0,0,0,0,0,0,0,0,0,0,0,0
1,115,1,17,0,0,10,0,0,0,0,0,0,0.05,0,0.05,0.05,0.05,0.05,0,0,0.05,0.152631578947368,0.0526315789473684,0.05,0.205263157894737,0.155263157894737,0.05,0.205263157894737,0.0526315789473684,0.157894736842105,0.155263157894737,0.102631578947368,0.05,0.155263157894737,0.0526315789473684,0,0.05,0,0.0526315789473684,0,0,0,0,0,0
1,116,1,17,0,0,20,0,0,0,0,0,0,0,0,0.0454545454545455,0,0.136363636363636,0,0.0454545454545455,0,0.136363636363636,0.181818181818182,0.227272727272727,0.181818181818182,0.181818181818182,0.227272727272727,0.0454545454545455,0.0454545454545455,0.445454545454545,0,0.181818181818182,0.445454545454545,0.227272727272727,0,0.0454545454545455,0,0,0,0,0,0.2,0,0,0,0
1,117,1,17,0,0,30,0,0,0,0,0,0,0,0,0.04,0.127619047619048,0.0416666666666667,0.0876190476190476,0.0816666666666667,0,0.04,0.135238095238095,0.04,0.296904761904762,0.504285714285714,0.169285714285714,0.696428571428571,0.496666666666667,0.172619047619048,0.0892857142857143,0.301904761904762,0.205,0.176904761904762,0.136904761904762,0.12,0.04,0,0,0,0,0,0,0,0,0
1,118,1,17,0,0,15,0,0,0,0,0,0,0,0,0,0.0526315789473684,0.08,0,0.0526315789473684,0.04,0,0.0526315789473684,0.04,0.172631578947368,0.290526315789474,0.0526315789473684,0.08,0.197894736842105,0.08,0.237894736842105,0.08,0.0926315789473684,0.12,0.04,0,0,0.132631578947368,0.105263157894737,0,0,0,0,0,0,0
1,119,1,17,0,0,20,0,0,0,0,0,0,0,0,0.04,0.0816666666666667,0.163333333333333,0.123333333333333,0.248478260869565,0.0833333333333333,0.333768115942029,0.08,0.0416666666666667,0.08,0.0434782608695652,0.210289855072464,0.16695652173913,0.0869565217391304,0.126811594202899,0.208623188405797,0.168478260869565,0.208623188405797,0.0416666666666667,0.255579710144928,0.163478260869565,0,0,0.0434782608695652,0,0,0,0,0,0,0
1,120,1,17,0,0,30,0,0,0,0,0,0.0416666666666667,0,0.0416666666666667,0,0.147869674185464,0.135238095238095,0.123333333333333,0.216904761904762,0.338571428571429,0.200501253132832,0.174298245614035,0.323107769423559,0.181917293233083,0.04,0.0926315789473684,0.283107769423559,0.169285714285714,0.22452380952381,0.422418546365915,0.595977443609022,0.37312030075188,0.460739348370927,0.183583959899749,0.04,0.0892857142857143,0.0526315789473684,0,0.0476190476190476,0,0,0,0,0,0
1,121,1,17,0,0,40,0,0,0,0,0,0.0454545454545455,0,0.04,0.294242424242424,0.0854545454545454,0.272727272727273,0.216363636363636,0.500909090909091,0.130909090909091,0.170909090909091,0.708787878787879,0.261818181818182,0.210909090909091,0.210909090909091,0.130909090909091,0.221818181818182,0.24,0.633030303030303,0.248787878787879,0.412121212121212,0.0854545454545454,0.464242424242424,0.08,0.165454545454545,0.0454545454545455,0.123333333333333,0,0,0,0,0,0,0,0
1,122,1,17,0,0,35,0,0,0,0,0,0,0,0.0909090909090909,0,0.0854545454545454,0.0555555555555556,0.08,0.611111111111111,0.04,0.231919191919192,0.181010101010101,0.205454545454545,0.221010101010101,0.08,0.271919191919192,0.5,0.277373737373737,0.256363636363636,0.166666666666667,0.04,0.252121212121212,0.141010101010101,0.0454545454545455,0,1.11111111111111,0,0,0.0555555555555556,0,0,0,0,0,0
1,123,1,17,0,0,25,0,0,0,0,0,0,0.04,0.04,0,0.0416666666666667,0.0816666666666667,0,0.0816666666666667,0.0816666666666667,0.0988235294117647,0.203333333333333,0.222156862745098,0.248333333333333,0.347156862745098,0.347156862745098,0.341470588235294,0.223823529411765,0.405980392156863,0.100490196078431,0.225490196078431,0.33,0.197647058823529,0.04,0.125,0.176470588235294,0,0,0,0,0,0,0,0,0
1,124,1,17,0,0,35,0,0,0,0,0,0,0.0816666666666667,0.123333333333333,0.121666666666667,0.191666666666667,0.166666666666667,0.208333333333333,0.118589743589744,0.0833333333333333,0.323589743589744,0.24025641025641,0.27,0.388333333333333,0.43,0.271666666666667,0.205,0.69551282051282,0.422179487179487,0.488846153846154,0.0816666666666667,0.302179487179487,0.228333333333333,0.196923076923077,0.108333333333333,0.175,0,0,0.0769230769230769,0,0,0,0,0,0
1,125,1,17,0,0,30,0,0,0,0,0,0,0,0,0.1,0.32,0.24,0.22,0.04,0.04,0.08,0.18,0.3,0.2,0.4,0.36,0,0.28,0.36,0.32,0.24,0.08,0.04,0.04,0.16,0,0,0,0,0,0,0,0,0,0
1,126,1,17,0,0,30,0,0,0,0,0,0,0.0416666666666667,0.0416666666666667,0,0.0416666666666667,0.165,0.54,0.123333333333333,0.28,0,0.0816666666666667,0.276428571428571,0.201666666666667,0.111428571428571,0.04,0.666190476190476,0.513095238095238,0.577619047619048,0.234761904761905,0.154761904761905,0.613095238095238,0.113095238095238,0.04,0.0714285714285714,0,0.0714285714285714,0,0,0,0,0,0,0,0
1,127,1,17,0,0,30,0,0,0,0,0,0,0,0.0526315789473684,0.05,0.132631578947368,0.327420020639835,0.132631578947368,0.151455108359133,0.182631578947368,0.324788441692466,0.235964912280702,0.0526315789473684,0.244086687306502,0.214086687306502,0.284788441692466,0.271455108359133,0.510330237358101,0.436945304437565,0.373859649122807,0.449349845201238,0.582208462332301,0.400051599587203,0.245263157894737,0.161455108359133,0,0.05,0.133333333333333,0,0,0,0,0,0,0
1,128,1,17,0,0,30,0,0,0,0,0,0,0.0454545454545455,0,0,0.170909090909091,0.256363636363636,0.256363636363636,0.136363636363636,0.241666666666667,0.205454545454545,0.127121212121212,0.261818181818182,0.372575757575758,0.247121212121212,0.12,0.04,0.665,0.365,0.245,0.161666666666667,0.583333333333333,0.165,0.08,0.212121212121212,0.0416666666666667,0,0,0,0,0,0,0,0,0
1,129,1,17,0,0,40,0,0,0,0.0434782608695652,0,0,0,0,0.170434782608696,0.12695652173913,0.252101449275362,0.257391304347826,0.130434782608696,0.121666666666667,0.0851449275362319,0.281666666666667,0.253768115942029,0.20695652173913,0.20695652173913,0.125144927536232,0.253768115942029,0.333623188405797,0.410289855072464,0.252101449275362,0.246811594202899,0.288623188405797,0.373913043478261,0.166811594202899,0.163478260869565,0.121666666666667,0.126811594202899,0,0,0,0,0,0,0,0
1,130,1,17,0,0,20,0,0,0,0,0,0,0,0,0,0.0476190476190476,0,0.383333333333333,0.19047619047619,0.380952380952381,0.0476190476190476,0.483333333333333,0.0476190476190476,0.05,0.0476190476190476,0.145238095238095,0.338095238095238,0.242857142857143,0.145238095238095,0,0.05,0.05,0.05,0,0.1,0.1,0,0.1,0,0,0,0,0,0,0
1,131,1,17,0,0,20,0,0,0,0,0,0,0,0,0,0.123478260869565,0.0454545454545455,0.0834782608695652,0.0834782608695652,0.12695652173913,0.0434782608695652,0.0434782608695652,0.261343873517787,0.212411067193676,0.130909090909091,0.0434782608695652,0.0889328063241107,0.674387351778656,0.350276679841897,0.363478260869565,0.210909090909091,0.305296442687747,0.0854545454545454,0.0434782608695652,0.545454545454545,0.0434782608695652,0,0.0909090909090909,0,0,0,0,0,0,0
1,132,1,17,0,0,35,0,0,0,0.04,0,0,0,0.2,0.283478260869565,0.20695652173913,0.414387351778656,0.616407553798858,0.128932806324111,0.123478260869565,0.0909090909090909,0.288976723759332,0.215889328063241,0.04,0.174387351778656,0.170434782608696,0.308774703557312,0.777953447518665,0.724707949055775,0.569020641194554,0.61645147123408,0.177865612648221,0.223320158102767,0.213913043478261,0.0854545454545454,0.173913043478261,0.0434782608695652,0.0909090909090909,0,0,0,0,0,0,0
1,133,1,17,0,0,40,0,0,0,0,0,0,0.117647058823529,0.0588235294117647,0.216470588235294,0.478692810457516,0.456470588235294,0.277647058823529,0.468034188034188,0.215746606334842,0.12,0.196923076923077,0.178823529411765,0.0769230769230769,0.351111111111111,0.332669683257919,0.393846153846154,0.588034188034188,0.553846153846154,0.44,0.2,0.4,0.231111111111111,0,0.228034188034188,0.08,0.151111111111111,0.188034188034188,0,0,0,0,0,0,0
1,134,1,17,0,0,40,0,0,0,0,0,0,0,0,0.0434782608695652,0.170434782608696,0.210434782608696,0.833478260869565,0.29,0.416811594202899,0.0834782608695652,0.663478260869565,0.0834782608695652,0.12695652173913,0.5,0.04,0.123478260869565,0.453333333333333,0.173913043478261,0.12,0.163478260869565,0.04,0.0869565217391304,0.333333333333333,0,0.0434782608695652,0,0,0,0,0,0,0,0,0
1,135,1,17,0,0,30,0,0,0,0,0,0,0.0666666666666667,0,0.14,0,0.295,0.123333333333333,0.108333333333333,0.0816666666666667,0.181666666666667,0.356666666666667,0.351666666666667,0.14,0.123333333333333,0.208333333333333,0.125,0.108333333333333,0.296666666666667,0.14,0.303333333333333,0.173333333333333,0.273333333333333,0.0833333333333333,0.04,0.28,0,0,0,0,0,0,0,0,0
1,136,1,17,0,0,15,0,0,0,0,0,0,0,0.04,0.0834782608695652,0.08,0.12,0.08,0.213913043478261,0.213913043478261,0.0869565217391304,0.0834782608695652,0.0869565217391304,0.04,0.0834782608695652,0.04,0.163478260869565,0.0834782608695652,0.08,0.08,0.0869565217391304,0.0834782608695652,0.0434782608695652,0.0434782608695652,0.04,0,0.0434782608695652,0,0,0,0,0,0,0,0
1,137,1,17,0,0,40,0,0,0,0,0,0,0,0,0.0526315789473684,0.157894736842105,0.237894736842105,0,0,0.132631578947368,0.45,0.410526315789474,0.172631578947368,0.292631578947368,0.132631578947368,0.36,0.372631578947368,0.502631578947368,0.662631578947368,0.252631578947368,0.28,0.69,0.16,0.36,0.16,0.12,0,0.04,0,0,0,0,0,0,0
1,138,1,17,0,0,25,0,0,0,0,0,0,0,0,0,0.0816666666666667,0.0816666666666667,0.161666666666667,0.0833333333333333,0,0.12,0.205,0.411666666666667,0.201666666666667,0.0816666666666667,0.373333333333333,0.203333333333333,0.321666666666667,0.08,0.12,0.12,0.08,0.368333333333333,0.0416666666666667,0.661666666666667,0.161666666666667,0,0,0.04,0,0,0,0,0,0
1,139,1,17,0,0,30,0,0,0,0,0,0,0.0555555555555556,0.04,0.05,0.291111111111111,0.222222222222222,0.111111111111111,0.105555555555556,0.367777777777778,0.306666666666667,0.145555555555556,0.145555555555556,0.17,0.568888888888889,0.23,0.105555555555556,0.241111111111111,0.191111111111111,0.17,0.09,0.111111111111111,0.58,0.0555555555555556,0,0.05,0.555555555555556,0.04,0,0,0,0,0,0,0
1,140,1,17,0,0,20,0,0,0,0,0.08,0,0,0,0,0.08,0.04,0.08,0.04,0.04,0.16,0.215555555555556,0.215555555555556,0.04,0.295555555555556,0.215555555555556,0.255555555555556,0.135555555555556,0.135555555555556,0.111111111111111,0.231111111111111,0.191111111111111,0.151111111111111,0.12,0,0.111111111111111,0.0555555555555556,0,0,0,0,0,0,0,0
1,141,1,17,0,0,30,0,0,0,0,0,0,0.04,0.111111111111111,0.111111111111111,0.0955555555555556,0.288333333333333,0.04,0.04,0.218888888888889,0.0972222222222222,0.135555555555556,0.121666666666667,0.08,0.406666666666667,0.243333333333333,0.217222222222222,0.203333333333333,0.342222222222222,0.08,0.354444444444444,0.161666666666667,0.163333333333333,0.123333333333333,0.0816666666666667,0,0.08,0.0816666666666667,0.0816666666666667,0,0,0,0,0,0
1,142,1,17,0,0,25,0,0,0,0,0,0,0,0.04,0.0416666666666667,0.08,0.09,0,0.09,0.12,0.18,0.04,0.09,0.05,0.215,0.255,1.22333333333333,0.161666666666667,0.403333333333333,0.355,0.1,0.458333333333333,0.29,0.0916666666666667,0.125,0,0.166666666666667,0.166666666666667,0,0.166666666666667,0,0,0,0,0
1,143,1,17,0,0,10,0,0,0,0,0,0,0,0,0.105263157894737,0.0961098398169336,0.157894736842105,0.105263157894737,0,0,0.148741418764302,0,0,0.0434782608695652,0.0526315789473684,0.148741418764302,0.235697940503432,0.0526315789473684,0.0869565217391304,0.148741418764302,0.0434782608695652,0.226544622425629,0.0869565217391304,0.0869565217391304,0.0434782608695652,0.0434782608695652,0.0434782608695652,0,0.0434782608695652,0,0,0,0,0,0
1,144,1,17,0,0,30,0,0,0,0,0,0.0769230769230769,0,0.0416666666666667,0.183333333333333,0.416666666666667,0.525,0.123333333333333,0.436666666666667,0.133333333333333,0.173333333333333,0.16025641025641,0.216666666666667,0.126923076923077,0.206923076923077,0.195512820512821,0.206666666666667,0.410512820512821,0.04,0.283333333333333,0.20025641025641,0.365512820512821,0.118589743589744,0.156923076923077,0.04,0.08,0.0416666666666667,0,0,0,0,0,0.04,0,0
1,145,1,17,0,0,35,0,0,0,0,0,0,0,0,0.140909090909091,0.17,0.501666666666667,0.400909090909091,0.491666666666667,0.383333333333333,0.22,0.17,0.353484848484849,0.09,0.421818181818182,0.331666666666667,0.404393939393939,0.385,0.163333333333333,0.201666666666667,0.345909090909091,0.214242424242424,0.203333333333333,0,0.121666666666667,0.121666666666667,0.121666666666667,0.0416666666666667,0,0,0,0,0,0,0
1,146,1,17,0,0,25,0,0,0,0,0,0,0,0,0.0833333333333333,0.0416666666666667,0.125,0.165,0.205,0.125,0.998333333333333,1.53,0.125,0.12,0.04,0.0416666666666667,0,0.163333333333333,0.04,0.205,0.125,0.0833333333333333,0.08,0,0.0416666666666667,0.54,0.0416666666666667,0.04,0,0,0,0.04,0,0,0
1,147,1,17,0,0,15,0,0,0,0,0,0,0,0,0,0.0454545454545455,0.0454545454545455,0.0909090909090909,0.0889328063241107,0.134387351778656,0.288932806324111,0.0869565217391304,0.177865612648221,0.134387351778656,0.134387351778656,0.132411067193676,0.132411067193676,0.0869565217391304,0.177865612648221,0.334387351778656,0.0454545454545455,0.0434782608695652,0.0869565217391304,0.0889328063241107,0,0.2,0.243478260869565,0.2,0,0,0,0,0,0,0
1,148,1,17,0,0,15,0,0,0,0,0,0,0,0,0,0.04,0.04,0.04,0.0416666666666667,0.0816666666666667,0.0416666666666667,0.203333333333333,0.121666666666667,0.121666666666667,0.29,0.201666666666667,0.123333333333333,0.12,0.08,0,0.04,0.165,0.0416666666666667,0.166666666666667,0,0,0,0,0,0.04,0,0,0,0,0
1,149,1,17,0,0,30,0,0,0,0,0,0,0.04,0,0.0416666666666667,0.123333333333333,0.165,0.0833333333333333,0.04,0.12,0.04,0.04,0.08,0.246666666666667,0.286666666666667,0.446666666666667,0.323333333333333,0.736666666666667,0.285,0.161666666666667,0.206666666666667,0.08,0.0833333333333333,0.246666666666667,0.0833333333333333,0,0.04,0,0,0,0,0,0,0,0
1,150,1,17,0,0,20,0,0,0,0,0,0,0,0,0,0.166666666666667,0.166666666666667,0,0.0833333333333333,0,0,0,0,0.166666666666667,0.237179487179487,0.0833333333333333,1.13333333333333,0.711538461538462,1.32307692307692,0.391025641025641,0.887179487179487,0.25,0.4,0,0,0,0,0,0,0,0,0,0,0,0
1,152,1,17,0,0,5,0,0,0,0,0,0,0,0,0,0,0,0,0,0,0.0416666666666667,0.0416666666666667,0.125,0.0416666666666667,0,0.0416666666666667,0.125,0.0416666666666667,0.166666666666667,0.0833333333333333,0.0833333333333333,0.0833333333333333,0,0.0833333333333333,0,0,0,0.0416666666666667,0,0,0,0,0,0,0
1,153,1,17,0,0,40,0,0,0,0,0,0,0,0,0.123478260869565,0.123478260869565,0.278385093167702,0.234906832298137,0.163478260869565,0.283478260869565,0.111428571428571,0.123478260869565,0.369192546583851,0.306335403726708,0.389813664596273,0.381242236024845,0.0834782608695652,0.433291925465839,0.341242236024845,0.304347826086957,0.38472049689441,0.253913043478261,0.588198757763975,0.421242236024845,0.173913043478261,0.04,0.0434782608695652,0.0434782608695652,0,0,0,0,0,0,0
1,154,1,17,0,0,5,0,0,0,0,0,0,0,0,0,0,0,0.125,0.125,0,0.0833333333333333,0.125,0.125,0,0,0.0833333333333333,0,0.0416666666666667,0.0416666666666667,0.166666666666667,0.0416666666666667,0,0,0,0,0,0.0416666666666667,0,0,0,0,0,0,0,0
1,155,1,17,0,0,15,0,0,0,0,0,0,0,0.333333333333333,0,0,0,0.0476190476190476,0.0952380952380952,0,0.0952380952380952,0,0.2,0.247619047619048,0.380952380952381,0.0476190476190476,0,0.295238095238095,0.447619047619048,0.0952380952380952,0,0.0952380952380952,0.333333333333333,0.0952380952380952,0.142857142857143,0,0,0,0.0476190476190476,0,0,0,0,0,0
1,156,1,17,0,0,20,0,0,0,0,0,0,0,0,0.04,0.0926315789473684,0,0.123333333333333,0.132631578947368,0.12,0.08,0.0416666666666667,0.215964912280702,0.146929824561403,0.335964912280702,0.237894736842105,0,0.241228070175439,0.174298245614035,0.123333333333333,0.219298245614035,0.174298245614035,0.04,0.177631578947368,0.18859649122807,0.0942982456140351,0,0,0,0,0,0,0,0,0
1,157,1,17,0,0,30,0,0,0,0.0416666666666667,0,0,0,0.153095238095238,0,0.205,0.379285714285714,0.379285714285714,0.12,0.142857142857143,0.351190476190476,0.214285714285714,0.294285714285714,0.459285714285714,0.153095238095238,0,0.154761904761905,0.389523809523809,0.206666666666667,0.328333333333333,0,0.161666666666667,0.166666666666667,0.288333333333333,0.226190476190476,0,0.142857142857143,0.0416666666666667,0,0,0,0,0,0,0
1,158,1,17,0,0,5,0,0,0,0,0,0,0,0.0416666666666667,0.0416666666666667,0,0.0833333333333333,0,0.0416666666666667,0.0833333333333333,0.0416666666666667,0.0416666666666667,0.0833333333333333,0.0833333333333333,0.0416666666666667,0.0833333333333333,0.0416666666666667,0.0416666666666667,0.0416666666666667,0,0.0833333333333333,0.0416666666666667,0.0416666666666667,0.0416666666666667,0,0,0,0,0,0,0,0,0,0,0
1,159,1,17,0,0,20,0,0,0,0,0,0,0,0,0,0.123478260869565,0.0434782608695652,0.04,0.323478260869565,0.163478260869565,0.210434782608696,0.0434782608695652,0,0.16695652173913,0.0834782608695652,0.20695652173913,1.04,0.170434782608696,0.410434782608696,0.323478260869565,0.08,0.283478260869565,0.243478260869565,0.0434782608695652,0,0,0,0,0,0,0,0,0,0,0
1,160,1,17,0,0,15,0,0,0,0,0,0,0,0,0.0833333333333333,0,0.283333333333333,0.325,0.0416666666666667,0.0833333333333333,0.241666666666667,0.208333333333333,0.166666666666667,0.408333333333333,0.125,0.0833333333333333,0.325,0.166666666666667,0.166666666666667,0.125,0,0,0.0833333333333333,0,0.0416666666666667,0.0416666666666667,0,0,0,0,0,0,0,0,0
1,161,1,17,0,0,30,0,0,0,0,0,0,0,0,0.118589743589744,0.166666666666667,0.125,0.0833333333333333,0.208333333333333,0.0833333333333333,0.166666666666667,0.0833333333333333,0.194444444444444,0.320512820512821,0.473290598290598,0.28525641025641,0.486111111111111,0.299145299145299,0.237179487179487,0.375,0.313034188034188,0.118589743589744,0.486111111111111,0,0.0769230769230769,0.0769230769230769,0.111111111111111,0.111111111111111,0,0,0,0,0,0,0
1,162,1,17,0,0,10,0,0,0,0,0,0,0,0,0,0,0,0,0,0,0,0,0.125,0,0.2,0.25,0,0.125,0,0.25,0.65,0,0,0,0.2,0.2,0,0,0,0,0,0,0,0,0
1,163,1,17,0,0,10,0,0,0,0,0,0,0,0,0,0.105263157894737,0.203349282296651,0.248803827751196,0.136363636363636,0.136363636363636,0.150717703349282,0.0454545454545455,0.0454545454545455,0.105263157894737,0.241626794258373,0.150717703349282,0.188995215311005,0.0526315789473684,0.0454545454545455,0,0,0,0.0454545454545455,0.0980861244019139,0,0,0,0,0,0,0,0,0,0,0
1,164,1,17,0,0,25,0,0,0,0,0,0,0.05,0,0.326811594202899,0.30776397515528,0.333333333333333,0.164285714285714,0.30776397515528,0.266666666666667,0.326811594202899,0.324430641821946,0.28871635610766,0.143478260869565,0.0910973084886128,0.130434782608696,0.223913043478261,0.253002070393375,0.23695652173913,0.13871635610766,0.594099378881988,0.160144927536232,0.0910973084886128,0.192857142857143,0,0,0,0.0476190476190476,0,0,0,0,0,0,0
1,165,1,17,0,0,15,0,0,0,0,0,0,0,0.04,0,0.172631578947368,0.04,0.172631578947368,0.172631578947368,0.265263157894737,0.0926315789473684,0.225263157894737,0.252631578947368,0.172631578947368,0.172631578947368,0.08,0.04,0.12,0.225263157894737,0.132631578947368,0.237894736842105,0.04,0.212631578947368,0.0926315789473684,0,0.04,0,0,0,0,0,0,0,0,0
1,166,1,17,0,0,5,0,0,0,0,0,0,0,0,0,0,0,1,0,0,0,0,0,0,1,0,0,0,0,0,0,0,0,0,0,0,0,0,0,0,0,0,0,0,0
1,168,1,17,0,0,5,0,0,0,0,0,0,0,0,0,0,0,0,0,0,0,0,0.0555555555555556,0,0.166666666666667,0.0555555555555556,0.0555555555555556,0.111111111111111,0.277777777777778,0.111111111111111,0.0555555555555556,0,0.111111111111111,0,0,0,0,0,0,0,0,0,0,0,0
1,169,1,17,0,0,10,0,0,0,0,0,0,0,0,0.0952380952380952,0.0476190476190476,0.0869565217391304,0.0476190476190476,0.0910973084886128,0.0869565217391304,0.0476190476190476,0.0434782608695652,0.0434782608695652,0.0910973084886128,0.0869565217391304,0.0910973084886128,0.0910973084886128,0.0869565217391304,0.186335403726708,0.325051759834369,0.182194616977226,0.13871635610766,0.0434782608695652,0.0434782608695652,0,0,0.0434782608695652,0,0,0,0,0,0,0,0
1,170,1,17,0,0,10,0,0,0,0.0454545454545455,0,0,0.0454545454545455,0.0909090909090909,0.227272727272727,0.0714285714285714,0.0454545454545455,0,0.142857142857143,0,0.0454545454545455,0.0714285714285714,0.136363636363636,0.116883116883117,0.25974025974026,0.142857142857143,0.116883116883117,0.188311688311688,0.116883116883117,0.0909090909090909,0,0.0454545454545455,0,0,0,0,0,0,0,0,0,0,0,0,0
1,171,1,17,0,0,10,0,0,0,0,0,0,0,0,0,0.0555555555555556,0.287581699346405,0.117647058823529,0.0555555555555556,0.111111111111111,0.169934640522876,0.0555555555555556,0.111111111111111,0.173202614379085,0.0588235294117647,0,0.169934640522876,0.343137254901961,0,0,0,0.235294117647059,0,0.0555555555555556,0,0,0,0,0,0,0,0,0,0,0
1,172,1,17,0,0,20,0,0,0,0,0,0,0,0,0,0,0.142857142857143,0.20952380952381,0.170833333333333,0.20952380952381,0.142857142857143,0.254166666666667,0.166666666666667,0.170833333333333,0.0833333333333333,0.191666666666667,0.24702380952381,0.533333333333333,0.25,0.0833333333333333,0.0416666666666667,0.24702380952381,0.175,0.20952380952381,0.129166666666667,0,0.129166666666667,0.108333333333333,0,0,0.0416666666666667,0.0625,0,0,0
1,173,1,17,0,0,20,0,0,0,0,0,0,0.0434782608695652,0,0.0434782608695652,0,0.105263157894737,0.148741418764302,0.0869565217391304,0.0869565217391304,0.0434782608695652,0.139588100686499,0.0526315789473684,0.0434782608695652,0.157894736842105,0.148741418764302,0.105263157894737,0.0961098398169336,0.0961098398169336,0.157894736842105,0.0961098398169336,0.130434782608696,0.0869565217391304,0.0434782608695652,0,0.0869565217391304,0,0,0,0,0,0,0,0,0
1,174,1,17,0,0,15,0,0,0,0,0,0,0,0,0,0,0,0.0434782608695652,0,0,0.0434782608695652,0.443478260869565,0,0,0.0434782608695652,0.630434782608696,0.543478260869565,0,0.0869565217391304,0.173913043478261,0.243478260869565,0.130434782608696,0.443478260869565,0.0434782608695652,0.0434782608695652,0.0434782608695652,0.0434782608695652,0,0,0,0,0,0,0,0
1,175,1,17,0,0,5,0,0,0,0,0,0,0,0,0,0.142857142857143,0,0,0.142857142857143,0,0,0,0,0,0,0,0.142857142857143,0,0.142857142857143,0.142857142857143,0,0.142857142857143,0,0,0,0,0.142857142857143,0,0,0,0,0,0,0,0
1,176,1,17,0,0,10,0,0,0,0,0,0,0,0,0,0,0,0.0909090909090909,0,0.0909090909090909,0.0666666666666667,0.0666666666666667,0.133333333333333,0.157575757575758,0.0909090909090909,0.0909090909090909,0.133333333333333,0.0909090909090909,0.0666666666666667,0.157575757575758,0.381818181818182,0.0909090909090909,0,0.0666666666666667,0.0666666666666667,0.0666666666666667,0.0909090909090909,0,0,0,0,0,0,0,0
1,177,1,17,0,0,15,0,0,0,0,0,0,0,0,0.0416666666666667,0.05,0.15,0.0416666666666667,0,0.1,0.15,0.0916666666666667,0,0.0416666666666667,0,0.1,0,0.0916666666666667,0.1,0.141666666666667,0.308333333333333,0.216666666666667,0.0833333333333333,0.125,0,0.0833333333333333,0.0416666666666667,0,0,0,0,0.0416666666666667,0,0,0
1,178,1,17,0,0,5,0,0,0,0,0,0,0,0,0,0,0,0,0,0,0,0,0,0,0,0,0,0.666666666666667,0,0,0.666666666666667,0,0,0.666666666666667,0,0,0,0,0,0,0,0,0,0,0
1,180,1,17,0,0,10,0,0,0,0,0,0,0,0,0.181818181818182,0,0,0.140909090909091,0,0.190909090909091,0,0.331818181818182,0.1,0.140909090909091,0.1,0.1,0.190909090909091,0.05,0.140909090909091,0.05,0.0909090909090909,0.1,0,0,0.0909090909090909,0,0,0,0,0,0,0,0,0,0
1,181,1,17,0,0,20,0,0,0,0.05,0,0,0.175,0.0625,0.1875,0.2375,0.1875,0.1125,0.2125,0.2375,0.1875,0.0625,0.1125,0.225,0.1,0.125,0.05,0.1125,0.1125,0.1625,0.0625,0.1625,0.0625,0,0,0,0,0,0,0,0,0,0,0,0
1,182,1,17,0,0,5,0,0,0,0,0,0,0,0,0,0,0,0,0,0,0,0,0,0,0,0,0,0,0.5,0,0,0,0.5,0.5,0,0.5,0,0,0,0,0,0,0,0,0
1,184,1,17,0,0,20,0,0,0,0,0,0,0,0.0416666666666667,0.0833333333333333,0.125,0.104166666666667,0.0625,0.0833333333333333,0.0833333333333333,0.4,0.293478260869565,0.283333333333333,0.172101449275362,0.232789855072464,0.41195652173913,0.0625,0.128623188405797,0.304166666666667,0.297101449275362,0.278079710144928,0.191123188405797,0.105978260869565,0.105978260869565,0.0625,0,0.0434782608695652,0,0.0434782608695652,0,0,0,0,0,0
1,185,1,17,0,0,20,0,0,0,0,0,0,0,0,0.12,0,0,0,0.04,0.08,0.08,0.12,0.04,0.12,0.16,0.08,0.12,0.16,0.04,0.08,0.24,0.2,0.16,0.08,0.04,0.04,0,0,0,0,0,0,0,0,0
1,186,1,17,0,0,25,0,0,0,0,0,0.04,0,0.181818181818182,0.380909090909091,0.390606060606061,0.297575757575758,0.214242424242424,0.216363636363636,0,0.0909090909090909,0.221818181818182,0.294242424242424,0.08,0.345151515151515,0.174242424242424,0.221818181818182,0.0833333333333333,0.0854545454545454,0.170909090909091,0.130909090909091,0.0854545454545454,0.0833333333333333,0.04,0.04,0,0.0909090909090909,0.04,0,0,0,0,0,0,0
1,187,1,17,0,0,20,0,0,0,0,0,0,0.111111111111111,0.111111111111111,0.222222222222222,0.914080071974809,0.105263157894737,0.432748538011696,0.58659469185785,0.111111111111111,2.30769230769231,0.418803418803419,0.105263157894737,0.216374269005848,0.264957264957265,0.364372469635628,0.461538461538462,0,0.321637426900585,0.259109311740891,0,0.426900584795322,0.259109311740891,0,0,0,0,0,0,0,0,0,0,0,0
1,189,1,17,0,0,20,0,0,0,0,0,0,0,0.0833333333333333,0.04,0.0833333333333333,0.04,0.04,0.08,0.08,0,0.04,0.04,0.206666666666667,0,0.0833333333333333,0.08,0.163333333333333,0.0833333333333333,0.203333333333333,0.163333333333333,0.326666666666667,0,0.0833333333333333,0.08,0,0,0,0,0,0,0,0,0,0
1,190,1,17,0,0,5,0,0,0,0,0,0,0,0,0.1875,0.1875,0.1875,0,0,0.1875,0.1875,0.1875,0.375,0.375,0.375,0,0.1875,0.1875,0.1875,0.1875,0,0,0,0,0,0,0,0,0,0,0,0,0,0,0
1,193,1,17,0,0,20,0,0,0,0,0,0,0,0.181818181818182,0.237373737373737,0.134387351778656,0.332454984628898,0.292929292929293,0.111111111111111,0.181818181818182,0.0434782608695652,0.111111111111111,0.177865612648221,0.0990338164251208,0.0555555555555556,0.0990338164251208,0.0990338164251208,0.241545893719807,0.130434782608696,0,0.0869565217391304,0.0990338164251208,0.0555555555555556,0.130434782608696,0.0990338164251208,0,0,0,0,0,0,0,0,0,0
1,194,1,17,0,0,5,0,0,0,0,0,0,0,0,0.153846153846154,0,0.0769230769230769,0.153846153846154,0,0,0.0769230769230769,0,0.0769230769230769,0.0769230769230769,0,0.0769230769230769,0.153846153846154,0.0769230769230769,0,0.0769230769230769,0,0,0,0,0,0,0,0,0,0,0,0,0,0,0
1,195,1,17,0,0,25,0,0,0,0,0,0,0,0.105978260869565,0.240365612648221,0.437958780350085,0.469802842085451,0.443581780538302,0.460791925465838,0.367694805194805,0.562958780350085,0.268962921136834,0.338768115942029,0.174430641821946,0.236930641821946,0.0476190476190476,0.257575757575758,0.0476190476190476,0.0476190476190476,0.130952380952381,0.174242424242424,0,0.0476190476190476,0.0476190476190476,0,0.0909090909090909,0,0,0,0,0,0,0,0,0
1,196,1,17,0,0,15,0,0,0,0,0,0,0,0.125,0.125,0.221230158730159,0.236111111111111,0.275793650793651,0.206349206349206,0.393849206349206,0.253968253968254,0.172619047619048,0.158730158730159,0.142857142857143,0.165674603174603,0.0555555555555556,0.0476190476190476,0,0,0,0.110119047619048,0.158730158730159,0.0476190476190476,0.103174603174603,0,0,0,0,0,0,0,0,0,0,0
1,197,1,17,0,0,15,0,0,0,0,0,0,0,0,0.0625,0,0,0,0,0.125,0.125,0.0625,0,0.125,0.0625,0.125,0.0625,1,0.0625,0.0625,0,0.0625,0,0.0625,0,0,0,0,0,0,0,0,0,0,0
1,198,1,17,0,0,5,0,0,0,0,0,0,0,0,0,0,0,0.0833333333333333,0,0,0.0833333333333333,0.0833333333333333,0.0833333333333333,0,0,0.25,0.0833333333333333,0.0833333333333333,0,0,0,0,0.166666666666667,0.0833333333333333,0,0,0,0,0,0,0,0,0,0,0
1,199,1,17,0,0,5,0,0,0,0,0,0,0,0.05,0.15,0.05,0.05,0,0,0,0,0.1,0.2,0,0,0.1,0,0.05,0.1,0.05,0,0,0.05,0.05,0,0,0,0,0,0,0,0,0,0,0
1,200,1,17,0,0,5,0,0,0,0,0,0,0,0,0,0,0,0,0,0,0,0,0,0,0.5,0.5,0,0,0,0,0.5,0,0.5,0,1,0,0,0,0,0,0,0,0,0,0
1,203,1,17,0,0,5,0,0,0,0,0,0,0,0,0,0,0,0,0,0,0,0,0,1,0,0,0,0,0,0,0,0,0,0,0,0,0,0,0,0,0,0,0,0,0
1,204,1,17,0,0,15,0,0,0,0,0,0,0.05,0.111111111111111,0.261111111111111,0.1,0.191666666666667,0.244444444444444,0.202777777777778,0.505555555555556,0.05,0.322222222222222,0.0833333333333333,0.05,0.244444444444444,0.125,0.0833333333333333,0.0416666666666667,0.125,0.0833333333333333,0.0416666666666667,0.0416666666666667,0,0.0416666666666667,0,0,0,0,0,0,0,0,0,0,0
1,205,1,17,0,0,10,0,0,0,0,0,0.130434782608696,0,0,0,0.391304347826087,0.782608695652174,0.771739130434783,0.391304347826087,0.255434782608696,0.385869565217391,0.130434782608696,0.125,0.510869565217391,0.5,0.125,0.125,0.5,0.125,0.25,0.125,0.125,0,0,0,0,0,0,0.125,0.125,0,0,0,0,0
1,208,1,17,0,0,15,0,0,0,0,0,0,0,0,0,0,0,0.285714285714286,0,0.111111111111111,0.396825396825397,0.111111111111111,0,0.222222222222222,0,0.111111111111111,0.285714285714286,0.222222222222222,1.33333333333333,1.79365079365079,0.222222222222222,0.396825396825397,0,0.111111111111111,0.285714285714286,0,0.111111111111111,0,0,0,0,0,0,0,0
1,210,1,17,0,0,10,0,0,0,0,0,0,0,0,0,0,0,0,0,0,0,0,0,0,0.333333333333333,0,0,0,0.333333333333333,0,0,0,0,0.666666666666667,0.666666666666667,0,0,0,0,0,0,0,0,0,0
1,211,1,17,0,0,10,0,0,0,0,0,0,0,0,0,0,0,1,0,0,0,0,0,0,0,0,0.0625,0,0.125,0.0625,0.125,0.125,0.125,0.1875,0,0.0625,0.0625,0,0,0.0625,0,0,0,0,0
1,212,1,17,0,0,10,0,0,0,0,0,0,0,0,0,0,0,0,0,0.1,0,0.322222222222222,0,0.222222222222222,0,0.2,0.522222222222222,0.222222222222222,0.2,0.544444444444444,0.422222222222222,0.644444444444444,0.1,0.3,0.1,0,0,0.1,0,0,0,0,0,0,0
1,214,1,17,0,0,10,0,0,0,0,0,0,0,0,0,0,1,0,0,0,0,0,0,0,0,0.142857142857143,0,0.142857142857143,0,0,0.142857142857143,0,0.428571428571429,0.142857142857143,0,0,0,0,0,0,0,0,0,0,0
1,215,1,17,0,0,10,0,0,0,0,0,0,0,0,0,0,0,0,0,0,0,0,0,0,0,0.4,0,0,2,0.8,0,0.4,0,0.4,0,0,0,0,0,0,0,0,0,0,0
1,217,1,17,0,0,10,0,0,0,0,0.04,0,0,0.04,0.121666666666667,0.2,0.08,0.08,0.205,0.08,0.08,0.121666666666667,0.04,0.163333333333333,0.0416666666666667,0.125,0.0833333333333333,0.123333333333333,0.0416666666666667,0,0.0416666666666667,0.0416666666666667,0.125,0,0.0416666666666667,0.0416666666666667,0.0416666666666667,0,0,0,0,0,0,0,0
1,218,1,17,0,0,15,0,0,0,0,0,0,0,0,0.25,0,0,0,0,0,0.0833333333333333,0,0,0,0.166666666666667,0.0833333333333333,0.166666666666667,0,0,0.0833333333333333,0.166666666666667,0,1,0,0,0,0,0,0,0,0,0,0,0,0
1,219,1,17,0,0,15,0,0,0,0,0,0,0,0,0.166666666666667,0.0555555555555556,0,0.0555555555555556,0.05,0.105555555555556,0,0.192857142857143,0,0.0555555555555556,0.248412698412698,0.261111111111111,0.266666666666667,0.105555555555556,0.546825396825397,0.391269841269841,0.105555555555556,0.1,0,0.242857142857143,0,0.05,0,0,0,0,0,0,0,0,0
1,220,1,17,0,0,15,0,0,0,0,0,0,0,0,0.143540669856459,0.287081339712919,0.318181818181818,0.423444976076555,0.0454545454545455,0.0526315789473684,0.0980861244019139,0.0909090909090909,0.136363636363636,0,0.105263157894737,0.196172248803828,0.0980861244019139,0.0454545454545455,0.188995215311005,0.203349282296651,0.241626794258373,0,0.0454545454545455,0.0980861244019139,0.0909090909090909,0,0.0454545454545455,0.0454545454545455,0,0,0,0,0,0,0
1,221,1,17,0,0,15,0,0,0,0,0,0,0,0.0476190476190476,0.0952380952380952,0.0952380952380952,0.30952380952381,0.285714285714286,0.19047619047619,0.238095238095238,0.285714285714286,0.0714285714285714,0,0.0714285714285714,0.19047619047619,0.19047619047619,0.214285714285714,0,0.142857142857143,0.0714285714285714,0.142857142857143,0,0.142857142857143,0,0.0714285714285714,0.0714285714285714,0.0714285714285714,0,0,0,0,0,0,0,0
1,222,1,17,0,0,5,0,0,0,0,0,0,0,0,0,0,0,0,0,0,0,0,0,0,0,0,0,0,0,0,0,0,0,0,0,0,0,0,0,1,0,0,0,0,0
1,223,1,17,0,0,15,0,0,0,0,0,0,0.142857142857143,0.142857142857143,0.428571428571429,0.285714285714286,0.25,0.142857142857143,0.142857142857143,0.25,0.392857142857143,0.142857142857143,0,0.428571428571429,0.25,0,0,0,0,0,0,0,0,0,0,0,0,0,0,0,0,0,0,0,0
1,224,1,17,0,0,20,0,0,0,0,0,0.0416666666666667,0,0.135964912280702,0.138888888888889,0.606203007518797,0.667710944026733,0.347326649958229,0.136904761904762,0.0416666666666667,0.0526315789473684,0.199561403508772,0.0555555555555556,0.100250626566416,0,0.269005847953216,0.152882205513784,0.160818713450292,0.258980785296575,0.150793650793651,0.192460317460317,0.0476190476190476,0,0.0526315789473684,0.0476190476190476,0.0952380952380952,0.0476190476190476,0,0,0,0,0,0,0,0
1,225,1,17,0,0,15,0,0,0,0.04,0,0,0.0666666666666667,0,0.1425,0.106666666666667,0.369166666666667,0.285,0.24,0.04,0.0625,0,0.173333333333333,0.191666666666667,0.294166666666667,0.106666666666667,0.0625,0.133333333333333,0.231666666666667,0.2625,0,0.0666666666666667,0,0,0,0.0625,0.0625,0,0,0,0,0,0,0,0
1,226,1,17,0,0,5,0,0,0,0,0,0,0,0,0.315789473684211,0.631578947368421,0.315789473684211,0.315789473684211,0.631578947368421,0.315789473684211,0.157894736842105,0.157894736842105,0,0,0,0,0,0.157894736842105,0,0,0,0,0,0,0,0,0,0,0,0,0,0,0,0,0
1,229,1,17,0,0,5,0,0,0,0,0,0,0,0,0,0.4,0,0.4,0,0.4,0,0,0,0.4,0,0,0,0.4,0,0,0,0,0,0,0,0,0,0,0,0,0,0,0,0,0
1,231,1,17,0,0,10,0,0,0,0,0,0,0,0,0,0,0,0,0,0,0,0,0,0,0,0.125,1,0.125,0,0.125,0.25,0,0,0.125,0.125,0.125,0,0,0,0,0,0,0,0,0
1,232,1,17,0,0,5,0,0,0,0,0,0,0,0,0,0.4,0.4,0,0.4,0,0,0,0,0.4,0,1.2,0,0.4,0.8,0.4,0,0.8,0.4,0,0.4,0,0,0,0,0,0,0,0,0,0
1,238,1,17,0,0,10,0,0,0,0,0,0,0.0666666666666667,0,0.333333333333333,0.0666666666666667,0,0,0,0,0,0,0,0,0.0666666666666667,0.0666666666666667,0.0666666666666667,0,0.4,0.133333333333333,0.333333333333333,0.133333333333333,0,0.0666666666666667,0,0.2,0,0,0,0.0666666666666667,0,0,0,0,0
