"Category","Year","Unit","Fleet","Estimate_metric_tons","SD_log","SD_mt"
1,81,1,1,0,NA,NA
1,82,1,1,0,NA,NA
1,83,1,1,0,NA,NA
1,84,1,1,0,NA,NA
1,85,1,1,0,NA,NA
1,86,1,1,0,NA,NA
1,87,1,1,0,NA,NA
1,88,1,1,0,NA,NA
1,89,1,1,0,NA,NA
1,90,1,1,0,NA,NA
1,91,1,1,0,NA,NA
1,92,1,1,0,NA,NA
1,93,1,1,292.500989138398,1.11992837133258,327.580156378935
1,94,1,1,0,NA,NA
1,95,1,1,613.330262009189,0.523066847435692,320.812726586054
1,96,1,1,0,NA,NA
1,97,1,1,87.4189416463121,1.10518114233269,96.6137657901863
1,98,1,1,0,NA,NA
1,99,1,1,0,NA,NA
1,100,1,1,0,NA,NA
1,101,1,1,740.133434635082,0.293767869029052,217.427421889902
1,102,1,1,0,NA,NA
1,103,1,1,0,NA,NA
1,104,1,1,0,NA,NA
1,105,1,1,0,NA,NA
1,106,1,1,0,NA,NA
1,107,1,1,0,NA,NA
1,108,1,1,430.326169019148,0.539199470865614,232.031642634751
1,109,1,1,0,NA,NA
1,110,1,1,0,NA,NA
1,111,1,1,0,NA,NA
1,112,1,1,0,NA,NA
1,113,1,1,0,NA,NA
1,114,1,1,0,NA,NA
1,115,1,1,0,NA,NA
1,116,1,1,0,NA,NA
1,117,1,1,0,NA,NA
1,118,1,1,0,NA,NA
1,119,1,1,0,NA,NA
1,120,1,1,0,NA,NA
1,121,1,1,0,NA,NA
1,122,1,1,0,NA,NA
1,123,1,1,0,NA,NA
1,124,1,1,0,NA,NA
1,125,1,1,0,NA,NA
1,126,1,1,393.589608921998,0.992618467392288,390.684314389683
1,127,1,1,0,NA,NA
1,128,1,1,0,NA,NA
1,129,1,1,148.890614275237,0.98803835450562,147.109637529836
1,130,1,1,0,NA,NA
1,131,1,1,0,NA,NA
1,132,1,1,0,NA,NA
1,133,1,1,0,NA,NA
1,134,1,1,0,NA,NA
1,135,1,1,2621.79129926864,0.650577937210564,1705.6795752748
1,136,1,1,0,NA,NA
1,137,1,1,215.084167694935,1.02081796902371,219.561783235498
1,138,1,1,0,NA,NA
1,139,1,1,0,NA,NA
1,140,1,1,0,NA,NA
1,141,1,1,221.057250229046,0.94457930306148,208.806103358039
1,142,1,1,0,NA,NA
1,143,1,1,0,NA,NA
1,144,1,1,370.408082855187,0.487879896820415,180.714657244836
1,145,1,1,0,NA,NA
1,146,1,1,0,NA,NA
1,147,1,1,0,NA,NA
1,148,1,1,0,NA,NA
1,149,1,1,586.384735316935,0.840751796167801,493.004019463094
1,150,1,1,622.695928625451,0.961590455626234,598.778461723549
1,151,1,1,0,NA,NA
1,152,1,1,0,NA,NA
1,153,1,1,0,NA,NA
1,154,1,1,0,NA,NA
1,155,1,1,0,NA,NA
1,156,1,1,0,NA,NA
1,157,1,1,192.126748291957,0.954955691440621,183.472531759384
1,158,1,1,0,NA,NA
1,159,1,1,0,NA,NA
1,160,1,1,0,NA,NA
1,161,1,1,0,NA,NA
1,162,1,1,0,NA,NA
1,163,1,1,0,NA,NA
1,164,1,1,0,NA,NA
1,165,1,1,337.600388218715,0.539199470865614,182.033950691557
1,166,1,1,0,NA,NA
1,167,1,1,0,NA,NA
1,168,1,1,0,NA,NA
1,169,1,1,0,NA,NA
1,170,1,1,0,NA,NA
1,171,1,1,0,NA,NA
1,172,1,1,0,NA,NA
1,173,1,1,0,NA,NA
1,174,1,1,0,NA,NA
1,175,1,1,0,NA,NA
1,176,1,1,0,NA,NA
1,177,1,1,0,NA,NA
1,178,1,1,0,NA,NA
1,179,1,1,0,NA,NA
1,180,1,1,0,NA,NA
1,181,1,1,0,NA,NA
1,182,1,1,0,NA,NA
1,183,1,1,0,NA,NA
1,184,1,1,0,NA,NA
1,185,1,1,0,NA,NA
1,186,1,1,466.947976797777,0.721968924590818,337.121928648549
1,187,1,1,0,NA,NA
1,188,1,1,0,NA,NA
1,189,1,1,0,NA,NA
1,190,1,1,0,NA,NA
1,191,1,1,0,NA,NA
1,192,1,1,0,NA,NA
1,193,1,1,0,NA,NA
1,194,1,1,0,NA,NA
1,195,1,1,1040.11481243293,0.863473600506532,898.111682031642
1,196,1,1,0,NA,NA
1,197,1,1,0,NA,NA
1,198,1,1,0,NA,NA
1,199,1,1,0,NA,NA
1,200,1,1,0,NA,NA
1,201,1,1,0,NA,NA
1,202,1,1,0,NA,NA
1,203,1,1,0,NA,NA
1,204,1,1,374.041018044518,0.274197411496504,102.561078941324
1,205,1,1,924.849533003818,0.295257357194065,273.068628916873
1,206,1,1,0,NA,NA
1,207,1,1,0,NA,NA
1,208,1,1,0,NA,NA
1,209,1,1,0,NA,NA
1,210,1,1,0,NA,NA
1,211,1,1,0,NA,NA
1,212,1,1,0,NA,NA
1,213,1,1,0,NA,NA
1,214,1,1,0,NA,NA
1,215,1,1,0,NA,NA
1,216,1,1,0,NA,NA
1,217,1,1,0,NA,NA
1,218,1,1,0,NA,NA
1,219,1,1,0,NA,NA
1,220,1,1,644.539563232123,0.863473600506436,556.542897332887
1,221,1,1,0,NA,NA
1,222,1,1,0,NA,NA
1,223,1,1,0,NA,NA
1,224,1,1,0,NA,NA
1,225,1,1,0,NA,NA
1,226,1,1,0,NA,NA
1,227,1,1,0,NA,NA
1,228,1,1,0,NA,NA
1,229,1,1,0,NA,NA
1,230,1,1,0,NA,NA
1,231,1,1,0,NA,NA
1,232,1,1,0,NA,NA
1,233,1,1,0,NA,NA
1,234,1,1,0,NA,NA
1,235,1,1,0,NA,NA
1,236,1,1,0,NA,NA
1,237,1,1,0,NA,NA
1,238,1,1,0,NA,NA
2,81,1,1,275.209396115356,0.809240531910866,222.710598099259
2,82,1,1,0,NA,NA
2,83,1,1,0,NA,NA
2,84,1,1,364.998930620588,0.809240531910093,295.37192876202
2,85,1,1,2877.69075581263,0.164920440662055,474.590027537741
2,86,1,1,0,NA,NA
2,87,1,1,0,NA,NA
2,88,1,1,0,NA,NA
2,89,1,1,0,NA,NA
2,90,1,1,0,NA,NA
2,91,1,1,0,NA,NA
2,92,1,1,417.474717688899,0.209971230576655,87.6576802077799
2,93,1,1,814.144993001386,0.479451225270329,390.342814442218
2,94,1,1,619.510096426773,0.202387623885647,125.381176388983
2,95,1,1,0,NA,NA
2,96,1,1,0,NA,NA
2,97,1,1,348.996247781633,0.650801440416687,227.127260756305
2,98,1,1,768.636314296159,0.202387623885647,155.562477282621
2,99,1,1,0,NA,NA
2,100,1,1,0,NA,NA
2,101,1,1,943.959842112091,0.203317929900199,191.923961007149
2,102,1,1,0,NA,NA
2,103,1,1,0,NA,NA
2,104,1,1,0,NA,NA
2,105,1,1,517.362004256351,0.466347868645753,241.270668003245
2,106,1,1,0,NA,NA
2,107,1,1,565.819285931913,0.202387623885647,114.514820828433
2,108,1,1,1431.12030635721,0.231373394348613,331.123163003094
2,109,1,1,404.548071485169,0.624862861857568,252.787065707183
2,110,1,1,0,NA,NA
2,111,1,1,787.238405495785,0.203317929900195,160.059682943334
2,112,1,1,0,NA,NA
2,113,1,1,0,NA,NA
2,114,1,1,0,NA,NA
2,115,1,1,0,NA,NA
2,116,1,1,0,NA,NA
2,117,1,1,0,NA,NA
2,118,1,1,0,NA,NA
2,119,1,1,0,NA,NA
2,120,1,1,0,NA,NA
2,121,1,1,0,NA,NA
2,122,1,1,0,NA,NA
2,123,1,1,0,NA,NA
2,124,1,1,238.207621564727,0.610328693951099,145.384946558798
2,125,1,1,0,NA,NA
2,126,1,1,0,NA,NA
2,127,1,1,0,NA,NA
2,128,1,1,236.709286730818,0.912441207443415,215.983307397737
2,129,1,1,0,NA,NA
2,130,1,1,0,NA,NA
2,131,1,1,0,NA,NA
2,132,1,1,0,NA,NA
2,133,1,1,430.203872090591,0.655161750254116,281.853121804969
2,134,1,1,0,NA,NA
2,135,1,1,0,NA,NA
2,136,1,1,0,NA,NA
2,137,1,1,213.793146248658,0.765140357742792,163.581764403655
2,138,1,1,0,NA,NA
2,139,1,1,0,NA,NA
2,140,1,1,0,NA,NA
2,141,1,1,0,NA,NA
2,142,1,1,0,NA,NA
2,143,1,1,0,NA,NA
2,144,1,1,0,NA,NA
2,145,1,1,1231.73921960458,0.408782953918953,503.513996647787
2,146,1,1,0,NA,NA
2,147,1,1,0,NA,NA
2,148,1,1,0,NA,NA
2,149,1,1,0,NA,NA
2,150,1,1,0,NA,NA
2,151,1,1,0,NA,NA
2,152,1,1,0,NA,NA
2,153,1,1,230.675813580652,0.764061753397046,176.250566590723
2,154,1,1,0,NA,NA
2,155,1,1,0,NA,NA
2,156,1,1,0,NA,NA
2,157,1,1,230.825322150427,0.607132939487578,140.141656345356
2,158,1,1,0,NA,NA
2,159,1,1,0,NA,NA
2,160,1,1,0,NA,NA
2,161,1,1,0,NA,NA
2,162,1,1,0,NA,NA
2,163,1,1,0,NA,NA
2,164,1,1,0,NA,NA
2,165,1,1,561.372751412294,0.231373394348614,129.886718989083
2,166,1,1,0,NA,NA
2,167,1,1,0,NA,NA
2,168,1,1,0,NA,NA
2,169,1,1,0,NA,NA
2,170,1,1,0,NA,NA
2,171,1,1,0,NA,NA
2,172,1,1,246.533278689611,0.197816916184877,48.7684529273257
2,173,1,1,0,NA,NA
2,174,1,1,0,NA,NA
2,175,1,1,0,NA,NA
2,176,1,1,0,NA,NA
2,177,1,1,0,NA,NA
2,178,1,1,0,NA,NA
2,179,1,1,0,NA,NA
2,180,1,1,0,NA,NA
2,181,1,1,0,NA,NA
2,182,1,1,0,NA,NA
2,183,1,1,0,NA,NA
2,184,1,1,0,NA,NA
2,185,1,1,0,NA,NA
2,186,1,1,757.585671295048,0.165176575446159,125.135406791596
2,187,1,1,3651.87768876414,0.203317929900195,742.492211928233
2,188,1,1,0,NA,NA
2,189,1,1,0,NA,NA
2,190,1,1,0,NA,NA
2,191,1,1,0,NA,NA
2,192,1,1,0,NA,NA
2,193,1,1,0,NA,NA
2,194,1,1,0,NA,NA
2,195,1,1,407.166098085969,0.866571269902925,352.838442679777
2,196,1,1,0,NA,NA
2,197,1,1,0,NA,NA
2,198,1,1,798.917695808824,0.202881117911713,162.085315245145
2,199,1,1,0,NA,NA
2,200,1,1,13753.0048686748,0.651781163975777,8963.94952146936
2,201,1,1,0,NA,NA
2,202,1,1,0,NA,NA
2,203,1,1,0,NA,NA
2,204,1,1,131.360028425242,1.0522109494521,138.218460229379
2,205,1,1,834.849632683307,0.197816916184881,165.147379815493
2,206,1,1,0,NA,NA
2,207,1,1,0,NA,NA
2,208,1,1,0,NA,NA
2,209,1,1,0,NA,NA
2,210,1,1,0,NA,NA
2,211,1,1,0,NA,NA
2,212,1,1,0,NA,NA
2,213,1,1,0,NA,NA
2,214,1,1,0,NA,NA
2,215,1,1,0,NA,NA
2,216,1,1,0,NA,NA
2,217,1,1,957.729993735768,0.866571269902722,829.94129689553
2,218,1,1,0,NA,NA
2,219,1,1,0,NA,NA
2,220,1,1,1234.48294368459,0.168715157617506,208.275984419869
2,221,1,1,553.979943782048,0.910026894870375,504.136648060442
2,222,1,1,0,NA,NA
2,223,1,1,30.652853010845,0.730775937225131,22.4003673876244
2,224,1,1,139.978282362172,0.910026894870303,127.384001647326
2,225,1,1,766.46318607621,0.421931793153494,323.395186487275
2,226,1,1,3628.82480297486,0.197816916184882,717.842931899699
2,227,1,1,0,NA,NA
2,228,1,1,0,NA,NA
2,229,1,1,0,NA,NA
2,230,1,1,0,NA,NA
2,231,1,1,0,NA,NA
2,232,1,1,0,NA,NA
2,233,1,1,0,NA,NA
2,234,1,1,0,NA,NA
2,235,1,1,0,NA,NA
2,236,1,1,0,NA,NA
2,237,1,1,0,NA,NA
2,238,1,1,0,NA,NA
3,81,1,1,0,NA,NA
3,82,1,1,0,NA,NA
3,83,1,1,0,NA,NA
3,84,1,1,364.355654377017,0.925779655420419,337.313052159636
3,85,1,1,0,NA,NA
3,86,1,1,0,NA,NA
3,87,1,1,0,NA,NA
3,88,1,1,0,NA,NA
3,89,1,1,2533.62015265149,0.176200318640397,446.424678210924
3,90,1,1,0,NA,NA
3,91,1,1,0,NA,NA
3,92,1,1,1033.18832588313,0.527883398295728,545.40296454666
3,93,1,1,177.366864235575,1.10039233407482,195.173137723716
3,94,1,1,0,NA,NA
3,95,1,1,819.028703523652,0.527883398295729,432.35165531781
3,96,1,1,993.624830469525,1.01900872798553,1012.51237459159
3,97,1,1,78.5128661370069,1.07598153336469,84.4783940949531
3,98,1,1,875.359419708757,0.217829235843693,190.678873483737
3,99,1,1,0,NA,NA
3,100,1,1,0,NA,NA
3,101,1,1,0,NA,NA
3,102,1,1,0,NA,NA
3,103,1,1,0,NA,NA
3,104,1,1,0,NA,NA
3,105,1,1,0,NA,NA
3,106,1,1,0,NA,NA
3,107,1,1,0,NA,NA
3,108,1,1,0,NA,NA
3,109,1,1,0,NA,NA
3,110,1,1,0,NA,NA
3,111,1,1,0,NA,NA
3,112,1,1,0,NA,NA
3,113,1,1,418.951846898152,0.627591410722371,262.930580619554
3,114,1,1,0,NA,NA
3,115,1,1,0,NA,NA
3,116,1,1,0,NA,NA
3,117,1,1,0,NA,NA
3,118,1,1,0,NA,NA
3,119,1,1,0,NA,NA
3,120,1,1,0,NA,NA
3,121,1,1,189.193420795216,1.02789868544514,194.471668530272
3,122,1,1,327.931485973682,0.947993570704496,310.876940334622
3,123,1,1,0,NA,NA
3,124,1,1,343.271281276959,0.696727369641413,239.166496877533
3,125,1,1,535.248934345526,0.920688170243924,492.797361987593
3,126,1,1,0,NA,NA
3,127,1,1,0,NA,NA
3,128,1,1,0,NA,NA
3,129,1,1,464.506655195246,0.627969230252139,291.695886709954
3,130,1,1,0,NA,NA
3,131,1,1,453.927233960253,0.615783942765722,279.521101856783
3,132,1,1,0,NA,NA
3,133,1,1,224.140425449521,1.10595345184129,247.888877223074
3,134,1,1,0,NA,NA
3,135,1,1,0,NA,NA
3,136,1,1,0,NA,NA
3,137,1,1,444.460880346432,0.489452518013578,217.542497044093
3,138,1,1,0,NA,NA
3,139,1,1,0,NA,NA
3,140,1,1,0,NA,NA
3,141,1,1,0,NA,NA
3,142,1,1,0,NA,NA
3,143,1,1,0,NA,NA
3,144,1,1,748.265399351256,0.587961665392,439.951370357775
3,145,1,1,209.334360448232,1.10004054054217,230.276283021522
3,146,1,1,0,NA,NA
3,147,1,1,0,NA,NA
3,148,1,1,2372.75666896567,0.217829235843691,516.855772043813
3,149,1,1,0,NA,NA
3,150,1,1,0,NA,NA
3,151,1,1,0,NA,NA
3,152,1,1,0,NA,NA
3,153,1,1,0,NA,NA
3,154,1,1,0,NA,NA
3,155,1,1,0,NA,NA
3,156,1,1,0,NA,NA
3,157,1,1,178.785086668728,1.00493402366763,179.66721651777
3,158,1,1,0,NA,NA
3,159,1,1,0,NA,NA
3,160,1,1,0,NA,NA
3,161,1,1,0,NA,NA
3,162,1,1,0,NA,NA
3,163,1,1,0,NA,NA
3,164,1,1,0,NA,NA
3,165,1,1,0,NA,NA
3,166,1,1,0,NA,NA
3,167,1,1,0,NA,NA
3,168,1,1,0,NA,NA
3,169,1,1,0,NA,NA
3,170,1,1,0,NA,NA
3,171,1,1,0,NA,NA
3,172,1,1,351.37598646546,0.183660946030083,64.5340460865001
3,173,1,1,0,NA,NA
3,174,1,1,0,NA,NA
3,175,1,1,0,NA,NA
3,176,1,1,0,NA,NA
3,177,1,1,0,NA,NA
3,178,1,1,0,NA,NA
3,179,1,1,0,NA,NA
3,180,1,1,0,NA,NA
3,181,1,1,0,NA,NA
3,182,1,1,0,NA,NA
3,183,1,1,0,NA,NA
3,184,1,1,0,NA,NA
3,185,1,1,0,NA,NA
3,186,1,1,157.598272662389,1.08653633593275,171.236249727922
3,187,1,1,1585.3490160369,0.205734012461736,326.160214221536
3,188,1,1,0,NA,NA
3,189,1,1,361.506010686763,0.187143370229152,67.6534531980165
3,190,1,1,0,NA,NA
3,191,1,1,0,NA,NA
3,192,1,1,0,NA,NA
3,193,1,1,0,NA,NA
3,194,1,1,712.915150114168,0.217829235843686,155.293762370756
3,195,1,1,152.887603197717,0.792951110037827,121.232394666653
3,196,1,1,0,NA,NA
3,197,1,1,0,NA,NA
3,198,1,1,0,NA,NA
3,199,1,1,0,NA,NA
3,200,1,1,0,NA,NA
3,201,1,1,0,NA,NA
3,202,1,1,0,NA,NA
3,203,1,1,0,NA,NA
3,204,1,1,126.9145768671,1.08336655854261,137.495008369402
3,205,1,1,594.942221986193,0.183660946030091,109.267651323229
3,206,1,1,0,NA,NA
3,207,1,1,0,NA,NA
3,208,1,1,0,NA,NA
3,209,1,1,0,NA,NA
3,210,1,1,0,NA,NA
3,211,1,1,0,NA,NA
3,212,1,1,0,NA,NA
3,213,1,1,0,NA,NA
3,214,1,1,0,NA,NA
3,215,1,1,0,NA,NA
3,216,1,1,0,NA,NA
3,217,1,1,0,NA,NA
3,218,1,1,0,NA,NA
3,219,1,1,0,NA,NA
3,220,1,1,313.487507834765,0.792951110038036,248.580267320635
3,221,1,1,316.107416425008,0.425345836365063,134.454973420494
3,222,1,1,0,NA,NA
3,223,1,1,408.078043079892,0.178993432763596,73.0432897663204
3,224,1,1,249.05345453162,0.422032270337652,105.108594851415
3,225,1,1,238.73188631938,0.422032270337651,100.752559985358
3,226,1,1,1724.01592411378,0.1836609460301,316.634395593694
3,227,1,1,0,NA,NA
3,228,1,1,0,NA,NA
3,229,1,1,0,NA,NA
3,230,1,1,0,NA,NA
3,231,1,1,0,NA,NA
3,232,1,1,0,NA,NA
3,233,1,1,0,NA,NA
3,234,1,1,0,NA,NA
3,235,1,1,0,NA,NA
3,236,1,1,0,NA,NA
3,237,1,1,0,NA,NA
3,238,1,1,0,NA,NA
4,81,1,1,407.798580032885,0.923339055094779,376.536355556556
4,82,1,1,917.629458865767,0.208895860777478,191.688995684536
4,83,1,1,0,NA,NA
4,84,1,1,638.805254856029,0.923339055094802,589.83384040836
4,85,1,1,989.488905568479,0.561975498647733,556.068521113245
4,86,1,1,0,NA,NA
4,87,1,1,0,NA,NA
4,88,1,1,371.41117124037,0.984245871616047,365.559911965414
4,89,1,1,661.584175773782,0.73711447829448,487.663274573375
4,90,1,1,0,NA,NA
4,91,1,1,0,NA,NA
4,92,1,1,578.498151866837,0.248435175225603,143.719289726725
4,93,1,1,0,NA,NA
4,94,1,1,576.668273823953,0.208895860777478,120.463615443517
4,95,1,1,0,NA,NA
4,96,1,1,808.950812292937,0.530423924508805,429.086864591006
4,97,1,1,836.936269296044,0.267914871244027,224.227672827906
4,98,1,1,0,NA,NA
4,99,1,1,0,NA,NA
4,100,1,1,0,NA,NA
4,101,1,1,655.653736088408,0.206781854399393,135.577295392251
4,102,1,1,698.075961610846,0.234433319809139,163.652265159387
4,103,1,1,0,NA,NA
4,104,1,1,0,NA,NA
4,105,1,1,0,NA,NA
4,106,1,1,0,NA,NA
4,107,1,1,0,NA,NA
4,108,1,1,1159.84216735757,0.228063963740745,264.518202001224
4,109,1,1,710.491867779276,0.194314922371988,138.059172133459
4,110,1,1,0,NA,NA
4,111,1,1,1093.59694921061,0.206781854399393,226.136005123288
4,112,1,1,0,NA,NA
4,113,1,1,834.208807166914,0.601753736201537,501.988266484918
4,114,1,1,0,NA,NA
4,115,1,1,0,NA,NA
4,116,1,1,0,NA,NA
4,117,1,1,981.834178156214,0.188538209071467,185.113257554728
4,118,1,1,0,NA,NA
4,119,1,1,0,NA,NA
4,120,1,1,736.459384882874,0.672502009440339,495.270416204928
4,121,1,1,0,NA,NA
4,122,1,1,171.948733984792,0.844967667134118,145.291120621795
4,123,1,1,0,NA,NA
4,124,1,1,59.3358162016355,1.01229472151478,60.065333537687
4,125,1,1,781.099146667988,0.742878454282118,580.261726717796
4,126,1,1,390.878521405527,0.73711447829528,288.122217382665
4,127,1,1,205.562810364156,0.876538587370726,180.183735412554
4,128,1,1,0,NA,NA
4,129,1,1,287.420114657156,0.571216910994174,164.179230052052
4,130,1,1,1222.63683101647,0.228063963740746,278.839401897039
4,131,1,1,0,NA,NA
4,132,1,1,0,NA,NA
4,133,1,1,107.004283457744,0.995475919857449,106.520187503785
4,134,1,1,428.822737501845,0.925324766021288,396.800299243503
4,135,1,1,0,NA,NA
4,136,1,1,0,NA,NA
4,137,1,1,0,NA,NA
4,138,1,1,0,NA,NA
4,139,1,1,0,NA,NA
4,140,1,1,0,NA,NA
4,141,1,1,0,NA,NA
4,142,1,1,0,NA,NA
4,143,1,1,0,NA,NA
4,144,1,1,359.679796824911,0.900538352574737,323.905451687121
4,145,1,1,551.759273435173,0.515452284321378,284.405577887663
4,146,1,1,0,NA,NA
4,147,1,1,2047.00802075985,0.228063963740746,466.848763023589
4,148,1,1,0,NA,NA
4,149,1,1,877.424260046631,0.590665878995398,518.26457181233
4,150,1,1,0,NA,NA
4,151,1,1,0,NA,NA
4,152,1,1,0,NA,NA
4,153,1,1,0,NA,NA
4,154,1,1,0,NA,NA
4,155,1,1,0,NA,NA
4,156,1,1,0,NA,NA
4,157,1,1,90.0544213102291,0.971675457829956,87.5036710562286
4,158,1,1,0,NA,NA
4,159,1,1,0,NA,NA
4,160,1,1,0,NA,NA
4,161,1,1,0,NA,NA
4,162,1,1,0,NA,NA
4,163,1,1,0,NA,NA
4,164,1,1,0,NA,NA
4,165,1,1,0,NA,NA
4,166,1,1,0,NA,NA
4,167,1,1,0,NA,NA
4,168,1,1,0,NA,NA
4,169,1,1,0,NA,NA
4,170,1,1,0,NA,NA
4,171,1,1,0,NA,NA
4,172,1,1,216.958691245346,0.217210719727782,47.1257534765994
4,173,1,1,0,NA,NA
4,174,1,1,0,NA,NA
4,175,1,1,0,NA,NA
4,176,1,1,0,NA,NA
4,177,1,1,0,NA,NA
4,178,1,1,0,NA,NA
4,179,1,1,0,NA,NA
4,180,1,1,0,NA,NA
4,181,1,1,0,NA,NA
4,182,1,1,0,NA,NA
4,183,1,1,0,NA,NA
4,184,1,1,0,NA,NA
4,185,1,1,0,NA,NA
4,186,1,1,219.035770339338,0.959663458466199,210.200624891657
4,187,1,1,0,NA,NA
4,188,1,1,0,NA,NA
4,189,1,1,0,NA,NA
4,190,1,1,0,NA,NA
4,191,1,1,0,NA,NA
4,192,1,1,0,NA,NA
4,193,1,1,0,NA,NA
4,194,1,1,582.706688991214,0.208895860777477,121.725015377613
4,195,1,1,0,NA,NA
4,196,1,1,0,NA,NA
4,197,1,1,0,NA,NA
4,198,1,1,795.989907897406,0.213644278573662,170.058689624657
4,199,1,1,816.730518087029,0.213644278573664,174.489802325798
4,200,1,1,0,NA,NA
4,201,1,1,0,NA,NA
4,202,1,1,0,NA,NA
4,203,1,1,0,NA,NA
4,204,1,1,0,NA,NA
4,205,1,1,0,NA,NA
4,206,1,1,0,NA,NA
4,207,1,1,0,NA,NA
4,208,1,1,0,NA,NA
4,209,1,1,0,NA,NA
4,210,1,1,0,NA,NA
4,211,1,1,0,NA,NA
4,212,1,1,1719.54485738634,0.228063963740746,392.166216005544
4,213,1,1,0,NA,NA
4,214,1,1,2048.87637688905,0.653366201683003,1338.66657608603
4,215,1,1,0,NA,NA
4,216,1,1,0,NA,NA
4,217,1,1,653.65960377476,0.186751570355702,122.071957483023
4,218,1,1,0,NA,NA
4,219,1,1,437.9062141496,0.78203446102904,342.45775016375
4,220,1,1,0,NA,NA
4,221,1,1,246.464546089647,0.808262614531953,199.208078411849
4,222,1,1,0,NA,NA
4,223,1,1,0,NA,NA
4,224,1,1,150.679631804471,0.808920461556256,121.8878373064
4,225,1,1,188.915373431021,0.808920461556348,152.817511070911
4,226,1,1,0,NA,NA
4,227,1,1,0,NA,NA
4,228,1,1,0,NA,NA
4,229,1,1,0,NA,NA
4,230,1,1,0,NA,NA
4,231,1,1,0,NA,NA
4,232,1,1,0,NA,NA
4,233,1,1,0,NA,NA
4,234,1,1,0,NA,NA
4,235,1,1,0,NA,NA
4,236,1,1,0,NA,NA
4,237,1,1,0,NA,NA
4,238,1,1,4798.85208457649,0.653366201683004,3135.40775893831
5,81,1,1,0,NA,NA
5,82,1,1,2041.30504708186,0.234120697911143,477.911762272343
5,83,1,1,0,NA,NA
5,84,1,1,1038.62614704838,0.218282578691018,226.713993673637
5,85,1,1,1160.86798706782,0.501374055351544,582.029090403978
5,86,1,1,0,NA,NA
5,87,1,1,0,NA,NA
5,88,1,1,201.362379567574,0.851535271779795,171.467168611301
5,89,1,1,644.867834110547,0.82661438278348,533.057026670209
5,90,1,1,0,NA,NA
5,91,1,1,0,NA,NA
5,92,1,1,0,NA,NA
5,93,1,1,269.917404712806,0.92096441813465,248.584325575744
5,94,1,1,641.411327020349,0.234120697911143,150.167667530117
5,95,1,1,374.076163414004,0.252017219085745,94.2736344298619
5,96,1,1,365.176383665809,0.90933914148961,332.069179214948
5,97,1,1,187.729353849852,0.61974075911196,116.343532262505
5,98,1,1,0,NA,NA
5,99,1,1,0,NA,NA
5,100,1,1,0,NA,NA
5,101,1,1,0,NA,NA
5,102,1,1,0,NA,NA
5,103,1,1,0,NA,NA
5,104,1,1,0,NA,NA
5,105,1,1,0,NA,NA
5,106,1,1,0,NA,NA
5,107,1,1,0,NA,NA
5,108,1,1,0,NA,NA
5,109,1,1,405.985566184847,1.01954175870161,413.919238155568
5,110,1,1,0,NA,NA
5,111,1,1,1571.48914838173,0.224135289160693,352.22617468543
5,112,1,1,0,NA,NA
5,113,1,1,0,NA,NA
5,114,1,1,0,NA,NA
5,115,1,1,0,NA,NA
5,116,1,1,0,NA,NA
5,117,1,1,189.203503651798,0.826170735482499,156.314397767872
5,118,1,1,0,NA,NA
5,119,1,1,0,NA,NA
5,120,1,1,0,NA,NA
5,121,1,1,84.1334867189039,0.938544578119683,78.9630277983317
5,122,1,1,118.723489673349,0.869218162574968,103.196613548357
5,123,1,1,0,NA,NA
5,124,1,1,736.806752839942,0.450056372310809,331.604574277251
5,125,1,1,0,NA,NA
5,126,1,1,181.680117557696,0.826170735482568,150.098796345201
5,127,1,1,0,NA,NA
5,128,1,1,0,NA,NA
5,129,1,1,1178.18580419454,0.889847807363762,1048.40605452962
5,130,1,1,0,NA,NA
5,131,1,1,0,NA,NA
5,132,1,1,886.805798875514,0.230826723728142,204.698477137553
5,133,1,1,157.018079242171,1.00635044527757,158.015213961987
5,134,1,1,0,NA,NA
5,135,1,1,0,NA,NA
5,136,1,1,0,NA,NA
5,137,1,1,705.140125066283,0.476487876981135,335.990721167046
5,138,1,1,0,NA,NA
5,139,1,1,0,NA,NA
5,140,1,1,0,NA,NA
5,141,1,1,0,NA,NA
5,142,1,1,493.144287238063,0.793511208593582,391.315519377296
5,143,1,1,0,NA,NA
5,144,1,1,1245.05196966178,0.408810139870917,508.989869863993
5,145,1,1,819.404609540862,0.568596679079015,465.910739806971
5,146,1,1,0,NA,NA
5,147,1,1,0,NA,NA
5,148,1,1,0,NA,NA
5,149,1,1,0,NA,NA
5,150,1,1,728.51149173986,0.776676683591145,565.817889362552
5,151,1,1,0,NA,NA
5,152,1,1,0,NA,NA
5,153,1,1,0,NA,NA
5,154,1,1,0,NA,NA
5,155,1,1,0,NA,NA
5,156,1,1,489.269747074427,0.826614382783326,404.437409992481
5,157,1,1,167.151695502769,0.9473754053203,158.355405276911
5,158,1,1,0,NA,NA
5,159,1,1,0,NA,NA
5,160,1,1,0,NA,NA
5,161,1,1,0,NA,NA
5,162,1,1,0,NA,NA
5,163,1,1,0,NA,NA
5,164,1,1,394.650658344541,0.230826723728129,91.0959184828196
5,165,1,1,0,NA,NA
5,166,1,1,7752.20087651005,0.655443430927923,5081.1291397422
5,167,1,1,0,NA,NA
5,168,1,1,0,NA,NA
5,169,1,1,0,NA,NA
5,170,1,1,0,NA,NA
5,171,1,1,0,NA,NA
5,172,1,1,0,NA,NA
5,173,1,1,0,NA,NA
5,174,1,1,1640.23929984476,0.515598089096997,845.704248661757
5,175,1,1,0,NA,NA
5,176,1,1,0,NA,NA
5,177,1,1,0,NA,NA
5,178,1,1,0,NA,NA
5,179,1,1,0,NA,NA
5,180,1,1,0,NA,NA
5,181,1,1,0,NA,NA
5,182,1,1,0,NA,NA
5,183,1,1,0,NA,NA
5,184,1,1,482.157790367321,0.230826723728127,111.294903070482
5,185,1,1,0,NA,NA
5,186,1,1,240.658818796056,0.961163025872792,231.312358476989
5,187,1,1,0,NA,NA
5,188,1,1,0,NA,NA
5,189,1,1,506.127404698756,0.225133851819224,113.946412131098
5,190,1,1,0,NA,NA
5,191,1,1,0,NA,NA
5,192,1,1,0,NA,NA
5,193,1,1,0,NA,NA
5,194,1,1,0,NA,NA
5,195,1,1,1005.06234331436,0.189997049253366,190.958879545401
5,196,1,1,0,NA,NA
5,197,1,1,0,NA,NA
5,198,1,1,0,NA,NA
5,199,1,1,595.471998508952,0.225133851819223,134.060904674811
5,200,1,1,0,NA,NA
5,201,1,1,0,NA,NA
5,202,1,1,0,NA,NA
5,203,1,1,0,NA,NA
5,204,1,1,383.823693936678,0.731676753814501,280.834874416679
5,205,1,1,0,NA,NA
5,206,1,1,0,NA,NA
5,207,1,1,0,NA,NA
5,208,1,1,0,NA,NA
5,209,1,1,0,NA,NA
5,210,1,1,0,NA,NA
5,211,1,1,5411.76638082964,0.655443430927923,3547.10672403137
5,212,1,1,580.600607028861,0.230826723728141,134.018135915042
5,213,1,1,0,NA,NA
5,214,1,1,0,NA,NA
5,215,1,1,0,NA,NA
5,216,1,1,0,NA,NA
5,217,1,1,320.310607380336,0.77651049344915,248.724547793902
5,218,1,1,0,NA,NA
5,219,1,1,376.989643150271,0.995484762546911,375.287445394092
5,220,1,1,0,NA,NA
5,221,1,1,0,NA,NA
5,222,1,1,0,NA,NA
5,223,1,1,58.4276664117619,0.919582552076374,53.729062590795
5,224,1,1,711.981253990547,0.850167940832233,605.303636616295
5,225,1,1,1043.69289525626,0.430210350059909,449.007485823234
5,226,1,1,0,NA,NA
5,227,1,1,0,NA,NA
5,228,1,1,0,NA,NA
5,229,1,1,0,NA,NA
5,230,1,1,0,NA,NA
5,231,1,1,0,NA,NA
5,232,1,1,0,NA,NA
5,233,1,1,0,NA,NA
5,234,1,1,0,NA,NA
5,235,1,1,0,NA,NA
5,236,1,1,0,NA,NA
5,237,1,1,0,NA,NA
5,238,1,1,0,NA,NA
6,81,1,1,256.245737348536,0.89404478558379,229.095165304532
6,82,1,1,0,NA,NA
6,83,1,1,0,NA,NA
6,84,1,1,784.942626363414,0.161763636629266,126.975173785873
6,85,1,1,985.098413553985,0.939111518366747,925.117266893357
6,86,1,1,0,NA,NA
6,87,1,1,0,NA,NA
6,88,1,1,309.055877713036,0.872011999607553,269.500433915012
6,89,1,1,2668.92001175805,0.818800216973079,2185.31228471128
6,90,1,1,0,NA,NA
6,91,1,1,0,NA,NA
6,92,1,1,0,NA,NA
6,93,1,1,0,NA,NA
6,94,1,1,0,NA,NA
6,95,1,1,0,NA,NA
6,96,1,1,228.277388653557,0.898284210499464,205.05797384154
6,97,1,1,410.321179823356,0.960780616221311,394.22863599934
6,98,1,1,0,NA,NA
6,99,1,1,0,NA,NA
6,100,1,1,0,NA,NA
6,101,1,1,0,NA,NA
6,102,1,1,0,NA,NA
6,103,1,1,0,NA,NA
6,104,1,1,0,NA,NA
6,105,1,1,610.959424841214,0.769216775732404,469.960238879682
6,106,1,1,0,NA,NA
6,107,1,1,0,NA,NA
6,108,1,1,866.188456604975,0.181727980823252,157.410679231232
6,109,1,1,603.936384463664,0.850493365347262,513.643888078159
6,110,1,1,0,NA,NA
6,111,1,1,1322.89231769442,0.205507123614793,271.863795061486
6,112,1,1,0,NA,NA
6,113,1,1,425.582374122221,0.769216775732283,327.365101630785
6,114,1,1,0,NA,NA
6,115,1,1,1740.4355824319,0.181727980823252,316.285844148291
6,116,1,1,0,NA,NA
6,117,1,1,0,NA,NA
6,118,1,1,0,NA,NA
6,119,1,1,0,NA,NA
6,120,1,1,1132.09753396704,0.15765830844174,178.484582196308
6,121,1,1,638.792572401726,0.511684015639972,326.859948607503
6,122,1,1,423.676028564744,0.436800460773128,185.061884495609
6,123,1,1,1614.58376014147,0.657818705341462,1062.10339876161
6,124,1,1,965.548670455804,0.246249722910073,237.766092555932
6,125,1,1,555.982061479051,0.818819995543843,455.249229102733
6,126,1,1,847.305398777467,0.154906563908928,131.253167906101
6,127,1,1,0,NA,NA
6,128,1,1,333.872029734279,0.745664982498395,248.956681208514
6,129,1,1,145.198020799057,0.903302601771472,131.157749959857
6,130,1,1,0,NA,NA
6,131,1,1,0,NA,NA
6,132,1,1,980.726816372276,0.181727980823253,178.225504078551
6,133,1,1,482.482532001943,0.564250713698779,272.24111302929
6,134,1,1,415.712937028188,0.978387731287841,406.728437326014
6,135,1,1,0,NA,NA
6,136,1,1,0,NA,NA
6,137,1,1,378.741401827608,0.852420613417051,322.846978072323
6,138,1,1,1696.3669042087,0.956360790783846,1622.33879396858
6,139,1,1,0,NA,NA
6,140,1,1,782.428852548774,0.181727980823253,142.189215511543
6,141,1,1,824.104791605906,0.147248519052603,121.348210108124
6,142,1,1,0,NA,NA
6,143,1,1,0,NA,NA
6,144,1,1,574.261171407954,0.781954530968241,449.04612494158
6,145,1,1,735.13219798991,0.451384398363812,331.827204907542
6,146,1,1,0,NA,NA
6,147,1,1,0,NA,NA
6,148,1,1,0,NA,NA
6,149,1,1,636.704464745809,0.82349718048249,524.324331518787
6,150,1,1,0,NA,NA
6,151,1,1,0,NA,NA
6,152,1,1,0,NA,NA
6,153,1,1,1058.08216404768,0.162131753533643,171.548716639721
6,154,1,1,0,NA,NA
6,155,1,1,0,NA,NA
6,156,1,1,0,NA,NA
6,157,1,1,0,NA,NA
6,158,1,1,0,NA,NA
6,159,1,1,2977.59831935315,0.89048522986878,2651.50732386609
6,160,1,1,0,NA,NA
6,161,1,1,608.463622119525,0.43584205941055,265.194038140977
6,162,1,1,0,NA,NA
6,163,1,1,0,NA,NA
6,164,1,1,872.895698761018,0.181727980823253,158.629572805142
6,165,1,1,0,NA,NA
6,166,1,1,0,NA,NA
6,167,1,1,0,NA,NA
6,168,1,1,0,NA,NA
6,169,1,1,0,NA,NA
6,170,1,1,0,NA,NA
6,171,1,1,0,NA,NA
6,172,1,1,0,NA,NA
6,173,1,1,0,NA,NA
6,174,1,1,0,NA,NA
6,175,1,1,0,NA,NA
6,176,1,1,0,NA,NA
6,177,1,1,0,NA,NA
6,178,1,1,0,NA,NA
6,179,1,1,0,NA,NA
6,180,1,1,0,NA,NA
6,181,1,1,0,NA,NA
6,182,1,1,0,NA,NA
6,183,1,1,0,NA,NA
6,184,1,1,0,NA,NA
6,185,1,1,0,NA,NA
6,186,1,1,412.593393463197,0.480019174467754,198.052740121053
6,187,1,1,0,NA,NA
6,188,1,1,0,NA,NA
6,189,1,1,0,NA,NA
6,190,1,1,0,NA,NA
6,191,1,1,0,NA,NA
6,192,1,1,0,NA,NA
6,193,1,1,0,NA,NA
6,194,1,1,0,NA,NA
6,195,1,1,199.580059522207,0.744967574256754,148.680672812277
6,196,1,1,0,NA,NA
6,197,1,1,0,NA,NA
6,198,1,1,0,NA,NA
6,199,1,1,486.854490011773,0.190852599846672,92.9174451657726
6,200,1,1,0,NA,NA
6,201,1,1,0,NA,NA
6,202,1,1,0,NA,NA
6,203,1,1,0,NA,NA
6,204,1,1,479.251339848057,0.168494793878704,80.7513557237913
6,205,1,1,708.431029748652,0.196609559305305,139.284312557086
6,206,1,1,0,NA,NA
6,207,1,1,0,NA,NA
6,208,1,1,0,NA,NA
6,209,1,1,0,NA,NA
6,210,1,1,0,NA,NA
6,211,1,1,2926.31943572489,0.660230712105935,1932.04596489808
6,212,1,1,0,NA,NA
6,213,1,1,0,NA,NA
6,214,1,1,2269.3965278542,0.660230712105937,1498.32528563592
6,215,1,1,0,NA,NA
6,216,1,1,0,NA,NA
6,217,1,1,272.000104678012,0.742159202675182,201.8673808154
6,218,1,1,0,NA,NA
6,219,1,1,0,NA,NA
6,220,1,1,0,NA,NA
6,221,1,1,0,NA,NA
6,222,1,1,0,NA,NA
6,223,1,1,0,NA,NA
6,224,1,1,311.019002594946,0.863775030428976,268.650448430439
6,225,1,1,227.934409698395,0.863775030429557,196.884051673174
6,226,1,1,0,NA,NA
6,227,1,1,0,NA,NA
6,228,1,1,0,NA,NA
6,229,1,1,0,NA,NA
6,230,1,1,0,NA,NA
6,231,1,1,0,NA,NA
6,232,1,1,0,NA,NA
6,233,1,1,0,NA,NA
6,234,1,1,0,NA,NA
6,235,1,1,0,NA,NA
6,236,1,1,0,NA,NA
6,237,1,1,0,NA,NA
6,238,1,1,0,NA,NA
7,81,1,1,409.096776172551,0.866142510554803,354.336108773969
7,82,1,1,1301.32236436034,0.183870887649824,239.275298253503
7,83,1,1,0,NA,NA
7,84,1,1,438.295750247032,0.862009204987714,377.814971219937
7,85,1,1,1485.89143835968,0.490492738848984,728.818961233297
7,86,1,1,0,NA,NA
7,87,1,1,0,NA,NA
7,88,1,1,429.110914869668,0.965808122633384,414.438807091769
7,89,1,1,0,NA,NA
7,90,1,1,0,NA,NA
7,91,1,1,0,NA,NA
7,92,1,1,0,NA,NA
7,93,1,1,570.527386416118,0.549534610972063,313.52454534309
7,94,1,1,817.793407016105,0.183870887649825,150.368399662226
7,95,1,1,0,NA,NA
7,96,1,1,189.550205555415,0.944256188654192,178.983954656375
7,97,1,1,761.056052865205,0.281391184415052,214.154464121984
7,98,1,1,2029.29932490369,0.183870887649823,373.129068177228
7,99,1,1,0,NA,NA
7,100,1,1,0,NA,NA
7,101,1,1,892.686800589036,0.19312784108974,172.402674567068
7,102,1,1,0,NA,NA
7,103,1,1,0,NA,NA
7,104,1,1,0,NA,NA
7,105,1,1,0,NA,NA
7,106,1,1,0,NA,NA
7,107,1,1,1493.83612718134,0.183870887649824,274.672974708209
7,108,1,1,0,NA,NA
7,109,1,1,0,NA,NA
7,110,1,1,0,NA,NA
7,111,1,1,0,NA,NA
7,112,1,1,0,NA,NA
7,113,1,1,413.624838751979,0.908536630827581,375.793317426325
7,114,1,1,0,NA,NA
7,115,1,1,945.891549034635,0.1745312831581,165.087665781418
7,116,1,1,0,NA,NA
7,117,1,1,0,NA,NA
7,118,1,1,0,NA,NA
7,119,1,1,0,NA,NA
7,120,1,1,0,NA,NA
7,121,1,1,631.986743703231,0.620479303956293,392.134694842585
7,122,1,1,191.767540930642,0.930113723320632,178.365621507041
7,123,1,1,982.978041587139,0.16662748846689,163.791162287767
7,124,1,1,283.570505695085,0.662388751168981,187.833913135724
7,125,1,1,409.770479300972,0.95279242404282,390.426208274362
7,126,1,1,0,NA,NA
7,127,1,1,334.399082572707,0.879854099069805,294.222403526778
7,128,1,1,322.589683732748,0.892192233009333,287.812010275295
7,129,1,1,780.371755188777,0.512440115318086,399.893792219914
7,130,1,1,0,NA,NA
7,131,1,1,0,NA,NA
7,132,1,1,0,NA,NA
7,133,1,1,343.470792410877,0.625364873596977,214.794568680281
7,134,1,1,0,NA,NA
7,135,1,1,2947.34431490995,0.657512018105304,1937.91430854764
7,136,1,1,0,NA,NA
7,137,1,1,709.356270101825,0.516262285683919,366.213889366987
7,138,1,1,581.418137248186,0.640043423782866,372.132855213785
7,139,1,1,0,NA,NA
7,140,1,1,0,NA,NA
7,141,1,1,717.434587536444,0.55064278520817,395.050179485742
7,142,1,1,0,NA,NA
7,143,1,1,0,NA,NA
7,144,1,1,0,NA,NA
7,145,1,1,0,NA,NA
7,146,1,1,658.132256990848,0.640043423782966,421.233223066433
7,147,1,1,0,NA,NA
7,148,1,1,916.772660858804,0.183870887649825,168.5678029252
7,149,1,1,0,NA,NA
7,150,1,1,988.718071583177,0.707898379162672,699.911920322573
7,151,1,1,0,NA,NA
7,152,1,1,0,NA,NA
7,153,1,1,444.707915880319,0.879854099069973,391.278082676164
7,154,1,1,0,NA,NA
7,155,1,1,0,NA,NA
7,156,1,1,460.031867625568,0.954464792390638,439.084221026315
7,157,1,1,873.25422325119,0.336899571462126,294.198973590818
7,158,1,1,0,NA,NA
7,159,1,1,0,NA,NA
7,160,1,1,0,NA,NA
7,161,1,1,897.198166805962,0.429907657808512,385.712362481642
7,162,1,1,0,NA,NA
7,163,1,1,0,NA,NA
7,164,1,1,0,NA,NA
7,165,1,1,738.63683085279,0.174531283158099,128.915233876569
7,166,1,1,0,NA,NA
7,167,1,1,0,NA,NA
7,168,1,1,0,NA,NA
7,169,1,1,0,NA,NA
7,170,1,1,0,NA,NA
7,171,1,1,0,NA,NA
7,172,1,1,0,NA,NA
7,173,1,1,0,NA,NA
7,174,1,1,0,NA,NA
7,175,1,1,0,NA,NA
7,176,1,1,271.361296250589,0.17453128315809,47.361035234058
7,177,1,1,0,NA,NA
7,178,1,1,0,NA,NA
7,179,1,1,0,NA,NA
7,180,1,1,0,NA,NA
7,181,1,1,0,NA,NA
7,182,1,1,4325.10984882209,0.657512018105304,2843.81170522614
7,183,1,1,0,NA,NA
7,184,1,1,1159.18325092181,0.174531283158099,202.31374019876
7,185,1,1,0,NA,NA
7,186,1,1,0,NA,NA
7,187,1,1,1151.17291530523,0.19312784108974,222.323539853882
7,188,1,1,0,NA,NA
7,189,1,1,0,NA,NA
7,190,1,1,0,NA,NA
7,191,1,1,0,NA,NA
7,192,1,1,0,NA,NA
7,193,1,1,0,NA,NA
7,194,1,1,826.356694328352,0.183870887649822,151.942938901527
7,195,1,1,783.307754709369,0.69992005215125,548.25280452666
7,196,1,1,0,NA,NA
7,197,1,1,0,NA,NA
7,198,1,1,0,NA,NA
7,199,1,1,0,NA,NA
7,200,1,1,0,NA,NA
7,201,1,1,0,NA,NA
7,202,1,1,0,NA,NA
7,203,1,1,6496.50905298043,0.1837702710774,1193.86522972299
7,204,1,1,206.79494458231,0.603228444714366,124.744592795181
7,205,1,1,0,NA,NA
7,206,1,1,0,NA,NA
7,207,1,1,0,NA,NA
7,208,1,1,0,NA,NA
7,209,1,1,0,NA,NA
7,210,1,1,0,NA,NA
7,211,1,1,0,NA,NA
7,212,1,1,0,NA,NA
7,213,1,1,0,NA,NA
7,214,1,1,0,NA,NA
7,215,1,1,10018.7429186425,0.657512018105304,6587.44387531484
7,216,1,1,0,NA,NA
7,217,1,1,541.20685448696,0.699920052151254,378.801529817129
7,218,1,1,0,NA,NA
7,219,1,1,166.55569629859,0.999042906398402,166.396286907353
7,220,1,1,0,NA,NA
7,221,1,1,797.56367677852,0.457493093770089,364.879873968052
7,222,1,1,0,NA,NA
7,223,1,1,0,NA,NA
7,224,1,1,623.179324885184,0.457493093770057,285.100237315258
7,225,1,1,406.566283984055,0.907709302178342,369.043997924408
7,226,1,1,0,NA,NA
7,227,1,1,0,NA,NA
7,228,1,1,0,NA,NA
7,229,1,1,0,NA,NA
7,230,1,1,0,NA,NA
7,231,1,1,4833.93828087468,0.657512018105304,3178.3725144544
7,232,1,1,0,NA,NA
7,233,1,1,0,NA,NA
7,234,1,1,0,NA,NA
7,235,1,1,0,NA,NA
7,236,1,1,0,NA,NA
7,237,1,1,0,NA,NA
7,238,1,1,0,NA,NA
8,81,1,1,734.469900444528,0.943975017781222,693.321237331895
8,82,1,1,0,NA,NA
8,83,1,1,0,NA,NA
8,84,1,1,0,NA,NA
8,85,1,1,0,NA,NA
8,86,1,1,0,NA,NA
8,87,1,1,0,NA,NA
8,88,1,1,1303.57584229893,0.462948715695206,603.488762003588
8,89,1,1,0,NA,NA
8,90,1,1,0,NA,NA
8,91,1,1,0,NA,NA
8,92,1,1,1282.13524747726,0.213225722365409,273.384214313492
8,93,1,1,1129.58306391314,0.579301538783284,654.369207108418
8,94,1,1,1028.69432593734,0.152824109946761,157.209294768657
8,95,1,1,508.186911899575,0.213225722365397,108.358521386427
8,96,1,1,655.131738880704,0.858124892590363,562.184853059542
8,97,1,1,990.950470922591,0.263294585585446,260.911893577266
8,98,1,1,1276.31788373817,0.152824109946761,195.05214459142
8,99,1,1,0,NA,NA
8,100,1,1,0,NA,NA
8,101,1,1,993.587930735364,0.176161008867227,175.031452276642
8,102,1,1,1158.73661337363,0.177457313114636,205.626286016837
8,103,1,1,0,NA,NA
8,104,1,1,0,NA,NA
8,105,1,1,649.401918710324,1.20564801711972,782.950135606847
8,106,1,1,0,NA,NA
8,107,1,1,0,NA,NA
8,108,1,1,0,NA,NA
8,109,1,1,232.054119268695,1.27238930775048,295.263180176942
8,110,1,1,0,NA,NA
8,111,1,1,0,NA,NA
8,112,1,1,0,NA,NA
8,113,1,1,0,NA,NA
8,114,1,1,0,NA,NA
8,115,1,1,0,NA,NA
8,116,1,1,0,NA,NA
8,117,1,1,232.190386109247,0.981453014077125,227.883954286652
8,118,1,1,0,NA,NA
8,119,1,1,0,NA,NA
8,120,1,1,2703.22892872784,0.121143444096733,327.478462608011
8,121,1,1,0,NA,NA
8,122,1,1,0,NA,NA
8,123,1,1,569.47588819385,0.836113762649149,476.146627615726
8,124,1,1,690.338028203119,0.570828963798576,394.064941309939
8,125,1,1,4264.26243083901,0.117615793768341,501.544610639644
8,126,1,1,0,NA,NA
8,127,1,1,786.672575848209,0.123558024737944,97.1997095873149
8,128,1,1,709.45728954059,0.968427705920056,687.058095358054
8,129,1,1,0,NA,NA
8,130,1,1,0,NA,NA
8,131,1,1,1492.74543667703,0.72857189294838,1087.57236848984
8,132,1,1,0,NA,NA
8,133,1,1,463.699639542155,0.677068881452846,313.956596274895
8,134,1,1,1664.49925070246,0.10328736389724,171.921739813989
8,135,1,1,0,NA,NA
8,136,1,1,0,NA,NA
8,137,1,1,0,NA,NA
8,138,1,1,318.769040990255,1.14784280826892,365.896751199445
8,139,1,1,0,NA,NA
8,140,1,1,0,NA,NA
8,141,1,1,600.643899885963,0.576872554781268,346.494981041
8,142,1,1,327.526141509279,1.14784280826887,375.948526051479
8,143,1,1,0,NA,NA
8,144,1,1,701.859404293043,0.428753999368117,300.925026584766
8,145,1,1,161.999819785834,1.20222794897921,194.760711076126
8,146,1,1,2152.90621332422,0.124324818339693,267.659673873929
8,147,1,1,0,NA,NA
8,148,1,1,0,NA,NA
8,149,1,1,1104.98863249695,0.767090823789184,847.626640379766
8,150,1,1,936.108135331418,0.877797329516784,821.713221332854
8,151,1,1,0,NA,NA
8,152,1,1,0,NA,NA
8,153,1,1,366.465582557389,0.839980293015918,307.823867416805
8,154,1,1,0,NA,NA
8,155,1,1,0,NA,NA
8,156,1,1,1885.63512433178,0.117615793768332,221.780471905729
8,157,1,1,573.483923934557,0.595591982329641,341.562427090364
8,158,1,1,0,NA,NA
8,159,1,1,0,NA,NA
8,160,1,1,0,NA,NA
8,161,1,1,751.690529604477,0.39430469554719,296.3951054214
8,162,1,1,651.991475080494,0.154427066011319,100.685130561073
8,163,1,1,0,NA,NA
8,164,1,1,1232.57230477837,0.148947197905946,183.588191013213
8,165,1,1,959.550030405537,0.148947197905946,142.92228827947
8,166,1,1,0,NA,NA
8,167,1,1,0,NA,NA
8,168,1,1,0,NA,NA
8,169,1,1,0,NA,NA
8,170,1,1,0,NA,NA
8,171,1,1,0,NA,NA
8,172,1,1,0,NA,NA
8,173,1,1,0,NA,NA
8,174,1,1,0,NA,NA
8,175,1,1,0,NA,NA
8,176,1,1,352.52065587836,0.148947197905938,52.5069638970452
8,177,1,1,0,NA,NA
8,178,1,1,0,NA,NA
8,179,1,1,0,NA,NA
8,180,1,1,0,NA,NA
8,181,1,1,0,NA,NA
8,182,1,1,0,NA,NA
8,183,1,1,0,NA,NA
8,184,1,1,1505.87443951775,0.148947197905946,224.295778164356
8,185,1,1,0,NA,NA
8,186,1,1,178.915207484249,0.952262325825025,170.374211604417
8,187,1,1,0,NA,NA
8,188,1,1,0,NA,NA
8,189,1,1,0,NA,NA
8,190,1,1,0,NA,NA
8,191,1,1,0,NA,NA
8,192,1,1,0,NA,NA
8,193,1,1,0,NA,NA
8,194,1,1,2078.93200254103,0.152824109946761,317.710932928171
8,195,1,1,0,NA,NA
8,196,1,1,0,NA,NA
8,197,1,1,0,NA,NA
8,198,1,1,0,NA,NA
8,199,1,1,1322.05447137891,0.19093462647696,252.425976674926
8,200,1,1,0,NA,NA
8,201,1,1,0,NA,NA
8,202,1,1,0,NA,NA
8,203,1,1,0,NA,NA
8,204,1,1,0,NA,NA
8,205,1,1,0,NA,NA
8,206,1,1,0,NA,NA
8,207,1,1,0,NA,NA
8,208,1,1,0,NA,NA
8,209,1,1,0,NA,NA
8,210,1,1,0,NA,NA
8,211,1,1,0,NA,NA
8,212,1,1,0,NA,NA
8,213,1,1,0,NA,NA
8,214,1,1,0,NA,NA
8,215,1,1,2270.3619535533,0.154427066011319,350.605335270963
8,216,1,1,0,NA,NA
8,217,1,1,0,NA,NA
8,218,1,1,0,NA,NA
8,219,1,1,0,NA,NA
8,220,1,1,245.416841747028,0.601933064790807,147.724511704069
8,221,1,1,480.884153201067,0.798627169479009,384.047150118278
8,222,1,1,0,NA,NA
8,223,1,1,1421.02302633908,0.73414834548309,1043.2417036802
8,224,1,1,474.156951600871,0.798627169478969,378.67462414578
8,225,1,1,339.081902553609,0.807920597916734,273.951253453856
8,226,1,1,0,NA,NA
8,227,1,1,0,NA,NA
8,228,1,1,0,NA,NA
8,229,1,1,0,NA,NA
8,230,1,1,0,NA,NA
8,231,1,1,0,NA,NA
8,232,1,1,2567.46580245716,0.154427066011319,396.486210957856
8,233,1,1,0,NA,NA
8,234,1,1,0,NA,NA
8,235,1,1,0,NA,NA
8,236,1,1,0,NA,NA
8,237,1,1,0,NA,NA
8,238,1,1,388.046187644645,0.154427066011311,59.9248342348371
9,81,1,1,902.701815762148,0.515349693721913,465.207104275238
9,82,1,1,1084.76269394337,0.16829041029788,182.555158839563
9,83,1,1,0,NA,NA
9,84,1,1,0,NA,NA
9,85,1,1,1074.23011689553,0.832033428968001,893.795367661285
9,86,1,1,0,NA,NA
9,87,1,1,0,NA,NA
9,88,1,1,0,NA,NA
9,89,1,1,0,NA,NA
9,90,1,1,0,NA,NA
9,91,1,1,0,NA,NA
9,92,1,1,0,NA,NA
9,93,1,1,0,NA,NA
9,94,1,1,0,NA,NA
9,95,1,1,0,NA,NA
9,96,1,1,549.450764074606,0.596363483784856,327.672371831783
9,97,1,1,372.352086358578,1.00611040460506,374.627308261765
9,98,1,1,0,NA,NA
9,99,1,1,0,NA,NA
9,100,1,1,0,NA,NA
9,101,1,1,0,NA,NA
9,102,1,1,1027.41250280469,0.174710504469259,179.499756663032
9,103,1,1,0,NA,NA
9,104,1,1,0,NA,NA
9,105,1,1,1203.1573281502,0.133293095314574,160.372564419552
9,106,1,1,0,NA,NA
9,107,1,1,622.619631388078,0.168290410297881,104.780913225815
9,108,1,1,0,NA,NA
9,109,1,1,674.852392290041,0.76564857742452,516.699774128404
9,110,1,1,0,NA,NA
9,111,1,1,0,NA,NA
9,112,1,1,0,NA,NA
9,113,1,1,1078.90388348469,0.133293095314584,143.810438176599
9,114,1,1,0,NA,NA
9,115,1,1,1141.75527936228,0.157122251988151,179.395160712763
9,116,1,1,0,NA,NA
9,117,1,1,663.436969927311,0.724777631875723,480.844275962721
9,118,1,1,0,NA,NA
9,119,1,1,0,NA,NA
9,120,1,1,486.337640426298,0.959715400492912,466.745723356503
9,121,1,1,1671.41403950179,0.536326459716589,896.423574526599
9,122,1,1,621.072404211081,0.912077135727279,566.465939512097
9,123,1,1,269.463185708719,1.03177743321046,278.026034095256
9,124,1,1,442.420908918422,0.632134031721487,279.669312872487
9,125,1,1,810.430314739442,0.724777631876346,587.381764317655
9,126,1,1,994.641759848855,0.127993373348901,127.307554116743
9,127,1,1,1152.15330921242,0.875038354708804,1008.17833606554
9,128,1,1,1052.51107245501,0.715899844574451,753.49251318343
9,129,1,1,502.99532774919,0.994431638198544,500.19446777984
9,130,1,1,0,NA,NA
9,131,1,1,348.687726078828,0.926903187395059,323.199764708
9,132,1,1,0,NA,NA
9,133,1,1,1574.22676134309,0.951818809345406,1498.37864162125
9,134,1,1,0,NA,NA
9,135,1,1,0,NA,NA
9,136,1,1,0,NA,NA
9,137,1,1,0,NA,NA
9,138,1,1,0,NA,NA
9,139,1,1,2070.69738444992,0.159535427881567,330.34959324146
9,140,1,1,1026.57321206279,0.157122251988151,161.297494910015
9,141,1,1,929.438542299526,0.373596349511512,347.234846498404
9,142,1,1,340.442063672415,0.99958628981771,340.301219324194
9,143,1,1,0,NA,NA
9,144,1,1,0,NA,NA
9,145,1,1,911.292885264281,0.315005913506899,287.062647795012
9,146,1,1,0,NA,NA
9,147,1,1,2005.75605785145,0.157122251988151,315.148908748496
9,148,1,1,0,NA,NA
9,149,1,1,1379.49649974263,0.957827870748667,1321.32019505372
9,150,1,1,1399.54132860737,0.121218245218798,169.649943964971
9,151,1,1,0,NA,NA
9,152,1,1,0,NA,NA
9,153,1,1,1313.4907251303,0.87503835470918,1149.35476304378
9,154,1,1,0,NA,NA
9,155,1,1,0,NA,NA
9,156,1,1,1097.84496369993,0.724777631878059,795.693472959691
9,157,1,1,318.934668130659,0.979994978436038,312.55437321721
9,158,1,1,0,NA,NA
9,159,1,1,0,NA,NA
9,160,1,1,0,NA,NA
9,161,1,1,522.143929051473,0.528404259519682,275.903076193141
9,162,1,1,0,NA,NA
9,163,1,1,0,NA,NA
9,164,1,1,1145.26878495579,0.157122251988151,179.947210623988
9,165,1,1,0,NA,NA
9,166,1,1,0,NA,NA
9,167,1,1,0,NA,NA
9,168,1,1,0,NA,NA
9,169,1,1,0,NA,NA
9,170,1,1,0,NA,NA
9,171,1,1,0,NA,NA
9,172,1,1,0,NA,NA
9,173,1,1,0,NA,NA
9,174,1,1,4184.4449948752,0.214560812149271,897.817916494375
9,175,1,1,0,NA,NA
9,176,1,1,0,NA,NA
9,177,1,1,0,NA,NA
9,178,1,1,1441.28656610843,0.159535427881567,229.936269024062
9,179,1,1,0,NA,NA
9,180,1,1,0,NA,NA
9,181,1,1,0,NA,NA
9,182,1,1,0,NA,NA
9,183,1,1,0,NA,NA
9,184,1,1,0,NA,NA
9,185,1,1,0,NA,NA
9,186,1,1,2185.84875308766,0.848132801227966,1853.89002601689
9,187,1,1,0,NA,NA
9,188,1,1,0,NA,NA
9,189,1,1,2031.70302602366,0.502714873424369,1021.36732956339
9,190,1,1,0,NA,NA
9,191,1,1,0,NA,NA
9,192,1,1,0,NA,NA
9,193,1,1,0,NA,NA
9,194,1,1,0,NA,NA
9,195,1,1,0,NA,NA
9,196,1,1,0,NA,NA
9,197,1,1,0,NA,NA
9,198,1,1,2329.64901939751,0.502714873424369,1171.14921190963
9,199,1,1,0,NA,NA
9,200,1,1,0,NA,NA
9,201,1,1,0,NA,NA
9,202,1,1,0,NA,NA
9,203,1,1,0,NA,NA
9,204,1,1,0,NA,NA
9,205,1,1,0,NA,NA
9,206,1,1,0,NA,NA
9,207,1,1,0,NA,NA
9,208,1,1,0,NA,NA
9,209,1,1,0,NA,NA
9,210,1,1,0,NA,NA
9,211,1,1,484.678608227399,0.159535427881558,77.3234091485962
9,212,1,1,1684.89203729144,0.157122251988151,264.734031256133
9,213,1,1,0,NA,NA
9,214,1,1,0,NA,NA
9,215,1,1,0,NA,NA
9,216,1,1,0,NA,NA
9,217,1,1,0,NA,NA
9,218,1,1,0,NA,NA
9,219,1,1,2910.73487575437,0.137970842343636,401.596542646829
9,220,1,1,1051.07300998398,0.95932648050622,1008.32217142301
9,221,1,1,441.293098430389,1.12227044082608,495.250200108977
9,222,1,1,0,NA,NA
9,223,1,1,1304.36150055504,0.870043003962656,1134.85059819614
9,224,1,1,0,NA,NA
9,225,1,1,0,NA,NA
9,226,1,1,0,NA,NA
9,227,1,1,0,NA,NA
9,228,1,1,0,NA,NA
9,229,1,1,0,NA,NA
9,230,1,1,0,NA,NA
9,231,1,1,0,NA,NA
9,232,1,1,3883.23883882328,0.159535427881567,619.514169717991
9,233,1,1,0,NA,NA
9,234,1,1,0,NA,NA
9,235,1,1,0,NA,NA
9,236,1,1,0,NA,NA
9,237,1,1,0,NA,NA
9,238,1,1,0,NA,NA
10,81,1,1,644.49957190408,0.638835927730013,411.729481938939
10,82,1,1,0,NA,NA
10,83,1,1,0,NA,NA
10,84,1,1,0,NA,NA
10,85,1,1,0,NA,NA
10,86,1,1,0,NA,NA
10,87,1,1,0,NA,NA
10,88,1,1,322.765014121983,0.985939092191986,318.226645014762
10,89,1,1,1279.13362828498,0.747436875185675,956.071642070237
10,90,1,1,0,NA,NA
10,91,1,1,0,NA,NA
10,92,1,1,0,NA,NA
10,93,1,1,641.995292033253,0.34962335078796,224.456545190761
10,94,1,1,0,NA,NA
10,95,1,1,486.815197155583,0.204306351538601,99.4594368044019
10,96,1,1,146.704776918633,0.929166809957449,136.313209575005
10,97,1,1,802.107446358148,0.542172576833712,434.880661089505
10,98,1,1,0,NA,NA
10,99,1,1,0,NA,NA
10,100,1,1,0,NA,NA
10,101,1,1,0,NA,NA
10,102,1,1,1661.21830019514,0.213893411768155,355.323649920435
10,103,1,1,0,NA,NA
10,104,1,1,0,NA,NA
10,105,1,1,795.589903475736,0.932895576065077,742.202301314556
10,106,1,1,0,NA,NA
10,107,1,1,0,NA,NA
10,108,1,1,0,NA,NA
10,109,1,1,606.881747911955,0.620957109097757,376.847535747601
10,110,1,1,0,NA,NA
10,111,1,1,0,NA,NA
10,112,1,1,0,NA,NA
10,113,1,1,548.144623813529,0.938700418927737,514.543588006746
10,114,1,1,0,NA,NA
10,115,1,1,716.222691829851,0.17907607252008,128.25834670265
10,116,1,1,0,NA,NA
10,117,1,1,1443.41065547129,0.159185809570533,229.770493733931
10,118,1,1,0,NA,NA
10,119,1,1,0,NA,NA
10,120,1,1,875.575682114281,0.155695041819017,136.322792442498
10,121,1,1,163.667898820316,0.9104531078316,149.011947133224
10,122,1,1,160.333842124978,0.989947076577291,158.722018288026
10,123,1,1,0,NA,NA
10,124,1,1,178.421316679459,0.977541879276351,174.414309209799
10,125,1,1,0,NA,NA
10,126,1,1,1364.25110273556,0.752097642293103,1026.05003786318
10,127,1,1,546.584952272036,0.170096362990309,92.9721124467048
10,128,1,1,885.050753158812,0.632364451476881,559.674634050472
10,129,1,1,601.125146518391,0.528333523193671,317.594566540373
10,130,1,1,2254.51093155263,0.17907607252008,403.728963076033
10,131,1,1,0,NA,NA
10,132,1,1,0,NA,NA
10,133,1,1,903.082605904206,0.244206059309238,220.538244418584
10,134,1,1,831.06822608143,1.02639167848707,853.001511504989
10,135,1,1,0,NA,NA
10,136,1,1,0,NA,NA
10,137,1,1,1250.40703852069,0.443820642013488,554.956454614438
10,138,1,1,1566.19895850818,0.197395463685355,309.160569638242
10,139,1,1,0,NA,NA
10,140,1,1,0,NA,NA
10,141,1,1,461.864050590471,0.92940692048074,429.25964494005
10,142,1,1,495.386865085335,0.953143305306993,472.174673993106
10,143,1,1,0,NA,NA
10,144,1,1,726.11417501653,0.84023926388277,610.109639910735
10,145,1,1,0,NA,NA
10,146,1,1,0,NA,NA
10,147,1,1,1258.21008133265,0.179076072520085,225.315319770227
10,148,1,1,1136.53814806204,0.19683377319721,223.709092065621
10,149,1,1,0,NA,NA
10,150,1,1,2224.66057340645,0.74918251666111,1666.67680710139
10,151,1,1,0,NA,NA
10,152,1,1,0,NA,NA
10,153,1,1,359.203646656477,0.927271711483458,333.079380206251
10,154,1,1,0,NA,NA
10,155,1,1,0,NA,NA
10,156,1,1,875.962002889345,0.752097642293189,658.808957111497
10,157,1,1,753.011871236317,0.29166184702926,219.624833199743
10,158,1,1,0,NA,NA
10,159,1,1,0,NA,NA
10,160,1,1,0,NA,NA
10,161,1,1,0,NA,NA
10,162,1,1,1540.00842554556,0.249969843734791,384.955665483886
10,163,1,1,0,NA,NA
10,164,1,1,0,NA,NA
10,165,1,1,559.290819140921,0.179076072520089,100.155603288299
10,166,1,1,0,NA,NA
10,167,1,1,0,NA,NA
10,168,1,1,0,NA,NA
10,169,1,1,0,NA,NA
10,170,1,1,0,NA,NA
10,171,1,1,0,NA,NA
10,172,1,1,0,NA,NA
10,173,1,1,0,NA,NA
10,174,1,1,0,NA,NA
10,175,1,1,0,NA,NA
10,176,1,1,410.945881179189,0.179076072520077,73.5905744198714
10,177,1,1,0,NA,NA
10,178,1,1,4501.6536601374,0.249969843734788,1125.27766197268
10,179,1,1,0,NA,NA
10,180,1,1,0,NA,NA
10,181,1,1,0,NA,NA
10,182,1,1,0,NA,NA
10,183,1,1,0,NA,NA
10,184,1,1,0,NA,NA
10,185,1,1,0,NA,NA
10,186,1,1,0,NA,NA
10,187,1,1,0,NA,NA
10,188,1,1,0,NA,NA
10,189,1,1,2264.77025907831,0.491752941672398,1113.70743711392
10,190,1,1,0,NA,NA
10,191,1,1,0,NA,NA
10,192,1,1,0,NA,NA
10,193,1,1,0,NA,NA
10,194,1,1,0,NA,NA
10,195,1,1,0,NA,NA
10,196,1,1,0,NA,NA
10,197,1,1,0,NA,NA
10,198,1,1,1298.44759436976,0.491752941672398,638.515424138779
10,199,1,1,1332.28042960961,0.491752941672393,655.152820393087
10,200,1,1,0,NA,NA
10,201,1,1,0,NA,NA
10,202,1,1,0,NA,NA
10,203,1,1,0,NA,NA
10,204,1,1,0,NA,NA
10,205,1,1,0,NA,NA
10,206,1,1,0,NA,NA
10,207,1,1,0,NA,NA
10,208,1,1,0,NA,NA
10,209,1,1,0,NA,NA
10,210,1,1,0,NA,NA
10,211,1,1,0,NA,NA
10,212,1,1,2113.86438443327,0.179076072520088,378.542531804404
10,213,1,1,0,NA,NA
10,214,1,1,1173.98959211041,0.249969843734789,293.461994886108
10,215,1,1,0,NA,NA
10,216,1,1,0,NA,NA
10,217,1,1,786.670503031236,0.829249776599562,652.346338896118
10,218,1,1,7780.83093388285,0.24996984373479,1944.97309266952
10,219,1,1,437.053844931171,0.472657027188755,206.576571066582
10,220,1,1,0,NA,NA
10,221,1,1,219.671987457322,0.932369120313888,204.815377703187
10,222,1,1,5489.01639620046,0.249969843734791,1372.08857081594
10,223,1,1,0,NA,NA
10,224,1,1,365.419810074056,1.03863473584424,379.537707908521
10,225,1,1,267.802764482239,1.03863473584414,278.149253546342
10,226,1,1,0,NA,NA
10,227,1,1,0,NA,NA
10,228,1,1,0,NA,NA
10,229,1,1,0,NA,NA
10,230,1,1,0,NA,NA
10,231,1,1,2587.40342267145,0.249969843734792,646.772829244047
10,232,1,1,12128.7443753649,0.249969843734795,3031.82033620923
10,233,1,1,0,NA,NA
10,234,1,1,0,NA,NA
10,235,1,1,0,NA,NA
10,236,1,1,0,NA,NA
10,237,1,1,0,NA,NA
10,238,1,1,0,NA,NA
11,81,1,1,1208.42518460239,0.761324636641732,920.00386457613
11,82,1,1,0,NA,NA
11,83,1,1,0,NA,NA
11,84,1,1,0,NA,NA
11,85,1,1,698.452174551147,0.976419621942817,681.98240822037
11,86,1,1,0,NA,NA
11,87,1,1,0,NA,NA
11,88,1,1,1071.94088834825,0.58251674635026,624.423518560429
11,89,1,1,679.345768836112,0.928335994590503,630.661129983322
11,90,1,1,0,NA,NA
11,91,1,1,0,NA,NA
11,92,1,1,0,NA,NA
11,93,1,1,458.25554527547,0.804518767340217,368.67518641184
11,94,1,1,0,NA,NA
11,95,1,1,0,NA,NA
11,96,1,1,948.993156496001,0.986220152078885,935.916175121306
11,97,1,1,0,NA,NA
11,98,1,1,0,NA,NA
11,99,1,1,0,NA,NA
11,100,1,1,0,NA,NA
11,101,1,1,0,NA,NA
11,102,1,1,0,NA,NA
11,103,1,1,0,NA,NA
11,104,1,1,0,NA,NA
11,105,1,1,590.978371017793,1.04198208200122,615.788873450811
11,106,1,1,0,NA,NA
11,107,1,1,537.055086641373,0.623517021921607,334.86298823048
11,108,1,1,0,NA,NA
11,109,1,1,260.473557421893,1.10230009688508,287.120027582154
11,110,1,1,0,NA,NA
11,111,1,1,0,NA,NA
11,112,1,1,0,NA,NA
11,113,1,1,1219.86310794049,0.18355287385643,223.909379173913
11,114,1,1,0,NA,NA
11,115,1,1,0,NA,NA
11,116,1,1,0,NA,NA
11,117,1,1,0,NA,NA
11,118,1,1,0,NA,NA
11,119,1,1,0,NA,NA
11,120,1,1,0,NA,NA
11,121,1,1,567.268008624044,0.992191691824861,562.83860519481
11,122,1,1,1452.28369884934,0.789380066280294,1146.40380245549
11,123,1,1,465.977966145092,0.960948275304306,447.780722896934
11,124,1,1,291.554512471073,1.02764264129353,299.613849276821
11,125,1,1,0,NA,NA
11,126,1,1,0,NA,NA
11,127,1,1,202.094403486775,0.960948275304356,194.202268479279
11,128,1,1,0,NA,NA
11,129,1,1,1002.66600223184,0.566538542345487,568.048935363806
11,130,1,1,1064.37409921538,0.221653474613046,235.922217379219
11,131,1,1,1289.17065919926,0.711597263951606,917.370313852884
11,132,1,1,2286.4482260435,0.221653474613044,506.799193825373
11,133,1,1,0,NA,NA
11,134,1,1,502.532233189764,0.836891177565845,420.564792398975
11,135,1,1,0,NA,NA
11,136,1,1,0,NA,NA
11,137,1,1,0,NA,NA
11,138,1,1,0,NA,NA
11,139,1,1,0,NA,NA
11,140,1,1,912.070024012015,0.221653474613046,202.163489912667
11,141,1,1,1043.38265873434,0.480202003427576,501.034443065819
11,142,1,1,1158.84599757409,0.92621286316766,1073.33806938348
11,143,1,1,0,NA,NA
11,144,1,1,0,NA,NA
11,145,1,1,470.590493206543,0.972001396504178,457.41461657835
11,146,1,1,1639.47744107331,0.185697455871812,304.446789766543
11,147,1,1,0,NA,NA
11,148,1,1,0,NA,NA
11,149,1,1,0,NA,NA
11,150,1,1,0,NA,NA
11,151,1,1,0,NA,NA
11,152,1,1,0,NA,NA
11,153,1,1,616.454217652269,0.81754943556668,503.981797694311
11,154,1,1,0,NA,NA
11,155,1,1,0,NA,NA
11,156,1,1,0,NA,NA
11,157,1,1,0,NA,NA
11,158,1,1,0,NA,NA
11,159,1,1,3135.87689998422,0.839787583194031,2633.47048303174
11,160,1,1,0,NA,NA
11,161,1,1,698.083276239134,0.973598732782933,679.652993123379
11,162,1,1,592.726081684631,0.226550500159068,134.282390262978
11,163,1,1,0,NA,NA
11,164,1,1,1017.52638381816,0.221653474613046,225.538258483742
11,165,1,1,0,NA,NA
11,166,1,1,1669.25431060324,0.226550500159068,378.170398959844
11,167,1,1,0,NA,NA
11,168,1,1,0,NA,NA
11,169,1,1,0,NA,NA
11,170,1,1,0,NA,NA
11,171,1,1,0,NA,NA
11,172,1,1,0,NA,NA
11,173,1,1,0,NA,NA
11,174,1,1,0,NA,NA
11,175,1,1,0,NA,NA
11,176,1,1,0,NA,NA
11,177,1,1,0,NA,NA
11,178,1,1,0,NA,NA
11,179,1,1,0,NA,NA
11,180,1,1,0,NA,NA
11,181,1,1,0,NA,NA
11,182,1,1,891.027545822129,0.226550500159068,201.86273616151
11,183,1,1,0,NA,NA
11,184,1,1,0,NA,NA
11,185,1,1,0,NA,NA
11,186,1,1,576.184517171201,0.928468580310969,534.969220655106
11,187,1,1,0,NA,NA
11,188,1,1,0,NA,NA
11,189,1,1,0,NA,NA
11,190,1,1,0,NA,NA
11,191,1,1,0,NA,NA
11,192,1,1,0,NA,NA
11,193,1,1,0,NA,NA
11,194,1,1,0,NA,NA
11,195,1,1,1236.64345118787,0.926459726676275,1145.70035378352
11,196,1,1,0,NA,NA
11,197,1,1,2680.93766500342,0.226550500159068,607.367768901808
11,198,1,1,1891.18361171983,0.255081904850935,482.406718100364
11,199,1,1,0,NA,NA
11,200,1,1,3106.56060313544,0.226550500159068,703.79285841479
11,201,1,1,0,NA,NA
11,202,1,1,0,NA,NA
11,203,1,1,0,NA,NA
11,204,1,1,0,NA,NA
11,205,1,1,0,NA,NA
11,206,1,1,0,NA,NA
11,207,1,1,0,NA,NA
11,208,1,1,0,NA,NA
11,209,1,1,0,NA,NA
11,210,1,1,0,NA,NA
11,211,1,1,0,NA,NA
11,212,1,1,0,NA,NA
11,213,1,1,0,NA,NA
11,214,1,1,451.850937519144,0.226550500159054,102.3670558923
11,215,1,1,0,NA,NA
11,216,1,1,0,NA,NA
11,217,1,1,0,NA,NA
11,218,1,1,0,NA,NA
11,219,1,1,789.903198795443,0.626378695861099,494.778535518
11,220,1,1,0,NA,NA
11,221,1,1,272.861761578771,0.985341605871144,268.862046334855
11,222,1,1,0,NA,NA
11,223,1,1,0,NA,NA
11,224,1,1,269.044634175197,0.98534160587111,265.100871889194
11,225,1,1,0,NA,NA
11,226,1,1,0,NA,NA
11,227,1,1,0,NA,NA
11,228,1,1,0,NA,NA
11,229,1,1,0,NA,NA
11,230,1,1,0,NA,NA
11,231,1,1,995.852663542506,0.226550500159068,225.610919010295
11,232,1,1,0,NA,NA
11,233,1,1,0,NA,NA
11,234,1,1,0,NA,NA
11,235,1,1,0,NA,NA
11,236,1,1,0,NA,NA
11,237,1,1,0,NA,NA
11,238,1,1,352.77316515047,0.226550500159053,79.9209370075313
12,81,1,1,217.354184759178,0.884845663720347,192.32490787563
12,82,1,1,0,NA,NA
12,83,1,1,0,NA,NA
12,84,1,1,0,NA,NA
12,85,1,1,0,NA,NA
12,86,1,1,0,NA,NA
12,87,1,1,0,NA,NA
12,88,1,1,428.104664117353,1.0548646396903,451.592472263887
12,89,1,1,706.395852406728,0.864713178910134,610.829803103556
12,90,1,1,0,NA,NA
12,91,1,1,0,NA,NA
12,92,1,1,0,NA,NA
12,93,1,1,0,NA,NA
12,94,1,1,0,NA,NA
12,95,1,1,0,NA,NA
12,96,1,1,227.251141494064,1.07168442200552,243.541508222161
12,97,1,1,0,NA,NA
12,98,1,1,0,NA,NA
12,99,1,1,0,NA,NA
12,100,1,1,0,NA,NA
12,101,1,1,0,NA,NA
12,102,1,1,0,NA,NA
12,103,1,1,0,NA,NA
12,104,1,1,0,NA,NA
12,105,1,1,0,NA,NA
12,106,1,1,0,NA,NA
12,107,1,1,0,NA,NA
12,108,1,1,0,NA,NA
12,109,1,1,0,NA,NA
12,110,1,1,0,NA,NA
12,111,1,1,0,NA,NA
12,112,1,1,0,NA,NA
12,113,1,1,0,NA,NA
12,114,1,1,0,NA,NA
12,115,1,1,0,NA,NA
12,116,1,1,0,NA,NA
12,117,1,1,0,NA,NA
12,118,1,1,0,NA,NA
12,119,1,1,0,NA,NA
12,120,1,1,0,NA,NA
12,121,1,1,465.932117657127,1.02405197298158,477.138704362268
12,122,1,1,0,NA,NA
12,123,1,1,0,NA,NA
12,124,1,1,0,NA,NA
12,125,1,1,0,NA,NA
12,126,1,1,0,NA,NA
12,127,1,1,0,NA,NA
12,128,1,1,0,NA,NA
12,129,1,1,0,NA,NA
12,130,1,1,0,NA,NA
12,131,1,1,0,NA,NA
12,132,1,1,0,NA,NA
12,133,1,1,0,NA,NA
12,134,1,1,75.2909641704221,1.08197032658388,81.4625890922867
12,135,1,1,2543.95293016956,0.648318815224436,1649.29254967426
12,136,1,1,0,NA,NA
12,137,1,1,0,NA,NA
12,138,1,1,1190.3375441094,1.05352472097889,1254.05002902855
12,139,1,1,0,NA,NA
12,140,1,1,685.105636661029,0.532293331665815,364.677161881329
12,141,1,1,0,NA,NA
12,142,1,1,960.90468468507,1.05352472097876,1012.33683982002
12,143,1,1,0,NA,NA
12,144,1,1,0,NA,NA
12,145,1,1,0,NA,NA
12,146,1,1,542.661241818853,1.06209871691752,576.359808656669
12,147,1,1,0,NA,NA
12,148,1,1,0,NA,NA
12,149,1,1,264.038366881224,1.01123932785876,267.005980653894
12,150,1,1,3437.2258657031,0.978341256177354,3362.77987121726
12,151,1,1,0,NA,NA
12,152,1,1,0,NA,NA
12,153,1,1,0,NA,NA
12,154,1,1,0,NA,NA
12,155,1,1,0,NA,NA
12,156,1,1,178.258380542601,0.864713178910248,154.142370906385
12,157,1,1,249.134837908485,1.0323788913111,257.201547746932
12,158,1,1,0,NA,NA
12,159,1,1,3342.57738115684,1.09641858157152,3664.86395104101
12,160,1,1,0,NA,NA
12,161,1,1,0,NA,NA
12,162,1,1,0,NA,NA
12,163,1,1,0,NA,NA
12,164,1,1,0,NA,NA
12,165,1,1,0,NA,NA
12,166,1,1,0,NA,NA
12,167,1,1,0,NA,NA
12,168,1,1,0,NA,NA
12,169,1,1,0,NA,NA
12,170,1,1,0,NA,NA
12,171,1,1,0,NA,NA
12,172,1,1,0,NA,NA
12,173,1,1,0,NA,NA
12,174,1,1,0,NA,NA
12,175,1,1,0,NA,NA
12,176,1,1,0,NA,NA
12,177,1,1,0,NA,NA
12,178,1,1,0,NA,NA
12,179,1,1,0,NA,NA
12,180,1,1,0,NA,NA
12,181,1,1,0,NA,NA
12,182,1,1,3733.14913278205,0.648318815224436,2420.27082282139
12,183,1,1,0,NA,NA
12,184,1,1,0,NA,NA
12,185,1,1,0,NA,NA
12,186,1,1,0,NA,NA
12,187,1,1,0,NA,NA
12,188,1,1,0,NA,NA
12,189,1,1,0,NA,NA
12,190,1,1,0,NA,NA
12,191,1,1,0,NA,NA
12,192,1,1,0,NA,NA
12,193,1,1,0,NA,NA
12,194,1,1,0,NA,NA
12,195,1,1,0,NA,NA
12,196,1,1,0,NA,NA
12,197,1,1,0,NA,NA
12,198,1,1,0,NA,NA
12,199,1,1,0,NA,NA
12,200,1,1,13015.5953942248,0.648318815224436,8438.25538542446
12,201,1,1,0,NA,NA
12,202,1,1,0,NA,NA
12,203,1,1,0,NA,NA
12,204,1,1,0,NA,NA
12,205,1,1,0,NA,NA
12,206,1,1,0,NA,NA
12,207,1,1,0,NA,NA
12,208,1,1,0,NA,NA
12,209,1,1,0,NA,NA
12,210,1,1,0,NA,NA
12,211,1,1,2441.12907096003,0.648318815224436,1582.62990709473
12,212,1,1,0,NA,NA
12,213,1,1,0,NA,NA
12,214,1,1,0,NA,NA
12,215,1,1,8647.51711415663,0.648318815224436,5606.34805008306
12,216,1,1,0,NA,NA
12,217,1,1,0,NA,NA
12,218,1,1,0,NA,NA
12,219,1,1,376.199392091967,1.07151228828505,403.102271471907
12,220,1,1,758.724088186973,0.907391536440633,688.459816114496
12,221,1,1,360.083290189848,1.04003496181473,374.499210962719
12,222,1,1,0,NA,NA
12,223,1,1,0,NA,NA
12,224,1,1,242.901057263702,1.05006130295884,255.061000680402
12,225,1,1,0,NA,NA
12,226,1,1,0,NA,NA
12,227,1,1,0,NA,NA
12,228,1,1,0,NA,NA
12,229,1,1,0,NA,NA
12,230,1,1,0,NA,NA
12,231,1,1,4172.33622542186,0.648318815224436,2705.00407838349
12,232,1,1,0,NA,NA
12,233,1,1,0,NA,NA
12,234,1,1,0,NA,NA
12,235,1,1,0,NA,NA
12,236,1,1,0,NA,NA
12,237,1,1,0,NA,NA
12,238,1,1,0,NA,NA
13,81,1,1,0,NA,NA
13,82,1,1,0,NA,NA
13,83,1,1,0,NA,NA
13,84,1,1,0,NA,NA
13,85,1,1,0,NA,NA
13,86,1,1,0,NA,NA
13,87,1,1,0,NA,NA
13,88,1,1,244.296097723366,1.06742195273719,260.767017677952
13,89,1,1,0,NA,NA
13,90,1,1,0,NA,NA
13,91,1,1,0,NA,NA
13,92,1,1,0,NA,NA
13,93,1,1,0,NA,NA
13,94,1,1,0,NA,NA
13,95,1,1,0,NA,NA
13,96,1,1,0,NA,NA
13,97,1,1,0,NA,NA
13,98,1,1,0,NA,NA
13,99,1,1,0,NA,NA
13,100,1,1,0,NA,NA
13,101,1,1,0,NA,NA
13,102,1,1,0,NA,NA
13,103,1,1,0,NA,NA
13,104,1,1,0,NA,NA
13,105,1,1,0,NA,NA
13,106,1,1,0,NA,NA
13,107,1,1,0,NA,NA
13,108,1,1,0,NA,NA
13,109,1,1,0,NA,NA
13,110,1,1,0,NA,NA
13,111,1,1,0,NA,NA
13,112,1,1,0,NA,NA
13,113,1,1,0,NA,NA
13,114,1,1,0,NA,NA
13,115,1,1,0,NA,NA
13,116,1,1,0,NA,NA
13,117,1,1,0,NA,NA
13,118,1,1,0,NA,NA
13,119,1,1,0,NA,NA
13,120,1,1,0,NA,NA
13,121,1,1,0,NA,NA
13,122,1,1,0,NA,NA
13,123,1,1,0,NA,NA
13,124,1,1,0,NA,NA
13,125,1,1,0,NA,NA
13,126,1,1,0,NA,NA
13,127,1,1,0,NA,NA
13,128,1,1,0,NA,NA
13,129,1,1,0,NA,NA
13,130,1,1,0,NA,NA
13,131,1,1,1972.93853262192,1.0965074653359,2163.34182966879
13,132,1,1,0,NA,NA
13,133,1,1,0,NA,NA
13,134,1,1,0,NA,NA
13,135,1,1,2543.95292837185,0.64831881519909,1649.2925484443
13,136,1,1,0,NA,NA
13,137,1,1,150.001510322321,1.04551843166414,156.829343819445
13,138,1,1,494.764292837099,1.04784029394388,518.433962039359
13,139,1,1,0,NA,NA
13,140,1,1,0,NA,NA
13,141,1,1,0,NA,NA
13,142,1,1,991.686429289963,1.04410821049249,1035.42794305563
13,143,1,1,0,NA,NA
13,144,1,1,0,NA,NA
13,145,1,1,0,NA,NA
13,146,1,1,0,NA,NA
13,147,1,1,0,NA,NA
13,148,1,1,0,NA,NA
13,149,1,1,326.892302288476,0.904750335226712,295.75592007853
13,150,1,1,0,NA,NA
13,151,1,1,0,NA,NA
13,152,1,1,0,NA,NA
13,153,1,1,0,NA,NA
13,154,1,1,0,NA,NA
13,155,1,1,0,NA,NA
13,156,1,1,162.396265241514,0.931514320646183,151.274446691926
13,157,1,1,0,NA,NA
13,158,1,1,0,NA,NA
13,159,1,1,0,NA,NA
13,160,1,1,0,NA,NA
13,161,1,1,0,NA,NA
13,162,1,1,0,NA,NA
13,163,1,1,0,NA,NA
13,164,1,1,0,NA,NA
13,165,1,1,0,NA,NA
13,166,1,1,0,NA,NA
13,167,1,1,0,NA,NA
13,168,1,1,0,NA,NA
13,169,1,1,0,NA,NA
13,170,1,1,0,NA,NA
13,171,1,1,0,NA,NA
13,172,1,1,0,NA,NA
13,173,1,1,0,NA,NA
13,174,1,1,0,NA,NA
13,175,1,1,0,NA,NA
13,176,1,1,0,NA,NA
13,177,1,1,0,NA,NA
13,178,1,1,0,NA,NA
13,179,1,1,0,NA,NA
13,180,1,1,0,NA,NA
13,181,1,1,0,NA,NA
13,182,1,1,0,NA,NA
13,183,1,1,0,NA,NA
13,184,1,1,0,NA,NA
13,185,1,1,0,NA,NA
13,186,1,1,0,NA,NA
13,187,1,1,0,NA,NA
13,188,1,1,0,NA,NA
13,189,1,1,0,NA,NA
13,190,1,1,0,NA,NA
13,191,1,1,0,NA,NA
13,192,1,1,0,NA,NA
13,193,1,1,0,NA,NA
13,194,1,1,0,NA,NA
13,195,1,1,0,NA,NA
13,196,1,1,0,NA,NA
13,197,1,1,0,NA,NA
13,198,1,1,0,NA,NA
13,199,1,1,0,NA,NA
13,200,1,1,0,NA,NA
13,201,1,1,0,NA,NA
13,202,1,1,0,NA,NA
13,203,1,1,0,NA,NA
13,204,1,1,0,NA,NA
13,205,1,1,0,NA,NA
13,206,1,1,0,NA,NA
13,207,1,1,0,NA,NA
13,208,1,1,0,NA,NA
13,209,1,1,0,NA,NA
13,210,1,1,0,NA,NA
13,211,1,1,0,NA,NA
13,212,1,1,0,NA,NA
13,213,1,1,0,NA,NA
13,214,1,1,0,NA,NA
13,215,1,1,0,NA,NA
13,216,1,1,0,NA,NA
13,217,1,1,0,NA,NA
13,218,1,1,0,NA,NA
13,219,1,1,0,NA,NA
13,220,1,1,0,NA,NA
13,221,1,1,0,NA,NA
13,222,1,1,0,NA,NA
13,223,1,1,0,NA,NA
13,224,1,1,0,NA,NA
13,225,1,1,0,NA,NA
13,226,1,1,0,NA,NA
13,227,1,1,0,NA,NA
13,228,1,1,0,NA,NA
13,229,1,1,0,NA,NA
13,230,1,1,0,NA,NA
13,231,1,1,0,NA,NA
13,232,1,1,0,NA,NA
13,233,1,1,0,NA,NA
13,234,1,1,0,NA,NA
13,235,1,1,0,NA,NA
13,236,1,1,0,NA,NA
13,237,1,1,0,NA,NA
13,238,1,1,0,NA,NA
