"Cell","year","quarter","n","0","10","15","20","25","30","35","40","45","50","55","60","65","70","75","80","85","90","95","100","105","110","115","120","125","130","135","140","145","150","155","160","165","170","175","180","185","190","195"
1,32,3,2,0,0,0,0,0,0,0,0,0,0,0,0.4,0.2,0,0,0,0,0,0,0,0,0.2,0,0,0,0,0,0.2,0,0,0,0,0,0,0,0,0,0,0
1,33,1,2,0,0,0,0,0,0,0,0,0,0.2,0,0.2,0,0.2,0,0.4,0,0,0,0,0,0,0,0,0,0,0,0,0,0,0,0,0,0,0,0,0,0,0
1,33,2,6,0,0,0,0,0,0,0,0,0,0.08,0.12,0.08,0.16,0,0,0.16,0,0.08,0.04,0,0.08,0,0,0.08,0.08,0,0,0,0,0.04,0,0,0,0,0,0,0,0,0
1,33,3,2,0,0,0,0,0,0,0,0,0,0,0,0,0,0,0,0,0,0,0,0,0.4,0,0,0,0,0,0.2,0,0,0.2,0.2,0,0,0,0,0,0,0,0
1,33,4,2,0,0,0,0,0,0,0,0,0,0,0,0.2,0,0,0.2,0,0,0,0,0,0.2,0.2,0,0.2,0,0,0,0,0,0,0,0,0,0,0,0,0,0,0
1,34,1,6,0,0,0,0,0,0,0,0,0.1,0.05,0.2,0,0,0,0.05,0,0.05,0.1,0.05,0,0,0.1,0.05,0.1,0,0.1,0,0.05,0,0,0,0,0,0,0,0,0,0,0
1,34,2,6,0,0,0,0,0,0,0,0.0333333333333333,0.0333333333333333,0.0333333333333333,0.1,0.0666666666666667,0.0666666666666667,0.0666666666666667,0,0.0666666666666667,0,0.0666666666666667,0,0.0666666666666667,0.0333333333333333,0.0333333333333333,0.0333333333333333,0,0.166666666666667,0,0,0.0333333333333333,0.0333333333333333,0.0666666666666667,0,0,0,0,0,0,0,0,0
1,35,1,6,0,0,0,0,0,0,0,0,0,0.04,0,0.08,0.04,0.04,0.04,0.04,0.04,0.12,0.12,0.04,0.04,0.08,0.04,0.04,0,0.04,0.04,0.08,0,0.04,0,0,0,0,0,0,0,0,0
1,35,2,6,0,0,0,0,0,0,0,0,0.0333333333333333,0.0333333333333333,0.0333333333333333,0.0333333333333333,0.0333333333333333,0.0666666666666667,0.0666666666666667,0,0,0.133333333333333,0.0666666666666667,0,0.0333333333333333,0.1,0.0666666666666667,0.1,0,0.0333333333333333,0.133333333333333,0,0,0,0,0.0333333333333333,0,0,0,0,0,0,0
1,35,3,2,0,0,0,0,0,0,0.2,0,0,0,0.2,0,0.2,0,0,0.2,0.2,0,0,0,0,0,0,0,0,0,0,0,0,0,0,0,0,0,0,0,0,0,0
1,36,1,6,0,0,0,0,0,0,0,0,0.1,0,0.15,0.05,0,0.05,0,0.05,0.2,0.05,0.15,0.05,0,0.05,0.05,0,0,0.05,0,0,0,0,0,0,0,0,0,0,0,0,0
1,36,2,5,0,0,0,0,0,0,0,0,0,0.04,0.12,0.12,0.12,0.04,0.04,0,0,0.08,0.04,0.08,0.04,0.04,0.08,0,0.04,0.08,0,0.04,0,0,0,0,0,0,0,0,0,0,0
1,37,1,2,0,0,0,0,0,0,0,0.2,0,0,0,0,0.2,0,0,0.2,0.2,0,0.2,0,0,0,0,0,0,0,0,0,0,0,0,0,0,0,0,0,0,0,0
1,37,2,6,0,0,0,0,0,0,0,0.0333333333333333,0.0666666666666667,0.0333333333333333,0.0666666666666667,0.0333333333333333,0.0333333333333333,0,0.1,0.0666666666666667,0.1,0.0333333333333333,0,0.133333333333333,0,0.133333333333333,0.0666666666666667,0.0666666666666667,0,0,0.0333333333333333,0,0,0,0,0,0,0,0,0,0,0,0
1,38,2,5,0,0,0,0,0,0,0,0,0.04,0,0.04,0.12,0.16,0.04,0.04,0.04,0.04,0,0.04,0.04,0.08,0.08,0.08,0.04,0,0,0.04,0.08,0,0,0,0,0,0,0,0,0,0,0
1,38,4,3,0,0,0,0,0,0,0,0.1,0.2,0.1,0,0,0.1,0,0,0,0,0,0.1,0,0.1,0.1,0,0,0,0.1,0,0,0.1,0,0,0,0,0,0,0,0,0,0
1,39,1,5,0,0,0,0,0,0,0,0.04,0.08,0.08,0.08,0.08,0.04,0.08,0.04,0.04,0,0.08,0,0.04,0,0,0,0.08,0.08,0.04,0.08,0,0.04,0,0,0,0,0,0,0,0,0,0
1,39,2,6,0,0,0,0,0,0,0,0.0666666666666667,0,0.133333333333333,0.1,0.166666666666667,0.1,0.133333333333333,0.0666666666666667,0,0.0333333333333333,0.0666666666666667,0,0.0333333333333333,0.0333333333333333,0.0333333333333333,0,0,0,0,0,0.0333333333333333,0,0,0,0,0,0,0,0,0,0,0
1,39,4,3,0,0,0,0,0,0,0,0,0,0.1,0.1,0,0.1,0.1,0,0.1,0,0,0.3,0,0.1,0,0,0,0.1,0,0,0,0,0,0,0,0,0,0,0,0,0,0
1,40,1,6,0,0,0,0,0,0,0,0.0333333333333333,0.1,0.0333333333333333,0.0333333333333333,0.133333333333333,0.1,0.0333333333333333,0.0666666666666667,0.1,0,0.0666666666666667,0.0333333333333333,0.0666666666666667,0.133333333333333,0,0,0.0333333333333333,0,0.0333333333333333,0,0,0,0,0,0,0,0,0,0,0,0,0
1,40,2,5,0,0,0,0,0,0,0,0,0.08,0.08,0.08,0.12,0.12,0.08,0.04,0,0.04,0,0.04,0.04,0.08,0.04,0.04,0.08,0.04,0,0,0,0,0,0,0,0,0,0,0,0,0,0
1,40,4,2,0,0,0,0,0,0,0,0.2,0.4,0,0,0,0,0,0.2,0,0,0,0.2,0,0,0,0,0,0,0,0,0,0,0,0,0,0,0,0,0,0,0,0
1,41,1,7,0,0,0,0,0,0,0,0.0666666666666667,0.0333333333333333,0.0333333333333333,0.0666666666666667,0.0333333333333333,0.0666666666666667,0.1,0.166666666666667,0.0666666666666667,0.0333333333333333,0.0333333333333333,0,0,0.0333333333333333,0.1,0.0333333333333333,0.1,0,0,0,0,0,0,0,0,0,0.0333333333333333,0,0,0,0,0
1,41,2,9,0,0,0,0,0,0,0,0,0.08,0.02,0.1,0.04,0.02,0.08,0.12,0.1,0.02,0.04,0.02,0.02,0.02,0,0,0.04,0.02,0.04,0.06,0.1,0.02,0,0,0.02,0.02,0,0,0,0,0,0
1,41,3,2,0,0,0,0,0,0,0,0.2,0,0,0.4,0,0,0,0,0,0,0.4,0,0,0,0,0,0,0,0,0,0,0,0,0,0,0,0,0,0,0,0,0
1,42,1,5,0,0,0,0,0,0,0,0,0.05,0.1,0.05,0.1,0.2,0.05,0.1,0.15,0.05,0.05,0,0,0.05,0,0,0.05,0,0,0,0,0,0,0,0,0,0,0,0,0,0,0
1,42,2,6,0,0,0,0,0,0,0,0,0.133333333333333,0.0333333333333333,0.166666666666667,0.0666666666666667,0.0666666666666667,0.0333333333333333,0.0666666666666667,0.0666666666666667,0.133333333333333,0.0666666666666667,0.0333333333333333,0.0333333333333333,0.0666666666666667,0,0,0,0,0,0,0,0,0,0,0,0,0.0333333333333333,0,0,0,0,0
1,43,1,4,0,0,0,0,0,0,0,0,0,0.05,0.05,0,0.05,0,0.15,0.1,0,0,0.15,0,0.15,0.05,0.1,0.05,0,0,0.05,0.05,0,0,0,0,0,0,0,0,0,0,0
1,43,2,7,0,0,0,0,0,0,0,0.0285714285714286,0.0285714285714286,0.0857142857142857,0.0857142857142857,0.0285714285714286,0.0571428571428571,0.0571428571428571,0.0285714285714286,0,0,0.114285714285714,0.0285714285714286,0.0285714285714286,0.114285714285714,0.0571428571428571,0.0285714285714286,0.0857142857142857,0.0571428571428571,0.0285714285714286,0,0,0.0571428571428571,0,0,0,0,0,0,0,0,0,0
1,43,4,3,0,0,0,0,0,0,0,0,0,0,0.3,0.2,0,0.1,0,0,0.1,0.1,0,0,0.1,0,0.1,0,0,0,0,0,0,0,0,0,0,0,0,0,0,0,0
1,44,1,8,0,0,0,0,0,0,0,0.0333333333333333,0,0.133333333333333,0.0666666666666667,0.0333333333333333,0.1,0.0333333333333333,0.133333333333333,0.0333333333333333,0.0333333333333333,0,0.0666666666666667,0.0666666666666667,0.0333333333333333,0.0666666666666667,0.0666666666666667,0.0333333333333333,0,0.0333333333333333,0.0333333333333333,0,0,0,0,0,0,0,0,0,0,0,0
1,44,2,6,0,0,0,0,0,0,0,0.0333333333333333,0.0333333333333333,0.0333333333333333,0.2,0.1,0.0333333333333333,0.0333333333333333,0.0333333333333333,0.1,0.0666666666666667,0.0666666666666667,0.0666666666666667,0.0333333333333333,0,0,0,0.0333333333333333,0.0333333333333333,0.0333333333333333,0.0333333333333333,0,0.0333333333333333,0,0,0,0,0,0,0,0,0,0
1,44,4,2,0,0,0,0,0,0,0.2,0,0,0,0,0,0,0,0.2,0,0,0.2,0,0,0,0.2,0.2,0,0,0,0,0,0,0,0,0,0,0,0,0,0,0,0
1,45,1,6,0,0,0,0,0,0,0,0,0.0666666666666667,0,0.0333333333333333,0.0666666666666667,0.0333333333333333,0.0333333333333333,0.0333333333333333,0.133333333333333,0.1,0.0666666666666667,0.0666666666666667,0.0333333333333333,0.0666666666666667,0,0.0333333333333333,0,0.0333333333333333,0.0333333333333333,0.0333333333333333,0.1,0,0.0333333333333333,0,0,0,0,0,0,0,0,0
1,45,2,7,0,0,0,0,0,0,0.0285714285714286,0,0.0571428571428571,0.114285714285714,0.0571428571428571,0.0571428571428571,0.0285714285714286,0.0571428571428571,0.0285714285714286,0,0.0285714285714286,0.0285714285714286,0,0.0285714285714286,0.0571428571428571,0.0571428571428571,0.0571428571428571,0.0857142857142857,0.0285714285714286,0.0857142857142857,0.0571428571428571,0.0285714285714286,0,0,0,0,0,0,0.0285714285714286,0,0,0,0
1,45,4,2,0,0,0,0,0,0,0,0,0,0,0.2,0,0,0,0,0,0,0,0,0,0,0.2,0,0,0,0,0,0.2,0.2,0,0.2,0,0,0,0,0,0,0,0
1,46,1,6,0,0,0,0,0,0,0,0,0,0.133333333333333,0.133333333333333,0.1,0.0333333333333333,0.1,0.1,0.0666666666666667,0.0333333333333333,0,0,0.0333333333333333,0,0,0.0666666666666667,0.0333333333333333,0.0666666666666667,0.0333333333333333,0.0333333333333333,0,0,0,0,0,0,0.0333333333333333,0,0,0,0,0
1,46,2,7,0,0,0,0,0,0,0,0,0.0666666666666667,0.0666666666666667,0.0333333333333333,0.1,0.0333333333333333,0.133333333333333,0.0333333333333333,0,0.0666666666666667,0.0333333333333333,0.0666666666666667,0,0.0666666666666667,0.0333333333333333,0.0333333333333333,0.0666666666666667,0,0.0666666666666667,0.0333333333333333,0.0333333333333333,0,0,0.0333333333333333,0,0,0,0,0,0,0,0
1,46,3,2,0,0,0,0,0,0,0,0.2,0,0.2,0.2,0,0,0,0.2,0,0,0,0,0,0.2,0,0,0,0,0,0,0,0,0,0,0,0,0,0,0,0,0,0
1,46,4,4,0,0,0,0,0,0,0,0.0666666666666667,0,0.0666666666666667,0.0666666666666667,0.133333333333333,0,0.0666666666666667,0,0,0,0.0666666666666667,0,0,0.0666666666666667,0.0666666666666667,0.0666666666666667,0.133333333333333,0,0,0,0.0666666666666667,0,0.133333333333333,0,0,0,0,0,0,0,0,0
1,47,1,11,0,0,0,0,0,0,0.0181818181818182,0,0.0909090909090909,0.0909090909090909,0.0909090909090909,0.109090909090909,0.0727272727272727,0.0363636363636364,0.0727272727272727,0.0181818181818182,0.0181818181818182,0.0363636363636364,0,0.0363636363636364,0.0727272727272727,0.0181818181818182,0.0363636363636364,0.0363636363636364,0.0545454545454546,0.0181818181818182,0.0363636363636364,0.0363636363636364,0,0,0,0,0,0,0,0,0,0,0
1,47,2,8,0,0,0,0,0,0,0,0.025,0.025,0.125,0.15,0.075,0,0.1,0.025,0.025,0.025,0.075,0.025,0.025,0.025,0.025,0,0.05,0.075,0,0.025,0.025,0.025,0,0.05,0,0,0,0,0,0,0,0
1,47,4,7,0,0,0,0,0,0,0,0.0333333333333333,0.0333333333333333,0.1,0.0333333333333333,0.1,0.1,0.0666666666666667,0.1,0.1,0.1,0,0,0.0333333333333333,0.0666666666666667,0,0,0.0666666666666667,0.0333333333333333,0,0.0333333333333333,0,0,0,0,0,0,0,0,0,0,0,0
1,48,1,7,0,0,0,0,0,0,0,0,0.0714285714285714,0.0857142857142857,0.1,0.0928571428571429,0.0571428571428571,0.114285714285714,0.0285714285714286,0.0571428571428571,0.0571428571428571,0,0.107142857142857,0.114285714285714,0,0,0,0.0571428571428571,0,0,0.0285714285714286,0,0,0.0285714285714286,0,0,0,0,0,0,0,0,0
1,48,2,6,0,0,0,0,0,0,0,0.025,0.025,0.025,0.025,0.125,0.125,0.05,0.025,0.1,0.075,0.05,0.025,0.075,0.125,0.075,0,0.025,0,0.025,0,0,0,0,0,0,0,0,0,0,0,0,0
1,48,3,2,0,0,0,0,0,0,0,0,0,0,0,0,0,0,0.6,0,0,0,0,0,0,0,0,0,0.2,0,0,0,0,0,0.2,0,0,0,0,0,0,0,0
1,48,4,2,0,0,0,0,0,0,0,0,0,0,0,0,0,0,0,0.2,0,0.2,0,0.2,0.2,0,0,0,0.2,0,0,0,0,0,0,0,0,0,0,0,0,0,0
1,49,1,7,0,0,0,0,0,0,0.0285714285714286,0.0857142857142857,0.0857142857142857,0.0571428571428571,0.0285714285714286,0.0285714285714286,0.0857142857142857,0.0285714285714286,0.0285714285714286,0.0285714285714286,0,0.0285714285714286,0.0571428571428571,0.114285714285714,0.0285714285714286,0.0857142857142857,0.0857142857142857,0.0571428571428571,0.0285714285714286,0.0285714285714286,0,0,0,0,0,0,0,0,0,0,0,0,0
1,49,2,6,0,0,0,0,0,0,0,0,0.133333333333333,0.1,0.166666666666667,0.0666666666666667,0.0333333333333333,0.0333333333333333,0.0666666666666667,0,0,0.166666666666667,0.0333333333333333,0,0.0333333333333333,0.0333333333333333,0.0666666666666667,0,0.0333333333333333,0.0333333333333333,0,0,0,0,0,0,0,0,0,0,0,0,0
1,49,4,3,0,0,0,0,0,0,0,0,0.2,0.1,0.2,0.1,0,0,0,0,0,0,0,0,0,0,0,0.1,0.1,0.1,0,0.1,0,0,0,0,0,0,0,0,0,0,0
1,50,1,6,0,0,0,0,0,0,0,0.0333333333333333,0,0.1,0.233333333333333,0.0666666666666667,0.233333333333333,0.0666666666666667,0.0666666666666667,0,0,0,0,0,0.0666666666666667,0,0,0.0666666666666667,0,0.0333333333333333,0,0,0.0333333333333333,0,0,0,0,0,0,0,0,0,0
1,50,2,7,0,0,0,0,0,0,0,0.0285714285714286,0,0.2,0.142857142857143,0.0857142857142857,0.142857142857143,0.142857142857143,0,0.0285714285714286,0,0.0285714285714286,0.0285714285714286,0.0285714285714286,0.0285714285714286,0,0,0.0285714285714286,0,0.0285714285714286,0.0285714285714286,0,0,0,0.0285714285714286,0,0,0,0,0,0,0,0
1,51,1,7,0,0,0,0,0,0,0,0.0285714285714286,0.0285714285714286,0,0.121428571428571,0.114285714285714,0.0571428571428571,0.0642857142857143,0.121428571428571,0.0857142857142857,0,0.0857142857142857,0.0571428571428571,0.0857142857142857,0.0285714285714286,0.0571428571428571,0.0357142857142857,0,0,0,0,0.0285714285714286,0,0,0,0,0,0,0,0,0,0,0
1,51,2,7,0,0,0,0,0,0,0,0,0.0333333333333333,0.0333333333333333,0,0.1,0.0666666666666667,0.166666666666667,0.1,0,0.1,0.0666666666666667,0.0333333333333333,0.0333333333333333,0.0333333333333333,0.0666666666666667,0.1,0,0,0.0333333333333333,0,0,0.0333333333333333,0,0,0,0,0,0,0,0,0,0
1,51,3,2,0,0,0,0,0,0,0,0,0.2,0,0,0,0.2,0,0,0,0,0,0.2,0,0,0,0,0.2,0,0,0,0.2,0,0,0,0,0,0,0,0,0,0,0
1,51,4,2,0,0,0,0,0,0,0,0,0,0,0.2,0.2,0.2,0,0,0,0,0,0.2,0,0,0,0,0.2,0,0,0,0,0,0,0,0,0,0,0,0,0,0,0
1,52,1,6,0,0,0,0,0,0,0,0,0,0,0.0333333333333333,0.0333333333333333,0.0666666666666667,0.0666666666666667,0.0333333333333333,0,0.0333333333333333,0.0666666666666667,0.0333333333333333,0.0333333333333333,0.183333333333333,0.166666666666667,0.0333333333333333,0.1,0.0833333333333333,0,0,0.0333333333333333,0,0,0,0,0,0,0,0,0,0,0
1,52,2,6,0,0,0,0,0,0,0.04,0,0,0.04,0.04,0,0,0.12,0.04,0.04,0.08,0.04,0.04,0.2,0.08,0.04,0.08,0.04,0.04,0.04,0,0,0,0,0,0,0,0,0,0,0,0,0
1,53,1,5,0,0,0,0,0,0,0,0,0,0.05,0.2,0.15,0.05,0,0,0,0,0.1,0,0.05,0.05,0.05,0.05,0.05,0,0.05,0,0.1,0,0.05,0,0,0,0,0,0,0,0,0
1,53,2,3,0,0,0,0,0,0,0,0,0.1,0.2,0,0,0,0.1,0.1,0,0,0,0,0,0,0,0,0,0.1,0.2,0.1,0.1,0,0,0,0,0,0,0,0,0,0,0
1,53,3,3,0,0,0,0,0,0,0,0,0,0.3,0.1,0,0,0.1,0,0,0.1,0,0.1,0.2,0,0,0,0,0,0,0,0,0.1,0,0,0,0,0,0,0,0,0,0
1,53,4,2,0,0,0,0,0,0,0,0,0,0,0,0,0,0.2,0.2,0,0,0,0.2,0,0,0,0.2,0,0,0,0.2,0,0,0,0,0,0,0,0,0,0,0,0
1,54,1,6,0,0,0,0,0,0,0,0,0,0.04,0.04,0.04,0,0.12,0.08,0.04,0.04,0.08,0,0.04,0.16,0.08,0.04,0,0.12,0,0,0.04,0,0,0,0,0.04,0,0,0,0,0,0
1,54,2,6,0,0,0,0,0,0,0.0333333333333333,0,0,0.266666666666667,0.166666666666667,0.133333333333333,0.0333333333333333,0.166666666666667,0,0.0333333333333333,0,0.0333333333333333,0.0333333333333333,0.0333333333333333,0,0.0333333333333333,0.0333333333333333,0,0,0,0,0,0,0,0,0,0,0,0,0,0,0,0
1,54,3,2,0,0,0,0,0,0,0,0,0,0.2,0.2,0,0.2,0,0,0,0,0,0,0,0,0,0,0.2,0,0.2,0,0,0,0,0,0,0,0,0,0,0,0,0
1,55,1,7,0,0,0,0,0,0,0,0,0.0666666666666667,0.0666666666666667,0.0666666666666667,0.0666666666666667,0.0666666666666667,0.133333333333333,0.133333333333333,0.0666666666666667,0.0333333333333333,0,0,0.0333333333333333,0.0333333333333333,0.0666666666666667,0.0333333333333333,0,0.0666666666666667,0.0666666666666667,0,0,0,0,0,0,0,0,0,0,0,0,0
1,55,2,6,0,0,0,0,0,0,0,0.04,0,0.12,0.08,0.08,0.08,0.04,0.04,0.08,0.04,0.08,0.08,0,0,0.04,0.04,0,0,0.08,0,0,0.04,0.04,0,0,0,0,0,0,0,0,0
1,55,4,3,0,0,0,0,0,0,0,0,0,0.2,0,0.1,0.1,0,0.1,0,0,0.2,0,0.1,0,0,0,0,0.1,0,0,0.1,0,0,0,0,0,0,0,0,0,0,0
1,56,1,5,0,0,0,0,0,0,0,0,0.15,0.05,0.05,0.1,0.1,0.05,0.15,0,0.15,0,0,0,0,0,0.05,0.05,0.1,0,0,0,0,0,0,0,0,0,0,0,0,0,0
1,56,2,6,0,0,0,0,0,0,0,0,0.0333333333333333,0.0333333333333333,0.166666666666667,0.1,0.1,0.0333333333333333,0.0333333333333333,0.0666666666666667,0.0333333333333333,0.0333333333333333,0.0666666666666667,0.0666666666666667,0.0666666666666667,0,0.133333333333333,0,0,0.0333333333333333,0,0,0,0,0,0,0,0,0,0,0,0,0
1,56,4,3,0,0,0,0,0,0,0,0.166666666666667,0.1,0,0.266666666666667,0,0.1,0,0.166666666666667,0,0,0,0,0,0.1,0,0,0,0,0,0,0,0,0.1,0,0,0,0,0,0,0,0,0
1,57,1,6,0,0,0,0,0,0.0333333333333333,0,0.0333333333333333,0.158333333333333,0.0333333333333333,0.15,0.0333333333333333,0.0333333333333333,0.0416666666666667,0.0333333333333333,0.0666666666666667,0.075,0,0,0.0333333333333333,0,0.075,0,0.1,0.0333333333333333,0,0.0333333333333333,0,0.0333333333333333,0,0,0,0,0,0,0,0,0,0
1,57,2,7,0,0,0,0,0,0,0,0,0.0571428571428571,0.0857142857142857,0.2,0.0857142857142857,0.114285714285714,0.0285714285714286,0.0857142857142857,0.142857142857143,0.0285714285714286,0.0285714285714286,0.0571428571428571,0,0.0285714285714286,0.0285714285714286,0.0285714285714286,0,0,0,0,0,0,0,0,0,0,0,0,0,0,0,0
1,57,3,3,0,0,0,0,0,0,0,0,0.1,0.2,0,0.1,0.1,0.1,0,0,0.1,0,0.1,0.1,0,0,0,0.1,0,0,0,0,0,0,0,0,0,0,0,0,0,0,0
1,57,4,2,0,0,0,0,0,0,0,0.2,0.2,0,0.2,0.2,0.2,0,0,0,0,0,0,0,0,0,0,0,0,0,0,0,0,0,0,0,0,0,0,0,0,0,0
1,58,1,6,0,0,0,0,0,0,0,0.0333333333333333,0.0666666666666667,0.2,0,0.133333333333333,0.0666666666666667,0.1,0.1,0.0666666666666667,0,0.0333333333333333,0,0,0.0333333333333333,0,0,0,0.0333333333333333,0.0666666666666667,0.0666666666666667,0,0,0,0,0,0,0,0,0,0,0,0
1,58,2,10,0,0,0,0,0,0,0,0.04,0.02,0.04,0.12,0.08,0.02,0.08,0.02,0.06,0.02,0,0.1,0.04,0.04,0.08,0.02,0.06,0.06,0.04,0,0.06,0,0,0,0,0,0,0,0,0,0,0
1,58,4,4,0,0,0,0,0,0,0,0,0,0,0.133333333333333,0.0666666666666667,0.133333333333333,0.0666666666666667,0,0,0.0666666666666667,0.0666666666666667,0,0,0,0.2,0,0.0666666666666667,0.133333333333333,0,0.0666666666666667,0,0,0,0,0,0,0,0,0,0,0,0
1,59,1,8,0,0,0,0,0,0,0,0,0.025,0.025,0.075,0.025,0.075,0.025,0.05,0.025,0,0.075,0,0.15,0.075,0.025,0.075,0,0.075,0.075,0.025,0.025,0.025,0,0.05,0,0,0,0,0,0,0,0
1,59,2,8,0,0,0,0,0,0,0,0,0.075,0.075,0.075,0,0.075,0.05,0.075,0.1,0.075,0.025,0,0.025,0.075,0.075,0.075,0.05,0.025,0.025,0.025,0,0,0,0,0,0,0,0,0,0,0,0
1,59,4,6,0,0,0,0,0,0,0,0.08,0.12,0.2,0.08,0.04,0.04,0,0.04,0,0.04,0,0,0.04,0.04,0.04,0.04,0.08,0.04,0.04,0,0,0,0,0,0.04,0,0,0,0,0,0,0
1,60,1,9,0,0,0,0,0,0.0222222222222222,0,0,0.0666666666666667,0.111111111111111,0.155555555555556,0.0444444444444444,0.0666666666666667,0.0666666666666667,0.0888888888888889,0.0444444444444444,0.0666666666666667,0.0444444444444444,0.0222222222222222,0.0444444444444444,0,0.0222222222222222,0,0,0,0.0222222222222222,0.0888888888888889,0,0,0,0.0222222222222222,0,0,0,0,0,0,0,0
1,60,2,7,0,0,0,0,0,0,0,0.0571428571428571,0.0857142857142857,0.0285714285714286,0.2,0.0285714285714286,0.0571428571428571,0.0857142857142857,0.0571428571428571,0.0285714285714286,0,0.0571428571428571,0,0,0.0285714285714286,0.0857142857142857,0.0571428571428571,0.0285714285714286,0.0571428571428571,0,0.0571428571428571,0,0,0,0,0,0,0,0,0,0,0,0
1,60,3,2,0,0,0,0,0,0,0,0,0,0.2,0,0,0.2,0.2,0,0,0,0.2,0,0,0,0,0,0,0,0,0,0.2,0,0,0,0,0,0,0,0,0,0,0
1,60,4,4,0,0,0,0,0,0,0,0,0.0666666666666667,0.0666666666666667,0.266666666666667,0.0666666666666667,0.0666666666666667,0.0666666666666667,0.0666666666666667,0.0666666666666667,0,0.0666666666666667,0.0666666666666667,0,0,0,0,0,0.0666666666666667,0,0,0,0,0,0,0,0.0666666666666667,0,0,0,0,0,0
1,61,1,6,0,0,0,0,0,0,0,0,0.0666666666666667,0,0.133333333333333,0.0333333333333333,0.0333333333333333,0.0666666666666667,0.0666666666666667,0.1,0.0333333333333333,0.0666666666666667,0.1,0,0.0666666666666667,0.0666666666666667,0.0666666666666667,0,0,0,0.0333333333333333,0.0333333333333333,0,0.0333333333333333,0,0,0,0,0,0,0,0,0
1,61,2,8,0,0,0,0,0,0,0,0,0,0.0571428571428571,0.0857142857142857,0.0571428571428571,0.0285714285714286,0.0571428571428571,0.0285714285714286,0.0571428571428571,0.0857142857142857,0.0857142857142857,0.142857142857143,0.0857142857142857,0.0571428571428571,0.0285714285714286,0.0571428571428571,0.0285714285714286,0,0,0.0285714285714286,0,0,0,0,0,0,0.0285714285714286,0,0,0,0,0
1,61,3,2,0,0,0,0,0,0,0,0,0,0,0.4,0,0.2,0,0,0,0,0.2,0,0,0.2,0,0,0,0,0,0,0,0,0,0,0,0,0,0,0,0,0,0
1,61,4,6,0,0,0,0,0,0,0,0.04,0.05,0.04,0.04,0.04,0.08,0.04,0.04,0.04,0.08,0,0,0.04,0.13,0.13,0.09,0.08,0,0.04,0,0,0,0,0,0,0,0,0,0,0,0,0
1,62,1,8,0,0,0,0,0,0,0,0,0.025,0.025,0,0.116666666666667,0,0.025,0.0666666666666667,0.0666666666666667,0.025,0.025,0.075,0.025,0.1625,0.025,0.1375,0.05,0.075,0.025,0,0,0.05,0,0,0,0,0,0,0,0,0,0
1,62,2,9,0,0,0,0,0,0,0,0.0222222222222222,0.0444444444444444,0.0444444444444444,0.0444444444444444,0.0444444444444444,0.0222222222222222,0,0.0444444444444444,0.0666666666666667,0.133333333333333,0,0.0444444444444444,0.133333333333333,0.0444444444444444,0.0888888888888889,0.0222222222222222,0.0666666666666667,0.0666666666666667,0.0444444444444444,0,0,0,0.0222222222222222,0,0,0,0,0,0,0,0,0
1,62,3,5,0,0,0,0,0,0,0,0,0,0.15,0.1,0.05,0.1,0,0,0,0,0,0.1,0,0.05,0.05,0,0.1,0.05,0,0,0,0,0,0,0.25,0,0,0,0,0,0,0
1,62,4,5,0,0,0,0,0,0,0,0,0,0.133333333333333,0.05,0,0.05,0.208333333333333,0,0.05,0.05,0.05,0,0.05,0,0.125,0.05,0,0.05,0.05,0.0833333333333333,0,0,0,0,0,0,0,0,0,0,0,0
1,63,1,5,0,0,0,0,0,0,0,0,0.04,0.16,0.24,0.16,0.08,0,0.04,0,0,0.08,0,0.04,0.08,0,0,0,0.04,0,0.04,0,0,0,0,0,0,0,0,0,0,0,0
1,63,2,9,0,0,0,0,0,0,0.0222222222222222,0,0.0444444444444444,0.0444444444444444,0.0666666666666667,0.0666666666666667,0,0.0888888888888889,0.0666666666666667,0.0888888888888889,0.0444444444444444,0.0444444444444444,0.0666666666666667,0.0222222222222222,0.0222222222222222,0.0444444444444444,0,0.0666666666666667,0.0666666666666667,0.0222222222222222,0.0444444444444444,0.0222222222222222,0,0.0222222222222222,0.0222222222222222,0,0,0,0,0,0,0,0
1,63,4,3,0,0,0,0,0,0,0,0,0,0.2,0,0.1,0,0,0,0,0.2,0.1,0.1,0,0,0,0.1,0,0,0,0,0.1,0,0.1,0,0,0,0,0,0,0,0,0
1,64,1,7,0,0,0,0,0,0,0,0,0.0571428571428571,0,0.0571428571428571,0.0571428571428571,0.0285714285714286,0.114285714285714,0.0857142857142857,0.0857142857142857,0.0285714285714286,0.0571428571428571,0.0285714285714286,0.0571428571428571,0,0.0857142857142857,0.0857142857142857,0.0857142857142857,0.0285714285714286,0,0,0,0.0285714285714286,0.0285714285714286,0,0,0,0,0,0,0,0,0
1,64,2,7,0,0,0,0,0,0,0,0,0.0333333333333333,0.0666666666666667,0.0666666666666667,0.0666666666666667,0.1,0.1,0.133333333333333,0,0.0333333333333333,0,0.1,0,0.0666666666666667,0.0666666666666667,0.0333333333333333,0,0,0.1,0,0,0.0333333333333333,0,0,0,0,0,0,0,0,0,0
1,64,3,2,0,0,0,0,0,0,0,0,0,0,0,0.333333333333333,0,0,0,0.333333333333333,0,0,0,0,0,0,0.333333333333333,0,0,0,0,0,0,0,0,0,0,0,0,0,0,0,0
1,64,4,8,0,0,0,0,0,0,0,0.0571428571428571,0.0285714285714286,0.0857142857142857,0.0857142857142857,0.0571428571428571,0,0.0857142857142857,0.171428571428571,0.0285714285714286,0.0285714285714286,0,0.142857142857143,0.0285714285714286,0,0.0571428571428571,0,0.0285714285714286,0,0.0285714285714286,0.0285714285714286,0.0285714285714286,0.0285714285714286,0,0,0,0,0,0,0,0,0,0
2,31,1,4,0,0,0,0,0,0,0,0,0,0,0.2,0,0,0.0666666666666667,0,0.0666666666666667,0.133333333333333,0.133333333333333,0.133333333333333,0,0,0.0666666666666667,0,0.0666666666666667,0,0,0.0666666666666667,0.0666666666666667,0,0,0,0,0,0,0,0,0,0,0
2,31,2,3,0,0,0,0,0,0,0,0.1,0,0,0,0,0,0,0.1,0.1,0.2,0,0,0,0.2,0.1,0.1,0,0,0,0,0,0.1,0,0,0,0,0,0,0,0,0,0
2,31,4,5,0,0,0,0,0,0,0,0,0.05,0.05,0.05,0,0.05,0,0,0,0.05,0.15,0.05,0.1,0,0.1,0,0.05,0.15,0,0.05,0.05,0.05,0,0,0,0,0,0,0,0,0,0
2,32,1,6,0,0,0,0,0,0,0,0,0.04,0.04,0.08,0,0.04,0.04,0,0.04,0.04,0.12,0.08,0,0.08,0,0.12,0.04,0,0,0.12,0.08,0.04,0,0,0,0,0,0,0,0,0,0
2,32,2,5,0,0,0,0,0,0,0,0,0,0.15,0,0.05,0,0,0.05,0.05,0.05,0.05,0,0,0.15,0,0.05,0.05,0,0.05,0.05,0,0.05,0.05,0.05,0.05,0.05,0,0,0,0,0,0
2,32,3,5,0,0,0,0,0,0,0,0,0,0.1,0,0,0.1,0.05,0.05,0.1,0.1,0,0.05,0.05,0,0.1,0,0,0.05,0.05,0.1,0.05,0,0,0.05,0,0,0,0,0,0,0,0
2,32,4,5,0,0,0,0,0,0.05,0,0,0.05,0,0.15,0,0,0.05,0.05,0.1,0.05,0,0,0.05,0.15,0.15,0.05,0,0.05,0.05,0,0,0,0,0,0,0,0,0,0,0,0,0
2,33,1,6,0,0,0,0,0,0,0,0.08,0.04,0,0.04,0.12,0.04,0,0.08,0.12,0.04,0.08,0.04,0,0,0.04,0.08,0.04,0.08,0,0.04,0.04,0,0,0,0,0,0,0,0,0,0,0
2,33,2,6,0,0,0,0,0,0,0,0,0,0.04,0,0,0.12,0.04,0.04,0.08,0.12,0.04,0.08,0.04,0.04,0.12,0.12,0,0,0.08,0,0,0,0.04,0,0,0,0,0,0,0,0,0
2,33,3,3,0,0,0,0,0,0,0,0,0,0.1,0.2,0,0,0.1,0.1,0.2,0.1,0,0,0,0,0,0,0.1,0,0,0,0.1,0,0,0,0,0,0,0,0,0,0,0
2,33,4,5,0,0,0,0,0,0,0,0,0.05,0,0,0,0,0.1,0.1,0.1,0.05,0.1,0,0.05,0.05,0.05,0.05,0.1,0,0.05,0,0,0.1,0.05,0,0,0,0,0,0,0,0,0
2,34,1,7,0,0,0,0,0,0,0,0,0,0.166666666666667,0.1,0.133333333333333,0.0666666666666667,0.1,0,0.0666666666666667,0.0333333333333333,0.0333333333333333,0,0.0333333333333333,0,0.0666666666666667,0.1,0,0.0333333333333333,0,0.0333333333333333,0,0,0.0333333333333333,0,0,0,0,0,0,0,0,0
2,34,2,5,0,0,0,0,0,0,0,0,0,0.05,0.2,0.15,0,0.1,0,0.15,0,0,0,0.05,0.05,0,0.05,0.05,0,0.1,0,0.05,0,0,0,0,0,0,0,0,0,0,0
2,34,3,4,0,0,0,0,0,0,0,0,0,0.0666666666666667,0,0.133333333333333,0,0,0,0.2,0.133333333333333,0.0666666666666667,0,0.133333333333333,0,0,0.133333333333333,0.0666666666666667,0.0666666666666667,0,0,0,0,0,0,0,0,0,0,0,0,0,0
2,34,4,6,0,0,0,0,0,0,0,0,0.04,0.12,0.2,0,0.08,0.08,0.08,0.04,0.04,0.08,0,0.08,0.04,0,0.08,0.04,0,0,0,0,0,0,0,0,0,0,0,0,0,0,0
2,35,1,6,0,0,0,0,0,0,0.04,0,0.04,0.16,0.08,0.12,0,0,0.04,0,0.04,0,0.08,0.12,0,0,0.04,0,0.12,0.04,0,0,0,0.08,0,0,0,0,0,0,0,0,0
2,35,2,4,0,0,0,0,0,0,0,0,0.133333333333333,0.0666666666666667,0,0.0666666666666667,0.133333333333333,0,0.0666666666666667,0,0,0,0.0666666666666667,0.0666666666666667,0.0666666666666667,0.0666666666666667,0.133333333333333,0,0.0666666666666667,0.0666666666666667,0,0,0,0,0,0,0,0,0,0,0,0,0
2,35,3,3,0,0,0,0,0,0,0,0,0.1,0.2,0,0.1,0,0.1,0,0,0.2,0.1,0,0.1,0,0,0.1,0,0,0,0,0,0,0,0,0,0,0,0,0,0,0,0
2,35,4,5,0,0,0,0,0,0,0.05,0,0.05,0.15,0.15,0.1,0.05,0.1,0.05,0,0.1,0.1,0,0.05,0,0.05,0,0,0,0,0,0,0,0,0,0,0,0,0,0,0,0,0
2,36,1,8,0,0,0,0,0,0,0,0.0285714285714286,0.0857142857142857,0.0571428571428571,0.2,0.0571428571428571,0.0857142857142857,0.0285714285714286,0.0285714285714286,0.0571428571428571,0.0285714285714286,0.0571428571428571,0.0857142857142857,0,0.0571428571428571,0.0285714285714286,0.0571428571428571,0.0285714285714286,0.0285714285714286,0,0,0,0,0,0,0,0,0,0,0,0,0,0
2,36,2,4,0,0,0,0,0,0,0,0,0,0,0.0666666666666667,0.133333333333333,0.2,0.133333333333333,0.0666666666666667,0,0,0,0,0.0666666666666667,0,0.133333333333333,0,0.0666666666666667,0,0.0666666666666667,0,0,0,0,0.0666666666666667,0,0,0,0,0,0,0,0
2,36,3,3,0,0,0,0,0,0,0,0,0.1,0,0.4,0,0,0,0.1,0.2,0,0.1,0,0,0,0,0,0,0.1,0,0,0,0,0,0,0,0,0,0,0,0,0,0
2,36,4,6,0,0,0,0,0,0,0,0,0,0,0.08,0.2,0.12,0.04,0,0.12,0.08,0,0,0.04,0,0.04,0.08,0.08,0.04,0,0.04,0.04,0,0,0,0,0,0,0,0,0,0,0
2,37,1,8,0,0,0,0,0,0,0,0,0,0.114285714285714,0.114285714285714,0.0571428571428571,0.114285714285714,0.0285714285714286,0,0.0285714285714286,0.114285714285714,0.0857142857142857,0,0.0285714285714286,0,0.114285714285714,0.0285714285714286,0.0571428571428571,0.0285714285714286,0,0.0571428571428571,0,0,0,0.0285714285714286,0,0,0,0,0,0,0,0
2,37,2,6,0,0,0,0,0,0,0,0.04,0.04,0,0.04,0.12,0.12,0.04,0.04,0.04,0.04,0.04,0.12,0.04,0,0,0,0.04,0.12,0.04,0,0.04,0,0,0.04,0,0,0,0,0,0,0,0
2,37,3,5,0,0,0,0,0,0,0,0,0,0.05,0.05,0,0.1,0.05,0.05,0.1,0.15,0.15,0.05,0,0.05,0.05,0.1,0.05,0,0,0,0,0,0,0,0,0,0,0,0,0,0,0
2,37,4,6,0,0,0,0,0,0,0,0,0.04,0.04,0.2,0.08,0.04,0.08,0.08,0.04,0.04,0,0,0,0.12,0.04,0.04,0.04,0.04,0,0.04,0,0.04,0,0,0,0,0,0,0,0,0,0
2,38,1,6,0,0,0,0,0,0,0,0,0.04,0.12,0.12,0.2,0.04,0.08,0.04,0,0.08,0.04,0.04,0.04,0,0.04,0.04,0,0.04,0.04,0,0,0,0,0,0,0,0,0,0,0,0,0
2,38,2,6,0,0,0,0,0,0,0,0.04,0,0.12,0.12,0.08,0.12,0.24,0.12,0.04,0.04,0,0.04,0,0.04,0,0,0,0,0,0,0,0,0,0,0,0,0,0,0,0,0,0
2,38,3,4,0,0,0,0,0,0,0,0.0666666666666667,0.2,0,0.0666666666666667,0,0,0.133333333333333,0,0,0.2,0.0666666666666667,0,0,0,0.0666666666666667,0,0,0.0666666666666667,0.133333333333333,0,0,0,0,0,0,0,0,0,0,0,0,0
2,38,4,7,0,0,0,0,0,0,0,0,0.0666666666666667,0.166666666666667,0.1,0.2,0.0333333333333333,0.1,0,0,0.133333333333333,0.0333333333333333,0.0333333333333333,0.0333333333333333,0,0.0333333333333333,0,0.0333333333333333,0.0333333333333333,0,0,0,0,0,0,0,0,0,0,0,0,0,0
2,39,1,6,0,0,0,0,0,0,0,0,0.12,0.2,0.2,0.16,0.12,0.08,0,0,0,0.04,0,0.04,0.04,0,0,0,0,0,0,0,0,0,0,0,0,0,0,0,0,0,0
2,39,2,6,0,0,0,0,0,0,0,0,0.04,0.08,0.16,0,0,0.16,0.08,0,0.08,0.08,0,0.04,0,0.04,0,0.08,0,0.08,0.04,0.04,0,0,0,0,0,0,0,0,0,0,0
2,39,3,5,0,0,0,0,0,0,0,0.05,0,0.05,0,0.05,0.1,0.05,0.2,0.05,0.15,0.1,0,0.05,0.05,0.05,0.05,0,0,0,0,0,0,0,0,0,0,0,0,0,0,0,0
2,39,4,6,0,0,0,0,0,0,0.04,0,0.04,0.12,0.04,0.16,0.04,0,0.08,0.08,0.12,0.04,0,0.04,0,0.04,0.04,0.08,0,0,0,0,0.04,0,0,0,0,0,0,0,0,0,0
2,40,1,8,0,0,0,0,0,0.0285714285714286,0,0,0.0857142857142857,0.114285714285714,0.114285714285714,0.0857142857142857,0.0571428571428571,0.0571428571428571,0.0571428571428571,0.0285714285714286,0.0285714285714286,0.0285714285714286,0,0.0285714285714286,0.142857142857143,0.0285714285714286,0,0.0285714285714286,0,0.0285714285714286,0.0285714285714286,0,0.0285714285714286,0,0,0,0,0,0,0,0,0,0
2,40,2,8,0,0,0,0,0,0,0,0,0.0571428571428571,0.142857142857143,0.114285714285714,0.142857142857143,0.0285714285714286,0.0571428571428571,0.0571428571428571,0,0,0,0.0571428571428571,0.0571428571428571,0.0857142857142857,0.0285714285714286,0,0.0857142857142857,0,0.0285714285714286,0.0285714285714286,0,0,0.0285714285714286,0,0,0,0,0,0,0,0,0
2,40,3,4,0,0,0,0,0,0,0,0,0.0666666666666667,0.133333333333333,0.2,0.0666666666666667,0,0,0,0,0.0666666666666667,0.0666666666666667,0.0666666666666667,0.0666666666666667,0,0.0666666666666667,0.133333333333333,0.0666666666666667,0,0,0,0,0,0,0,0,0,0,0,0,0,0,0
2,40,4,4,0,0,0,0,0,0,0,0,0.2,0.133333333333333,0.0666666666666667,0.266666666666667,0.0666666666666667,0.133333333333333,0,0,0,0.0666666666666667,0,0,0,0,0,0,0,0,0,0,0,0,0,0.0666666666666667,0,0,0,0,0,0,0
2,41,1,8,0,0,0,0,0,0.0285714285714286,0.0571428571428571,0.0285714285714286,0.0571428571428571,0.0571428571428571,0.171428571428571,0.0857142857142857,0.0857142857142857,0.0285714285714286,0.0857142857142857,0,0.0285714285714286,0.0285714285714286,0.0285714285714286,0,0,0.0571428571428571,0.0285714285714286,0.0285714285714286,0.0285714285714286,0.0285714285714286,0,0.0285714285714286,0,0.0285714285714286,0,0,0,0,0,0,0,0,0
2,41,2,7,0,0,0,0,0,0,0,0,0.1,0.133333333333333,0.1,0,0,0.1,0.0333333333333333,0.133333333333333,0.233333333333333,0.0666666666666667,0.0333333333333333,0.0333333333333333,0,0.0333333333333333,0,0,0,0,0,0,0,0,0,0,0,0,0,0,0,0,0
2,41,3,4,0,0,0,0,0,0,0,0,0.0666666666666667,0.2,0.133333333333333,0.0666666666666667,0.0666666666666667,0.0666666666666667,0,0.0666666666666667,0,0.0666666666666667,0.0666666666666667,0.133333333333333,0.0666666666666667,0,0,0,0,0,0,0,0,0,0,0,0,0,0,0,0,0,0
2,41,4,4,0,0,0,0,0,0,0,0,0.0666666666666667,0.0666666666666667,0.133333333333333,0.266666666666667,0.133333333333333,0.0666666666666667,0,0,0.0666666666666667,0,0.0666666666666667,0,0.0666666666666667,0,0,0,0,0,0.0666666666666667,0,0,0,0,0,0,0,0,0,0,0,0
2,42,1,8,0,0,0,0,0,0,0.0285714285714286,0,0.0285714285714286,0.0285714285714286,0.0857142857142857,0.0857142857142857,0.142857142857143,0.142857142857143,0.171428571428571,0.0857142857142857,0.0857142857142857,0.0285714285714286,0,0,0.0285714285714286,0,0.0285714285714286,0.0285714285714286,0,0,0,0,0,0,0,0,0,0,0,0,0,0,0
2,42,2,5,0,0,0,0,0,0,0,0,0,0.2,0.1,0.05,0.1,0.05,0.1,0.15,0.1,0,0,0.05,0,0,0,0.05,0.05,0,0,0,0,0,0,0,0,0,0,0,0,0,0
2,42,3,5,0,0,0,0,0,0,0,0.05,0.05,0.15,0.1,0,0,0.05,0,0.05,0.15,0,0.1,0.05,0.05,0,0.05,0.05,0.05,0,0.05,0,0,0,0,0,0,0,0,0,0,0,0
2,42,4,9,0,0,0,0,0,0,0,0.025,0,0.125,0.025,0.125,0.1,0.125,0,0,0.05,0.025,0.05,0.075,0.075,0.1,0.05,0.025,0,0,0,0.025,0,0,0,0,0,0,0,0,0,0,0
2,43,1,9,0,0,0,0,0,0,0,0.05,0.05,0.05,0.025,0.175,0.05,0.025,0.075,0.075,0.025,0.025,0.025,0,0.025,0.075,0.05,0.1,0.05,0,0,0,0,0.025,0.025,0,0,0,0,0,0,0,0
2,43,2,4,0,0,0,0,0,0,0,0.0666666666666667,0.133333333333333,0.133333333333333,0.133333333333333,0.0666666666666667,0.0666666666666667,0.133333333333333,0,0,0,0.0666666666666667,0,0.0666666666666667,0.0666666666666667,0,0,0,0,0,0,0,0.0666666666666667,0,0,0,0,0,0,0,0,0,0
2,43,3,3,0,0,0,0,0,0,0,0,0,0.2,0.1,0,0.2,0.2,0.1,0,0,0.1,0.1,0,0,0,0,0,0,0,0,0,0,0,0,0,0,0,0,0,0,0,0
2,43,4,7,0,0,0,0,0,0,0,0,0.0333333333333333,0.1,0.166666666666667,0.1,0.1,0.1,0.0666666666666667,0.0333333333333333,0.0333333333333333,0.0333333333333333,0,0.0666666666666667,0.0666666666666667,0,0,0,0.0666666666666667,0.0333333333333333,0,0,0,0,0,0,0,0,0,0,0,0,0
2,44,1,8,0,0,0,0,0,0,0,0,0,0.0571428571428571,0.0571428571428571,0.0857142857142857,0.171428571428571,0.0857142857142857,0.0857142857142857,0.0285714285714286,0.0571428571428571,0.0285714285714286,0.114285714285714,0.0571428571428571,0.0571428571428571,0,0.0571428571428571,0,0.0571428571428571,0,0,0,0,0,0,0,0,0,0,0,0,0,0
2,44,2,7,0,0,0,0,0,0,0.0333333333333333,0.0333333333333333,0,0.0333333333333333,0.0333333333333333,0.0333333333333333,0.133333333333333,0.1,0.1,0.166666666666667,0.0666666666666667,0.0666666666666667,0.0333333333333333,0.0333333333333333,0.0666666666666667,0,0.0666666666666667,0,0,0,0,0,0,0,0,0,0,0,0,0,0,0,0
2,44,3,6,0,0,0,0,0,0,0.04,0.04,0.08,0.08,0,0.12,0.04,0,0.2,0.08,0.08,0.04,0.08,0.08,0,0,0,0,0.04,0,0,0,0,0,0,0,0,0,0,0,0,0,0
2,44,4,8,0,0,0,0,0,0,0,0.0571428571428571,0.0285714285714286,0.2,0,0.0571428571428571,0.0285714285714286,0.0285714285714286,0.0571428571428571,0.114285714285714,0.0857142857142857,0.0571428571428571,0.0571428571428571,0.0571428571428571,0.0571428571428571,0.0285714285714286,0.0285714285714286,0,0.0285714285714286,0,0.0285714285714286,0,0,0,0,0,0,0,0,0,0,0,0
2,45,1,8,0,0,0,0,0,0,0,0,0.0571428571428571,0.285714285714286,0.171428571428571,0.0857142857142857,0.0285714285714286,0,0,0.0285714285714286,0,0.0571428571428571,0.0857142857142857,0.0285714285714286,0.0571428571428571,0.0285714285714286,0.0571428571428571,0,0,0,0,0.0285714285714286,0,0,0,0,0,0,0,0,0,0,0
2,45,2,5,0,0,0,0,0,0,0,0.05,0.15,0.05,0.1,0.25,0.15,0.05,0,0,0.1,0.05,0,0,0.05,0,0,0,0,0,0,0,0,0,0,0,0,0,0,0,0,0,0
2,45,3,6,0,0,0,0,0,0,0,0,0.08,0.04,0.2,0.08,0.12,0.2,0.08,0.12,0,0,0,0,0,0,0,0.04,0,0,0,0,0,0.04,0,0,0,0,0,0,0,0,0
2,45,4,9,0,0,0,0,0,0,0.025,0,0.05,0.15,0.225,0.125,0.075,0.1,0.025,0.025,0.025,0,0,0,0.025,0,0.025,0,0.075,0,0,0.025,0.025,0,0,0,0,0,0,0,0,0,0
2,46,1,8,0,0,0,0,0,0,0.0285714285714286,0.0285714285714286,0.0857142857142857,0.171428571428571,0.0857142857142857,0.142857142857143,0,0.114285714285714,0,0.0857142857142857,0.0285714285714286,0,0,0.0285714285714286,0.0571428571428571,0.0571428571428571,0,0,0.0285714285714286,0,0.0285714285714286,0.0285714285714286,0,0,0,0,0,0,0,0,0,0,0
2,46,2,5,0,0,0,0,0,0,0,0.1,0.05,0.1,0.15,0.1,0.05,0.05,0,0.05,0.15,0,0.05,0,0,0,0.05,0,0,0,0,0.05,0,0,0,0.05,0,0,0,0,0,0,0
2,46,3,5,0,0,0,0,0,0,0.05,0.1,0.1,0.2,0.05,0.25,0.1,0.1,0,0,0,0,0,0,0,0,0,0,0,0,0,0,0,0,0,0,0.05,0,0,0,0,0,0
2,46,4,8,0,0,0,0,0,0.0285714285714286,0,0.114285714285714,0.142857142857143,0.142857142857143,0.0285714285714286,0.114285714285714,0.0571428571428571,0,0.0571428571428571,0.0571428571428571,0.0285714285714286,0.0857142857142857,0.0571428571428571,0,0.0285714285714286,0.0285714285714286,0,0,0,0.0285714285714286,0,0,0,0,0,0,0,0,0,0,0,0,0
2,47,1,13,0,0,0,0,0,0,0.0666666666666667,0.0333333333333333,0.0666666666666667,0.2,0.1,0.1,0.0333333333333333,0.0833333333333333,0.0166666666666667,0.0666666666666667,0.05,0.0333333333333333,0.05,0.0166666666666667,0.0166666666666667,0.0333333333333333,0,0.0333333333333333,0,0,0,0,0,0,0,0,0,0,0,0,0,0,0
2,47,2,8,0,0,0,0,0,0,0,0.0285714285714286,0.142857142857143,0.142857142857143,0.2,0.171428571428571,0.228571428571429,0,0.0285714285714286,0,0.0285714285714286,0,0,0.0285714285714286,0,0,0,0,0,0,0,0,0,0,0,0,0,0,0,0,0,0,0
2,47,3,8,0,0,0,0,0,0,0,0.0571428571428571,0.0571428571428571,0.0857142857142857,0.142857142857143,0.114285714285714,0.171428571428571,0.2,0.0571428571428571,0.0285714285714286,0,0,0.0285714285714286,0.0285714285714286,0,0.0285714285714286,0,0,0,0,0,0,0,0,0,0,0,0,0,0,0,0,0
2,47,4,12,0,0,0,0,0,0,0,0,0.0181818181818182,0.0727272727272727,0.0909090909090909,0.254545454545455,0.0363636363636364,0.0909090909090909,0.0727272727272727,0.127272727272727,0.109090909090909,0.0181818181818182,0.0363636363636364,0.0181818181818182,0,0,0.0545454545454546,0,0,0,0,0,0,0,0,0,0,0,0,0,0,0,0
2,48,1,10,0,0,0,0,0,0,0,0.0444444444444444,0.0222222222222222,0.0666666666666667,0.111111111111111,0.0888888888888889,0.111111111111111,0.155555555555556,0,0.0666666666666667,0.133333333333333,0.0888888888888889,0,0,0.0222222222222222,0.0222222222222222,0.0222222222222222,0.0222222222222222,0,0,0,0,0,0.0222222222222222,0,0,0,0,0,0,0,0,0
2,48,2,4,0,0,0,0,0,0,0,0.0666666666666667,0,0,0.2,0.266666666666667,0.0666666666666667,0.0666666666666667,0,0,0,0.0666666666666667,0.133333333333333,0.0666666666666667,0,0,0,0.0666666666666667,0,0,0,0,0,0,0,0,0,0,0,0,0,0,0
2,48,3,4,0,0,0,0,0,0,0.0666666666666667,0.0666666666666667,0,0.0666666666666667,0.0666666666666667,0,0.133333333333333,0.0666666666666667,0.0666666666666667,0.133333333333333,0.0666666666666667,0,0.0666666666666667,0,0.133333333333333,0.0666666666666667,0,0,0,0,0,0,0,0,0,0,0,0,0,0,0,0,0
2,48,4,5,0,0,0,0,0,0,0,0,0,0.15,0,0.05,0.1,0.1,0.05,0,0.1,0.1,0,0.05,0.05,0,0.05,0.1,0,0.1,0,0,0,0,0,0,0,0,0,0,0,0,0
2,49,1,8,0,0,0,0,0,0,0.0571428571428571,0.0571428571428571,0.171428571428571,0.142857142857143,0.257142857142857,0.0285714285714286,0.0285714285714286,0.0285714285714286,0,0.0285714285714286,0,0,0.0571428571428571,0,0.0285714285714286,0.0285714285714286,0,0.0571428571428571,0.0285714285714286,0,0,0,0,0,0,0,0,0,0,0,0,0,0
2,49,2,5,0,0,0,0,0,0,0,0.1,0.1,0.2,0.05,0.2,0.05,0.1,0.05,0.05,0,0,0.05,0,0,0,0,0.05,0,0,0,0,0,0,0,0,0,0,0,0,0,0,0
2,49,3,5,0,0,0,0,0,0,0.05,0,0.15,0.2,0.1,0.1,0.15,0.1,0.05,0,0,0.05,0,0,0,0.05,0,0,0,0,0,0,0,0,0,0,0,0,0,0,0,0,0
2,49,4,7,0,0,0,0,0,0,0,0,0.1,0.266666666666667,0.0666666666666667,0.166666666666667,0.133333333333333,0.0666666666666667,0.0666666666666667,0,0.0333333333333333,0,0,0,0,0,0.0333333333333333,0.0333333333333333,0.0333333333333333,0,0,0,0,0,0,0,0,0,0,0,0,0,0
2,50,1,7,0,0,0,0,0,0,0.0333333333333333,0.0333333333333333,0.0666666666666667,0.1,0.0333333333333333,0.266666666666667,0.1,0.133333333333333,0.0666666666666667,0.0666666666666667,0.0333333333333333,0,0,0.0333333333333333,0,0,0,0,0,0.0333333333333333,0,0,0,0,0,0,0,0,0,0,0,0,0
2,50,2,5,0,0,0,0,0,0,0,0,0,0.15,0.05,0.1,0.1,0.15,0.15,0.15,0.05,0.05,0.05,0,0,0,0,0,0,0,0,0,0,0,0,0,0,0,0,0,0,0,0
2,50,3,3,0,0,0,0,0,0.1,0,0,0.1,0.2,0.3,0.2,0,0,0.1,0,0,0,0,0,0,0,0,0,0,0,0,0,0,0,0,0,0,0,0,0,0,0,0
2,50,4,7,0,0,0,0,0,0,0,0,0,0.233333333333333,0,0.166666666666667,0.0666666666666667,0.1,0.0333333333333333,0.0666666666666667,0.1,0.1,0.0333333333333333,0.0666666666666667,0,0,0.0333333333333333,0,0,0,0,0,0,0,0,0,0,0,0,0,0,0,0
2,51,1,9,0,0,0,0,0,0,0,0.025,0.025,0,0.075,0.15,0.15,0.1,0.125,0.075,0.025,0,0.075,0.075,0.025,0,0.025,0,0,0.025,0,0,0.025,0,0,0,0,0,0,0,0,0,0
2,51,2,7,0,0,0,0,0,0,0,0,0.0333333333333333,0.0333333333333333,0.0333333333333333,0.0333333333333333,0.133333333333333,0.0666666666666667,0.133333333333333,0.0666666666666667,0.0333333333333333,0.0333333333333333,0.0666666666666667,0,0.1,0.0666666666666667,0.0333333333333333,0.0666666666666667,0.0333333333333333,0,0,0.0333333333333333,0,0,0,0,0,0,0,0,0,0,0
2,51,3,5,0,0,0,0,0,0,0,0,0,0.05,0.2,0.05,0.05,0.2,0.05,0.15,0,0,0,0.05,0.05,0,0,0.1,0.05,0,0,0,0,0,0,0,0,0,0,0,0,0,0
2,51,4,7,0,0,0,0,0,0,0,0,0,0.0666666666666667,0.1,0.233333333333333,0.0666666666666667,0.0333333333333333,0.0666666666666667,0,0.0333333333333333,0,0.1,0.133333333333333,0,0,0,0.0666666666666667,0.0333333333333333,0,0.0333333333333333,0,0,0,0.0333333333333333,0,0,0,0,0,0,0,0
2,52,1,8,0,0,0,0,0,0,0,0.0571428571428571,0.0857142857142857,0.114285714285714,0.0857142857142857,0.0857142857142857,0.171428571428571,0.0571428571428571,0.142857142857143,0,0.0285714285714286,0.0285714285714286,0.0285714285714286,0.0285714285714286,0.0571428571428571,0,0,0,0,0,0.0285714285714286,0,0,0,0,0,0,0,0,0,0,0,0
2,52,2,7,0,0,0,0,0,0,0,0.0666666666666667,0.1,0.1,0.0666666666666667,0.0666666666666667,0.133333333333333,0.0333333333333333,0,0.1,0.0666666666666667,0,0.1,0.0333333333333333,0,0,0,0,0.0333333333333333,0,0.1,0,0,0,0,0,0,0,0,0,0,0,0
2,52,3,4,0,0,0,0,0,0,0,0.0666666666666667,0.2,0.266666666666667,0.0666666666666667,0.0666666666666667,0,0,0,0,0,0,0,0.0666666666666667,0.0666666666666667,0.133333333333333,0,0,0.0666666666666667,0,0,0,0,0,0,0,0,0,0,0,0,0,0
2,52,4,8,0,0,0,0,0,0,0,0.0285714285714286,0.0285714285714286,0.114285714285714,0.142857142857143,0.142857142857143,0.114285714285714,0.0285714285714286,0,0.0285714285714286,0.0285714285714286,0.0285714285714286,0,0.0285714285714286,0,0.0571428571428571,0.0571428571428571,0.0285714285714286,0.0571428571428571,0.0285714285714286,0,0.0285714285714286,0,0.0285714285714286,0,0,0,0,0,0,0,0,0
2,53,1,6,0,0,0,0,0,0,0,0,0.04,0,0.16,0.08,0.2,0.2,0,0,0,0,0,0.04,0.08,0,0.04,0.04,0,0,0,0.04,0,0.04,0,0.04,0,0,0,0,0,0,0
2,53,2,7,0,0,0,0,0,0,0,0.0333333333333333,0.1,0.0666666666666667,0.0333333333333333,0.166666666666667,0.2,0.0666666666666667,0,0.133333333333333,0,0.0333333333333333,0.0333333333333333,0,0,0,0,0.0666666666666667,0.0666666666666667,0,0,0,0,0,0,0,0,0,0,0,0,0,0
2,53,3,6,0,0,0,0,0,0,0,0,0,0.04,0.32,0,0.04,0,0.08,0.08,0.12,0.04,0.04,0.04,0.04,0,0,0,0.04,0.08,0.04,0,0,0,0,0,0,0,0,0,0,0,0
2,53,4,8,0,0,0,0,0,0,0,0.0857142857142857,0.171428571428571,0.0285714285714286,0.142857142857143,0.114285714285714,0.114285714285714,0.0571428571428571,0.0571428571428571,0.0285714285714286,0.0857142857142857,0.0571428571428571,0,0.0285714285714286,0,0,0,0.0285714285714286,0,0,0,0,0,0,0,0,0,0,0,0,0,0,0
2,54,1,8,0,0,0,0,0,0,0.0285714285714286,0.0285714285714286,0.142857142857143,0.2,0.0285714285714286,0.0857142857142857,0.0857142857142857,0.0285714285714286,0.0857142857142857,0,0,0.0571428571428571,0,0.0571428571428571,0.0285714285714286,0.0285714285714286,0,0.0285714285714286,0.0285714285714286,0.0285714285714286,0,0,0,0,0,0,0.0285714285714286,0,0,0,0,0,0
2,54,2,6,0,0,0,0,0,0,0,0.08,0.28,0.08,0.2,0.04,0.04,0.04,0.08,0,0.04,0.04,0,0.04,0,0,0,0,0,0.04,0,0,0,0,0,0,0,0,0,0,0,0,0
2,54,3,5,0,0,0,0,0,0,0,0.05,0.2,0.15,0.15,0.15,0.1,0.05,0,0,0,0,0.05,0,0,0,0.05,0.05,0,0,0,0,0,0,0,0,0,0,0,0,0,0,0
2,54,4,9,0,0,0,0,0,0,0,0,0.05,0.2,0.075,0.1,0.075,0.125,0.075,0.05,0.025,0,0.025,0,0,0,0.05,0,0.05,0.05,0,0.05,0,0,0,0,0,0,0,0,0,0,0
2,55,1,9,0,0,0,0,0,0,0,0,0.075,0.15,0.075,0.075,0.125,0.15,0.075,0.075,0.025,0.025,0.025,0,0,0,0,0.025,0.025,0.025,0.025,0.025,0,0,0,0,0,0,0,0,0,0,0
2,55,2,7,0,0,0,0,0,0,0.0333333333333333,0.0333333333333333,0.166666666666667,0.133333333333333,0.133333333333333,0.133333333333333,0.1,0.0666666666666667,0.0333333333333333,0,0.0333333333333333,0,0,0,0,0.0333333333333333,0.0666666666666667,0,0,0.0333333333333333,0,0,0,0,0,0,0,0,0,0,0,0,0
2,55,3,6,0,0,0,0,0,0,0,0,0.04,0.16,0.12,0.24,0.16,0.04,0,0.04,0.04,0.04,0.04,0,0,0.04,0,0.04,0,0,0,0,0,0,0,0,0,0,0,0,0,0,0
2,55,4,8,0,0,0,0,0,0,0,0.0571428571428571,0.0285714285714286,0.0857142857142857,0.142857142857143,0.0857142857142857,0.0285714285714286,0.142857142857143,0.0285714285714286,0.0571428571428571,0,0,0.0285714285714286,0,0.0571428571428571,0.0857142857142857,0.0571428571428571,0.0285714285714286,0.0571428571428571,0,0,0.0285714285714286,0,0,0,0,0,0,0,0,0,0,0
2,56,1,6,0,0,0,0,0,0,0.04,0.08,0.04,0.04,0.08,0.2,0.08,0.12,0.04,0.12,0,0,0,0.04,0.04,0.08,0,0,0,0,0,0,0,0,0,0,0,0,0,0,0,0,0
2,56,2,6,0,0,0,0,0,0,0,0,0,0.16,0.2,0.04,0.24,0,0.08,0,0.08,0,0.04,0.08,0,0,0.04,0.04,0,0,0,0,0,0,0,0,0,0,0,0,0,0,0
2,56,3,6,0,0,0,0,0,0,0,0,0.04,0.12,0.32,0.12,0.08,0.16,0.04,0,0,0,0.08,0.04,0,0,0,0,0,0,0,0,0,0,0,0,0,0,0,0,0,0,0
2,56,4,7,0,0,0,0,0,0.0333333333333333,0,0,0.0666666666666667,0.1,0.166666666666667,0.1,0.0333333333333333,0.1,0.133333333333333,0.0333333333333333,0.0666666666666667,0.0333333333333333,0.0333333333333333,0.0333333333333333,0,0,0,0.0666666666666667,0,0,0,0,0,0,0,0,0,0,0,0,0,0,0
2,57,1,8,0,0,0,0,0,0.0285714285714286,0.0285714285714286,0.0571428571428571,0.0285714285714286,0.142857142857143,0.2,0.0571428571428571,0.0857142857142857,0.0285714285714286,0,0,0.0285714285714286,0.0571428571428571,0,0.0571428571428571,0.0857142857142857,0.0285714285714286,0,0.0571428571428571,0.0285714285714286,0,0,0,0,0,0,0,0,0,0,0,0,0,0
2,57,2,6,0,0,0,0,0,0,0.04,0,0.04,0.08,0.12,0.12,0.04,0.12,0.08,0,0,0.12,0.04,0.04,0.12,0,0,0,0,0,0,0,0.04,0,0,0,0,0,0,0,0,0,0
2,57,3,6,0,0,0,0,0,0,0,0,0.08,0.12,0.04,0.16,0.08,0.08,0.04,0.12,0.04,0.04,0.04,0,0.04,0,0.12,0,0,0,0,0,0,0,0,0,0,0,0,0,0,0,0
2,57,4,8,0,0,0,0,0,0,0,0.0285714285714286,0.0571428571428571,0,0.228571428571429,0.114285714285714,0.171428571428571,0.114285714285714,0.0571428571428571,0,0.0285714285714286,0.0285714285714286,0,0,0,0,0.0285714285714286,0,0,0,0.0285714285714286,0,0.0857142857142857,0,0.0285714285714286,0,0,0,0,0,0,0,0
2,58,1,9,0,0,0,0,0,0,0,0.025,0.025,0.1,0.025,0.075,0.125,0.1,0.1,0.125,0.025,0.1,0.025,0.025,0,0,0.025,0.025,0.025,0,0,0.025,0,0.025,0,0,0,0,0,0,0,0,0
2,58,2,11,0,0,0,0,0,0,0,0.04,0.06,0.08,0.06,0.1,0.06,0.04,0.1,0.06,0.02,0.02,0.08,0.04,0.06,0.04,0,0.02,0.02,0,0.06,0.02,0.02,0,0,0,0,0,0,0,0,0,0
2,58,3,5,0,0,0,0,0,0,0,0,0.05,0.05,0.2,0.05,0,0.15,0.1,0,0,0.1,0,0.1,0.05,0,0.05,0,0.05,0,0,0.05,0,0,0,0,0,0,0,0,0,0,0
2,58,4,11,0,0,0,0,0,0,0.02,0,0.02,0.02,0.02,0.04,0.08,0.04,0.02,0.1,0.02,0.08,0.16,0.12,0.02,0.08,0.02,0.02,0.02,0,0.06,0,0.02,0,0,0,0.02,0,0,0,0,0,0
2,59,1,11,0,0,0,0,0,0,0,0.06,0.02,0.08,0.12,0.02,0.08,0.04,0.08,0.06,0.08,0.08,0,0.04,0.04,0.04,0.02,0.04,0.02,0.02,0.02,0,0,0,0,0.02,0,0.02,0,0,0,0,0
2,59,2,10,0,0,0,0,0,0,0.0444444444444444,0,0,0.133333333333333,0.0444444444444444,0.0666666666666667,0.0277777777777778,0.0666666666666667,0.116666666666667,0.0888888888888889,0.0222222222222222,0.0666666666666667,0.0444444444444444,0.0222222222222222,0.0666666666666667,0.0222222222222222,0.0277777777777778,0,0.0444444444444444,0.0277777777777778,0.0222222222222222,0,0.0222222222222222,0.0222222222222222,0,0,0,0,0,0,0,0,0
2,59,3,8,0,0,0,0,0,0,0,0.142857142857143,0.0571428571428571,0.121428571428571,0.214285714285714,0,0.0571428571428571,0.114285714285714,0.0571428571428571,0,0,0,0,0.0285714285714286,0.0357142857142857,0.0857142857142857,0,0.0285714285714286,0,0.0285714285714286,0,0.0285714285714286,0,0,0,0,0,0,0,0,0,0,0
2,59,4,7,0,0,0,0,0,0,0.0333333333333333,0.133333333333333,0.1,0.1,0.0666666666666667,0.133333333333333,0.0666666666666667,0.0333333333333333,0,0,0.0333333333333333,0,0,0.1,0.0333333333333333,0,0,0,0,0.0666666666666667,0.0333333333333333,0.0333333333333333,0.0333333333333333,0,0,0,0,0,0,0,0,0,0
2,60,1,9,0,0,0,0,0,0,0,0.025,0.1,0.175,0.125,0.125,0.05,0.05,0,0.075,0,0,0.025,0.025,0,0,0.05,0.025,0.025,0,0.075,0.025,0.025,0,0,0,0,0,0,0,0,0,0
2,60,2,8,0,0,0,0,0,0,0,0.0571428571428571,0.0857142857142857,0.114285714285714,0.2,0.171428571428571,0.171428571428571,0.0285714285714286,0.0285714285714286,0.0571428571428571,0,0,0.0285714285714286,0,0,0.0285714285714286,0,0,0.0285714285714286,0,0,0,0,0,0,0,0,0,0,0,0,0,0
2,60,3,5,0,0,0,0,0,0,0,0.15,0.1,0.05,0.1,0.3,0.1,0.05,0,0,0.05,0,0,0.05,0,0,0,0,0.05,0,0,0,0,0,0,0,0,0,0,0,0,0,0
2,60,4,6,0,0,0,0,0,0,0,0.04,0.08,0.04,0.08,0.12,0.16,0.08,0.12,0,0.08,0.04,0.04,0,0,0.04,0,0,0.04,0.04,0,0,0,0,0,0,0,0,0,0,0,0,0
2,61,1,8,0,0,0,0,0,0,0,0.0285714285714286,0.142857142857143,0,0.0285714285714286,0.0857142857142857,0.114285714285714,0.114285714285714,0.0285714285714286,0.0857142857142857,0.171428571428571,0.0857142857142857,0.0571428571428571,0.0571428571428571,0,0,0,0,0,0,0,0,0,0,0,0,0,0,0,0,0,0,0
2,61,2,6,0,0,0,0,0,0,0,0.04,0,0.04,0,0.04,0.04,0.04,0.16,0.08,0.08,0.08,0.08,0.2,0.04,0.04,0.04,0,0,0,0,0,0,0,0,0,0,0,0,0,0,0,0
2,61,3,6,0,0,0,0,0,0,0,0.04,0,0.08,0.16,0.04,0.08,0.08,0.04,0.04,0.08,0.04,0.12,0.04,0,0.08,0.04,0.04,0,0,0,0,0,0,0,0,0,0,0,0,0,0,0
2,61,4,7,0,0,0,0,0,0,0.0333333333333333,0,0.0666666666666667,0.0666666666666667,0.0666666666666667,0.0666666666666667,0.133333333333333,0.1,0.0333333333333333,0,0.1,0.166666666666667,0.0666666666666667,0.0333333333333333,0.0333333333333333,0,0,0.0333333333333333,0,0,0,0,0,0,0,0,0,0,0,0,0,0,0
2,62,1,10,0,0,0,0,0,0.0222222222222222,0,0,0.0222222222222222,0.0666666666666667,0.0444444444444444,0.0666666666666667,0.0666666666666667,0.0666666666666667,0.109259259259259,0.0444444444444444,0.168518518518519,0,0.0222222222222222,0.0592592592592593,0.0444444444444444,0.037037037037037,0.0555555555555556,0.0592592592592593,0.0222222222222222,0.0222222222222222,0,0,0,0,0,0,0,0,0,0,0,0,0
2,62,2,7,0,0,0,0,0,0,0,0,0.133333333333333,0.1,0.0666666666666667,0.0666666666666667,0.0666666666666667,0.0333333333333333,0.0333333333333333,0.0333333333333333,0.1,0.1,0.0666666666666667,0,0.0333333333333333,0,0,0.0333333333333333,0.0333333333333333,0.0666666666666667,0,0,0,0,0,0.0333333333333333,0,0,0,0,0,0,0
2,62,3,9,0,0,0,0,0,0,0.025,0,0,0.175,0.05625,0.116666666666667,0.1,0,0.05,0.025,0.025,0,0.05,0.0666666666666667,0.08125,0,0.05625,0.05,0.025,0,0.0416666666666667,0.05625,0,0,0,0,0,0,0,0,0,0,0
2,62,4,11,0,0,0,0,0,0,0.025,0.04,0.04,0.14,0.125,0.06,0.12,0.02,0.025,0,0,0.04,0.02,0.02,0,0.08,0.065,0.04,0.02,0.04,0.04,0.04,0,0,0,0,0,0,0,0,0,0,0
2,63,1,7,0,0,0,0,0,0.0333333333333333,0.0333333333333333,0.0333333333333333,0.0666666666666667,0.133333333333333,0.166666666666667,0,0.0666666666666667,0.0666666666666667,0.0333333333333333,0.1,0.1,0,0.0333333333333333,0,0,0,0,0.0333333333333333,0,0,0.0333333333333333,0.0333333333333333,0,0,0,0.0333333333333333,0,0,0,0,0,0,0
2,63,2,6,0,0,0,0,0,0,0,0,0.12,0.2,0.12,0.12,0.12,0.12,0.04,0.04,0,0.04,0.04,0,0,0,0,0,0,0,0.04,0,0,0,0,0,0,0,0,0,0,0,0
2,63,3,7,0,0,0,0,0,0,0.0333333333333333,0,0.0333333333333333,0.1,0.133333333333333,0.133333333333333,0.2,0,0.0666666666666667,0.0666666666666667,0.1,0,0.0333333333333333,0.0333333333333333,0,0,0,0.0333333333333333,0,0.0333333333333333,0,0,0,0,0,0,0,0,0,0,0,0,0
2,63,4,8,0,0,0,0,0,0,0,0.0285714285714286,0.114285714285714,0.171428571428571,0.0571428571428571,0.0642857142857143,0.128571428571429,0.0642857142857143,0,0.0571428571428571,0.0285714285714286,0.0857142857142857,0.0857142857142857,0.0285714285714286,0,0.0285714285714286,0.0285714285714286,0,0,0.0285714285714286,0,0,0,0,0,0,0,0,0,0,0,0,0
2,64,1,7,0,0,0,0,0,0,0,0,0.133333333333333,0.166666666666667,0.166666666666667,0.166666666666667,0.0666666666666667,0.0333333333333333,0.0333333333333333,0.0666666666666667,0.0666666666666667,0,0.0333333333333333,0,0,0,0.0333333333333333,0,0,0,0.0333333333333333,0,0,0,0,0,0,0,0,0,0,0,0
2,64,2,6,0,0,0,0,0,0,0,0.08,0,0.08,0.186666666666667,0.12,0.08,0.186666666666667,0.04,0.08,0,0,0.04,0.106666666666667,0,0,0,0,0,0,0,0,0,0,0,0,0,0,0,0,0,0,0
2,64,3,6,0,0,0,0,0,0,0,0,0.12,0.16,0.2,0.12,0.12,0.04,0.04,0,0,0,0.08,0.08,0,0,0,0,0,0,0.04,0,0,0,0,0,0,0,0,0,0,0,0
2,64,4,7,0,0,0,0,0,0,0,0.0333333333333333,0.1,0.0666666666666667,0.0666666666666667,0.133333333333333,0.1,0.0333333333333333,0.0333333333333333,0.0666666666666667,0.1,0.0666666666666667,0.0666666666666667,0,0.0333333333333333,0.0333333333333333,0,0,0,0,0.0333333333333333,0,0,0.0333333333333333,0,0,0,0,0,0,0,0,0
3,31,1,3,0,0,0,0,0,0,0,0,0,0,0,0,0.1,0,0,0,0.1,0,0,0,0,0.1,0.1,0.1,0.2,0.1,0,0,0,0,0.1,0.1,0,0,0,0,0,0,0
3,31,2,2,0,0,0,0,0,0,0,0,0,0,0,0,0,0,0,0.2,0,0,0,0,0.4,0,0.2,0.2,0,0,0,0,0,0,0,0,0,0,0,0,0,0,0
3,31,4,3,0,0,0,0,0,0,0,0,0.1,0,0,0,0.1,0.1,0,0,0.1,0,0,0,0.1,0.1,0,0,0.1,0.1,0.1,0,0,0,0,0.1,0,0,0,0,0,0,0
3,32,1,3,0,0,0,0,0,0,0,0,0.1,0,0.1,0,0.1,0,0,0,0.3,0,0,0,0.1,0,0,0.2,0,0,0.1,0,0,0,0,0,0,0,0,0,0,0,0
3,32,2,5,0,0,0,0,0,0,0,0,0,0.05,0.05,0.05,0.1,0.1,0,0,0,0.1,0.05,0,0,0.05,0,0.05,0.05,0.15,0.05,0.05,0.05,0,0.05,0,0,0,0,0,0,0,0
3,32,3,3,0,0,0,0,0,0,0,0,0,0,0,0,0,0,0.1,0.2,0,0,0,0,0,0.1,0,0.2,0.2,0,0.1,0,0,0,0,0,0,0.1,0,0,0,0,0
3,32,4,6,0,0,0,0,0,0,0,0.04,0.04,0,0,0.16,0.16,0.04,0,0,0.08,0,0,0.04,0.04,0.04,0.04,0.04,0.04,0.04,0.08,0.04,0,0.04,0.04,0,0,0,0,0,0,0,0
3,33,1,4,0,0,0,0,0,0,0,0,0.0666666666666667,0.0666666666666667,0,0,0.0666666666666667,0.0666666666666667,0.0666666666666667,0.0666666666666667,0.2,0,0,0,0.133333333333333,0.0666666666666667,0,0,0.133333333333333,0,0,0,0.0666666666666667,0,0,0,0,0,0,0,0,0,0
3,33,2,9,0,0,0,0,0,0,0,0.025,0.025,0,0.075,0.05,0.025,0.05,0,0.125,0.025,0.025,0,0.025,0.025,0,0.05,0.05,0.15,0.075,0,0.05,0.05,0.075,0,0.025,0,0,0,0,0,0,0
3,33,3,4,0,0,0,0,0,0,0,0.0666666666666667,0.0666666666666667,0,0.133333333333333,0.2,0,0,0,0,0,0.0666666666666667,0,0,0,0.0666666666666667,0.0666666666666667,0.133333333333333,0,0,0,0.133333333333333,0.0666666666666667,0,0,0,0,0,0,0,0,0,0
3,33,4,7,0,0,0,0,0,0,0,0,0.0333333333333333,0,0.0666666666666667,0,0.1,0,0,0.0333333333333333,0.1,0,0,0.0333333333333333,0.1,0.0666666666666667,0.1,0.0666666666666667,0.133333333333333,0,0.0333333333333333,0,0.0333333333333333,0,0.0666666666666667,0,0.0333333333333333,0,0,0,0,0,0
3,34,1,5,0,0,0,0,0,0,0,0,0,0.05,0,0,0.05,0.2,0.05,0,0,0,0.1,0.05,0.15,0,0,0,0,0.05,0,0,0.15,0.05,0.05,0.05,0,0,0,0,0,0,0
3,34,2,4,0,0,0,0,0,0,0,0,0,0.0666666666666667,0.0666666666666667,0,0,0,0.0666666666666667,0,0.0666666666666667,0.133333333333333,0.0666666666666667,0.0666666666666667,0.0666666666666667,0.2,0,0.0666666666666667,0.0666666666666667,0,0,0.0666666666666667,0,0,0,0,0,0,0,0,0,0,0
3,34,3,4,0,0,0,0,0,0,0.0666666666666667,0,0.0666666666666667,0,0,0.0666666666666667,0.0666666666666667,0,0.0666666666666667,0,0,0.0666666666666667,0.0666666666666667,0,0.0666666666666667,0,0.0666666666666667,0.0666666666666667,0.0666666666666667,0.0666666666666667,0,0.0666666666666667,0,0.133333333333333,0,0,0,0,0,0,0,0,0
3,34,4,8,0,0,0,0,0,0,0,0,0.0571428571428571,0.0857142857142857,0.0285714285714286,0.114285714285714,0.0285714285714286,0.0285714285714286,0.0571428571428571,0.0285714285714286,0.0285714285714286,0.0285714285714286,0.0285714285714286,0.0285714285714286,0.0857142857142857,0.0571428571428571,0.0285714285714286,0.0285714285714286,0.0285714285714286,0.0285714285714286,0.0285714285714286,0.114285714285714,0,0,0.0571428571428571,0,0,0,0,0,0,0,0
3,35,1,5,0,0,0,0,0,0,0,0,0,0,0.05,0.1,0.1,0.05,0,0,0.05,0,0.1,0.05,0.05,0.05,0.1,0.05,0.15,0,0,0,0,0.05,0.05,0,0,0,0,0,0,0,0
3,35,2,3,0,0,0,0,0,0,0,0,0,0.1,0,0,0,0,0,0,0,0.2,0,0,0,0.1,0.1,0.2,0.2,0.1,0,0,0,0,0,0,0,0,0,0,0,0,0
3,35,3,5,0,0,0,0,0,0,0,0.1,0,0.05,0.1,0.1,0.1,0,0.05,0.05,0.1,0,0,0.15,0.05,0.05,0,0,0,0,0,0.1,0,0,0,0,0,0,0,0,0,0,0
3,35,4,8,0,0,0,0,0,0,0,0.0285714285714286,0,0.0285714285714286,0.0285714285714286,0.0285714285714286,0,0.114285714285714,0.0571428571428571,0.114285714285714,0.0571428571428571,0.0571428571428571,0.0571428571428571,0.0571428571428571,0.0285714285714286,0,0.114285714285714,0.0571428571428571,0.0285714285714286,0,0.0571428571428571,0,0.0571428571428571,0.0285714285714286,0,0,0,0,0,0,0,0,0
3,36,1,5,0,0,0,0,0,0,0,0.05,0,0.05,0,0.2,0.05,0,0,0,0.05,0.1,0.05,0.15,0.05,0.05,0.05,0.05,0.05,0,0.05,0,0,0,0,0,0,0,0,0,0,0,0
3,36,2,4,0,0,0,0,0,0,0,0,0,0,0.133333333333333,0.133333333333333,0,0,0,0.133333333333333,0,0.0666666666666667,0.0666666666666667,0,0.2,0,0,0.2,0,0.0666666666666667,0,0,0,0,0,0,0,0,0,0,0,0,0
3,36,3,4,0,0,0,0,0,0,0,0,0,0,0.133333333333333,0.133333333333333,0.133333333333333,0,0.0666666666666667,0,0,0,0,0,0,0.2,0.133333333333333,0,0,0.0666666666666667,0,0.0666666666666667,0,0,0.0666666666666667,0,0,0,0,0,0,0,0
3,36,4,6,0,0,0,0,0,0,0,0.04,0.04,0,0.08,0,0.16,0.08,0.04,0.08,0,0.04,0,0.04,0.04,0.12,0,0.04,0,0.04,0.04,0.08,0,0,0,0.04,0,0,0,0,0,0,0
3,37,1,5,0,0,0,0,0,0,0,0,0,0,0,0,0.05,0.1,0,0,0.05,0.05,0,0.05,0.1,0,0.1,0.05,0.15,0.1,0.05,0.05,0.1,0,0,0,0,0,0,0,0,0,0
3,37,2,5,0,0,0,0,0,0,0,0,0,0.05,0,0,0,0.05,0,0,0.05,0,0.15,0.05,0.05,0.1,0.05,0.1,0.05,0.1,0.1,0,0,0.05,0,0,0.05,0,0,0,0,0,0
3,37,3,5,0,0,0,0,0,0,0,0.05,0,0,0,0,0.05,0,0,0.1,0,0.1,0.1,0.1,0.1,0.05,0.05,0.1,0.05,0.05,0.05,0.05,0,0,0,0,0,0,0,0,0,0,0
3,37,4,7,0,0,0,0,0,0,0,0.0571428571428571,0,0,0.0571428571428571,0.0857142857142857,0,0.0285714285714286,0,0.0285714285714286,0.0571428571428571,0.0857142857142857,0.0285714285714286,0.0285714285714286,0.0285714285714286,0.0571428571428571,0.171428571428571,0.0571428571428571,0.0571428571428571,0.0285714285714286,0.114285714285714,0,0,0,0.0285714285714286,0,0,0,0,0,0,0,0
3,38,1,7,0,0,0,0,0,0,0,0.0666666666666667,0,0,0.0333333333333333,0.0666666666666667,0,0.0333333333333333,0.133333333333333,0,0.0666666666666667,0,0.0333333333333333,0,0.0666666666666667,0.0333333333333333,0.0666666666666667,0.0333333333333333,0.0666666666666667,0,0.0333333333333333,0.0666666666666667,0.1,0.0333333333333333,0,0.0666666666666667,0,0,0,0,0,0,0
3,38,2,5,0,0,0,0,0,0,0,0,0,0,0.05,0,0.05,0,0.05,0.1,0,0.1,0.1,0.05,0.2,0,0.05,0.05,0,0.05,0.1,0,0,0,0.05,0,0,0,0,0,0,0,0
3,38,3,5,0,0,0,0,0,0,0,0,0.05,0.05,0.1,0,0.1,0.1,0,0.05,0.05,0,0.05,0,0,0.2,0,0.05,0,0.05,0.05,0,0,0.1,0,0,0,0,0,0,0,0,0
3,38,4,8,0,0,0,0,0,0,0,0.025,0.05,0.125,0.15,0.05,0.025,0,0,0,0.025,0.05,0.05,0.05,0.05,0.075,0.025,0,0.075,0.075,0.05,0.025,0,0,0,0.025,0,0,0,0,0,0,0
3,39,1,6,0,0,0,0,0,0,0,0,0.04,0.04,0.04,0.04,0.2,0,0.04,0.04,0.04,0.08,0,0.04,0.04,0.04,0.04,0.08,0.08,0.04,0,0,0.08,0,0,0,0,0,0,0,0,0,0
3,39,2,6,0,0,0,0,0,0,0,0,0.04,0,0.04,0.08,0.04,0.04,0.08,0,0.08,0.04,0,0.04,0.04,0.12,0.08,0.12,0.04,0,0,0.12,0,0,0,0,0,0,0,0,0,0,0
3,39,3,7,0,0,0,0,0,0,0,0,0.0571428571428571,0.0285714285714286,0.0571428571428571,0.0285714285714286,0.0571428571428571,0.0571428571428571,0.0857142857142857,0,0.0571428571428571,0,0.0285714285714286,0.0571428571428571,0.0857142857142857,0.0285714285714286,0.0571428571428571,0.0285714285714286,0.0285714285714286,0.0857142857142857,0.0571428571428571,0,0.0857142857142857,0,0,0,0.0285714285714286,0,0,0,0,0,0
3,39,4,7,0,0,0,0,0,0,0,0,0.0857142857142857,0.0857142857142857,0,0.0285714285714286,0.0285714285714286,0.0857142857142857,0.0571428571428571,0.0857142857142857,0.0571428571428571,0.0857142857142857,0.0571428571428571,0,0,0.0571428571428571,0.0285714285714286,0.0571428571428571,0.0285714285714286,0.0571428571428571,0.0857142857142857,0,0.0285714285714286,0,0,0,0,0,0,0,0,0,0
3,40,1,7,0,0,0,0,0,0,0,0,0.0666666666666667,0.0333333333333333,0.0333333333333333,0.0333333333333333,0,0.0333333333333333,0.0333333333333333,0.0333333333333333,0.1,0.0333333333333333,0.0333333333333333,0.166666666666667,0.0666666666666667,0,0.0666666666666667,0,0.0666666666666667,0.1,0.0333333333333333,0.0333333333333333,0,0,0.0333333333333333,0,0,0,0,0,0,0,0
3,40,2,8,0,0,0,0,0,0,0,0,0.0222222222222222,0.0666666666666667,0.0666666666666667,0.0222222222222222,0.0222222222222222,0.0222222222222222,0.0222222222222222,0,0,0.0222222222222222,0.111111111111111,0.111111111111111,0.111111111111111,0.0888888888888889,0.0222222222222222,0.0888888888888889,0.0222222222222222,0.0222222222222222,0.0444444444444444,0.0444444444444444,0.0444444444444444,0.0222222222222222,0,0,0,0,0,0,0,0,0
3,40,3,6,0,0,0,0,0,0,0,0,0,0.0333333333333333,0.133333333333333,0.1,0.0333333333333333,0,0,0,0.0333333333333333,0.0333333333333333,0.0666666666666667,0.0666666666666667,0.1,0,0.166666666666667,0.0666666666666667,0.0666666666666667,0,0.0666666666666667,0,0.0333333333333333,0,0,0,0,0,0,0,0,0,0
3,40,4,9,0,0,0,0,0,0,0.0166666666666667,0.0333333333333333,0.0166666666666667,0.0333333333333333,0.0666666666666667,0.183333333333333,0.0833333333333333,0.0333333333333333,0.05,0,0.0166666666666667,0.0333333333333333,0,0.05,0.0333333333333333,0.0833333333333333,0.05,0.0166666666666667,0.0833333333333333,0.0666666666666667,0.0333333333333333,0,0,0,0.0166666666666667,0,0,0,0,0,0,0,0
3,41,1,7,0,0,0,0,0,0,0,0,0.0666666666666667,0.1,0.1,0.0333333333333333,0.0333333333333333,0.0666666666666667,0.133333333333333,0.0333333333333333,0.0333333333333333,0.0333333333333333,0,0.0666666666666667,0,0,0.0666666666666667,0.0333333333333333,0.0666666666666667,0.0333333333333333,0.0333333333333333,0,0,0.0333333333333333,0.0333333333333333,0,0,0,0,0,0,0,0
3,41,2,6,0,0,0,0,0,0,0,0.04,0,0.08,0.04,0,0.08,0.04,0.08,0,0.04,0.04,0,0,0.04,0.08,0.08,0,0.04,0.16,0.04,0.04,0.08,0,0,0,0,0,0,0,0,0,0
3,41,3,5,0,0,0,0,0,0,0,0.15,0,0,0.05,0.05,0.05,0,0.05,0,0.1,0.2,0.1,0.05,0.05,0,0,0,0,0,0,0,0.05,0.1,0,0,0,0,0,0,0,0,0
3,41,4,7,0,0,0,0,0,0,0,0.0285714285714286,0.0285714285714286,0.142857142857143,0.0857142857142857,0.142857142857143,0.114285714285714,0.0571428571428571,0,0.0571428571428571,0.0285714285714286,0.0285714285714286,0.0285714285714286,0.0285714285714286,0.0285714285714286,0.0285714285714286,0.0285714285714286,0.0285714285714286,0.0285714285714286,0.0285714285714286,0.0285714285714286,0.0285714285714286,0,0,0,0,0,0,0,0,0,0,0
3,42,1,7,0,0,0,0,0,0,0,0,0.0666666666666667,0.1,0,0.0333333333333333,0.133333333333333,0.133333333333333,0.0333333333333333,0,0.0333333333333333,0.0333333333333333,0.0666666666666667,0.0333333333333333,0.0333333333333333,0.0333333333333333,0.0333333333333333,0.133333333333333,0,0,0,0.0333333333333333,0,0,0,0,0.0333333333333333,0.0333333333333333,0,0,0,0,0
3,42,2,4,0,0,0,0,0,0,0,0,0,0,0.0666666666666667,0,0.133333333333333,0,0.133333333333333,0.2,0,0.0666666666666667,0.0666666666666667,0,0.0666666666666667,0.0666666666666667,0,0,0.0666666666666667,0,0.0666666666666667,0,0,0,0,0.0666666666666667,0,0,0,0,0,0,0
3,42,3,5,0,0,0,0,0,0,0,0,0.05,0,0.1,0.05,0,0,0,0.05,0.2,0,0.15,0.1,0.05,0,0.05,0,0,0.05,0.1,0,0,0,0,0,0,0.05,0,0,0,0,0
3,42,4,8,0,0,0,0,0,0,0,0.025,0.025,0.05,0.075,0.075,0.05,0.025,0,0.025,0.075,0.025,0.125,0.075,0.1,0.05,0.05,0,0.075,0.025,0,0.025,0.025,0,0,0,0,0,0,0,0,0,0
3,43,1,8,0,0,0,0,0,0,0,0.0285714285714286,0.0285714285714286,0.0857142857142857,0,0.0571428571428571,0.0571428571428571,0.0571428571428571,0.0571428571428571,0,0.0571428571428571,0.0571428571428571,0.0285714285714286,0.0571428571428571,0.0857142857142857,0,0.171428571428571,0.0285714285714286,0,0,0.0285714285714286,0.0285714285714286,0.0571428571428571,0.0285714285714286,0,0,0,0,0,0,0,0,0
3,43,2,6,0,0,0,0,0,0,0,0,0.04,0.04,0,0,0.04,0.04,0.04,0.04,0.04,0.08,0.08,0.04,0.04,0.04,0,0.16,0.08,0.08,0.04,0.04,0,0,0.04,0,0,0,0,0,0,0,0
3,43,3,7,0,0,0,0,0,0,0,0,0.05,0.075,0,0.05,0.05,0.1,0.025,0.05,0,0.05,0.1,0.05,0.025,0.05,0.125,0.05,0.075,0.05,0,0,0.025,0,0,0,0,0,0,0,0,0,0
3,43,4,10,0,0,0,0,0,0,0,0.0181818181818182,0.0545454545454546,0.0909090909090909,0.145454545454545,0.127272727272727,0.0363636363636364,0.0727272727272727,0.0181818181818182,0.0363636363636364,0.0545454545454546,0.0909090909090909,0.0363636363636364,0.0181818181818182,0.0363636363636364,0.0181818181818182,0.0181818181818182,0.0181818181818182,0.0181818181818182,0.0181818181818182,0.0545454545454546,0.0181818181818182,0,0,0,0,0,0,0,0,0,0,0
3,44,1,8,0,0,0,0,0.0285714285714286,0,0,0,0,0.0285714285714286,0.114285714285714,0.0285714285714286,0.0571428571428571,0.0571428571428571,0.0285714285714286,0.0285714285714286,0.0571428571428571,0.0285714285714286,0.0285714285714286,0.0857142857142857,0.0571428571428571,0.0571428571428571,0.0285714285714286,0.0285714285714286,0.0571428571428571,0,0.0571428571428571,0.0285714285714286,0.0285714285714286,0.0285714285714286,0.0285714285714286,0.0285714285714286,0,0,0,0,0,0,0
3,44,2,7,0,0,0,0,0,0,0,0.025,0.025,0,0.1,0.05,0.075,0.225,0,0.075,0.025,0.025,0.025,0.025,0.075,0,0.1,0.05,0.025,0,0.025,0.05,0,0,0,0,0,0,0,0,0,0,0
3,44,3,7,0,0,0,0,0,0,0,0,0.0571428571428571,0.0571428571428571,0.0571428571428571,0.0285714285714286,0.0285714285714286,0.0571428571428571,0.0285714285714286,0.114285714285714,0.0571428571428571,0.114285714285714,0.0571428571428571,0.171428571428571,0,0,0.0285714285714286,0,0,0.0285714285714286,0.0285714285714286,0.0285714285714286,0.0285714285714286,0.0285714285714286,0,0,0,0,0,0,0,0,0
3,44,4,10,0,0,0,0,0,0,0,0.06,0.08,0.02,0.06,0.04,0.02,0.02,0,0.04,0.04,0.02,0.06,0.06,0.1,0.1,0.12,0.02,0.04,0,0.04,0.04,0,0.02,0,0,0,0,0,0,0,0,0
3,45,1,7,0,0,0,0,0,0,0.0333333333333333,0,0.133333333333333,0,0,0.0333333333333333,0,0,0.0333333333333333,0,0.0333333333333333,0.0666666666666667,0.0666666666666667,0,0.1,0.1,0.0666666666666667,0.133333333333333,0.0666666666666667,0,0.1,0,0.0333333333333333,0,0,0,0,0,0,0,0,0,0
3,45,2,8,0,0,0,0,0,0,0,0.0285714285714286,0.0571428571428571,0.0857142857142857,0.142857142857143,0.0571428571428571,0,0.0285714285714286,0,0.0857142857142857,0,0,0.0857142857142857,0.0285714285714286,0.0571428571428571,0.0571428571428571,0.0571428571428571,0.0857142857142857,0.0857142857142857,0,0,0,0,0.0285714285714286,0,0,0.0285714285714286,0,0,0,0,0,0
3,45,3,5,0,0,0,0,0,0,0,0,0.05,0,0.1,0.2,0.1,0.05,0,0,0.05,0,0,0.05,0.05,0,0.05,0.05,0.05,0.1,0.05,0,0,0,0,0.05,0,0,0,0,0,0,0
3,45,4,13,0,0,0,0,0,0,0,0.0125,0.05,0.0375,0.125,0.1375,0.0875,0.0625,0.075,0.0125,0.05,0.05,0.0125,0,0.0125,0.05,0.0125,0.025,0.025,0.075,0.025,0.025,0,0.025,0,0.0125,0,0,0,0,0,0,0
3,46,1,8,0,0,0,0,0,0,0.0285714285714286,0.0285714285714286,0,0.0571428571428571,0.0285714285714286,0.0857142857142857,0.0571428571428571,0.0285714285714286,0.0857142857142857,0.0571428571428571,0,0.0285714285714286,0,0,0.0285714285714286,0.0857142857142857,0.142857142857143,0,0.114285714285714,0.0857142857142857,0.0285714285714286,0,0,0,0,0.0285714285714286,0,0,0,0,0,0,0
3,46,2,4,0,0,0,0,0,0,0,0,0,0,0.0666666666666667,0.0666666666666667,0,0,0.133333333333333,0,0.2,0,0.0666666666666667,0.133333333333333,0,0.0666666666666667,0.0666666666666667,0.0666666666666667,0.0666666666666667,0,0,0,0.0666666666666667,0,0,0,0,0,0,0,0,0,0
3,46,3,8,0,0,0,0,0,0,0,0.02,0.06,0.02,0.02,0.08,0.04,0.04,0.02,0.08,0.06,0.1,0.02,0.04,0.02,0.04,0.02,0.06,0.02,0.02,0.1,0.08,0,0.02,0,0,0,0.02,0,0,0,0,0
3,46,4,14,0,0,0,0,0,0,0.02,0.01,0.08,0.09,0.12,0.1,0.06,0.04,0.01,0.03,0.08,0.07,0.03,0.01,0.02,0.02,0.04,0.02,0.04,0.01,0.01,0.03,0.02,0.02,0.02,0,0,0,0,0,0,0,0
3,47,1,13,0,0,0,0,0,0,0,0.0153846153846154,0.0769230769230769,0.0769230769230769,0.2,0.0769230769230769,0.0153846153846154,0.0923076923076923,0.0461538461538462,0,0.0153846153846154,0.0615384615384615,0.0615384615384615,0.0153846153846154,0.0307692307692308,0.0153846153846154,0.0153846153846154,0,0.107692307692308,0.0153846153846154,0.0153846153846154,0.0153846153846154,0.0153846153846154,0.0153846153846154,0,0,0,0,0,0,0,0,0
3,47,2,12,0,0,0,0,0,0,0.0181818181818182,0.0181818181818182,0.0363636363636364,0.157575757575758,0.127272727272727,0.0909090909090909,0.0909090909090909,0,0.0363636363636364,0.0545454545454546,0,0.0363636363636364,0.0363636363636364,0,0.0181818181818182,0.0666666666666667,0.0181818181818182,0.0181818181818182,0.0727272727272727,0.0181818181818182,0,0.0666666666666667,0.0181818181818182,0,0,0,0,0,0,0,0,0,0
3,47,3,11,0,0,0,0,0,0,0.0166666666666667,0.0333333333333333,0.0666666666666667,0.0833333333333333,0.116666666666667,0.1,0.0666666666666667,0.0833333333333333,0.05,0.0666666666666667,0.0333333333333333,0,0.05,0.0333333333333333,0.0166666666666667,0.0166666666666667,0,0.0666666666666667,0.0333333333333333,0.05,0,0,0.0166666666666667,0,0,0,0,0,0,0,0,0,0
3,47,4,14,0,0,0,0,0,0,0,0,0.0444444444444444,0.0888888888888889,0.133333333333333,0.144444444444444,0.0555555555555556,0.0777777777777778,0.0888888888888889,0.0666666666666667,0.0444444444444444,0.0666666666666667,0.0333333333333333,0,0.0111111111111111,0.0333333333333333,0.0222222222222222,0.0111111111111111,0.0111111111111111,0.0111111111111111,0.0222222222222222,0.0222222222222222,0,0,0,0,0.0111111111111111,0,0,0,0,0,0
3,48,1,12,0,0,0,0,0,0,0,0,0.0461538461538462,0.0923076923076923,0.107692307692308,0.0923076923076923,0.0307692307692308,0.0153846153846154,0.0769230769230769,0.0923076923076923,0.107692307692308,0.0153846153846154,0.0307692307692308,0.0307692307692308,0,0.0923076923076923,0.0307692307692308,0.0153846153846154,0.0461538461538462,0,0,0.0153846153846154,0.0307692307692308,0.0307692307692308,0,0,0,0,0,0,0,0,0
3,48,2,7,0,0,0,0,0,0,0,0,0.025,0,0.05,0.05,0.025,0.075,0.1,0.05,0.05,0.05,0.025,0.05,0.175,0.025,0.025,0.05,0,0.075,0,0.025,0,0,0,0.05,0,0,0.025,0,0,0,0
3,48,3,9,0,0,0,0,0,0,0.0166666666666667,0,0,0.0166666666666667,0.0333333333333333,0.0833333333333333,0.0666666666666667,0.05,0.0833333333333333,0.1,0.0333333333333333,0.0333333333333333,0.133333333333333,0.133333333333333,0.05,0.05,0.0666666666666667,0.0166666666666667,0,0.0166666666666667,0,0,0,0.0166666666666667,0,0,0,0,0,0,0,0,0
3,48,4,14,0,0,0,0,0.0105263157894737,0,0,0.0421052631578947,0.0947368421052632,0.0526315789473684,0.0631578947368421,0.0526315789473684,0.0210526315789474,0.0315789473684211,0.0526315789473684,0.0631578947368421,0.0631578947368421,0.0631578947368421,0.0947368421052632,0.0526315789473684,0.0315789473684211,0.0736842105263158,0.0421052631578947,0.0421052631578947,0,0.0105263157894737,0.0315789473684211,0,0,0.0105263157894737,0,0,0,0,0,0,0,0,0
3,49,1,12,0,0,0,0,0,0,0,0.0266666666666667,0.0533333333333333,0.0533333333333333,0.146666666666667,0.0266666666666667,0.0133333333333333,0.0666666666666667,0.04,0.04,0.0266666666666667,0.04,0.0533333333333333,0.0666666666666667,0.04,0.0533333333333333,0,0.0933333333333333,0.0266666666666667,0.04,0.0266666666666667,0.0266666666666667,0.0133333333333333,0.0266666666666667,0,0,0,0,0,0,0,0,0
3,49,2,8,0,0,0,0,0,0,0,0.0307692307692308,0.0307692307692308,0.123076923076923,0.123076923076923,0.0615384615384615,0.0615384615384615,0.0307692307692308,0.0153846153846154,0.0461538461538462,0,0.0153846153846154,0,0.0153846153846154,0.0153846153846154,0.0615384615384615,0.0923076923076923,0.153846153846154,0.0769230769230769,0,0.0153846153846154,0,0,0.0153846153846154,0,0.0153846153846154,0,0,0,0,0,0,0
3,49,3,9,0,0,0,0,0,0,0,0,0.0727272727272727,0.181818181818182,0.109090909090909,0.145454545454545,0.0545454545454546,0.0363636363636364,0.0181818181818182,0,0.0545454545454546,0.0363636363636364,0.0181818181818182,0.0181818181818182,0.0545454545454546,0.0363636363636364,0,0.0545454545454546,0.0545454545454546,0,0.0181818181818182,0.0181818181818182,0,0.0181818181818182,0,0,0,0,0,0,0,0,0
3,49,4,13,0,0,0,0,0,0,0.0315789473684211,0.0210526315789474,0.0421052631578947,0.115789473684211,0.136842105263158,0.126315789473684,0.0947368421052632,0.0631578947368421,0.0631578947368421,0.0421052631578947,0.0315789473684211,0.0210526315789474,0.0210526315789474,0.0105263157894737,0.0210526315789474,0.0315789473684211,0,0.0210526315789474,0.0315789473684211,0.0210526315789474,0.0315789473684211,0,0.0105263157894737,0,0,0.0105263157894737,0,0,0,0,0,0,0
3,50,1,9,0,0,0,0,0,0,0,0.0444444444444444,0.133333333333333,0.0666666666666667,0.0666666666666667,0.0222222222222222,0.111111111111111,0.0666666666666667,0.0888888888888889,0.0444444444444444,0.0444444444444444,0.0222222222222222,0,0.0444444444444444,0,0.0222222222222222,0.0888888888888889,0.0444444444444444,0,0.0222222222222222,0,0.0444444444444444,0,0.0222222222222222,0,0,0,0,0,0,0,0,0
3,50,2,7,0,0,0,0,0,0,0,0,0.025,0.025,0.05,0.05,0.025,0,0.175,0.075,0.125,0.05,0.025,0.05,0.05,0.05,0,0.025,0.05,0.075,0,0.025,0,0.025,0,0.025,0,0,0,0,0,0,0
3,50,3,8,0,0,0,0,0,0,0.02,0,0.04,0.16,0.04,0.06,0.1,0.02,0.14,0.04,0.04,0.08,0.06,0.06,0.04,0.04,0,0.02,0,0,0,0.02,0.02,0,0,0,0,0,0,0,0,0,0
3,50,4,8,0,0,0,0,0,0,0,0,0.0181818181818182,0.0909090909090909,0.0909090909090909,0.109090909090909,0.0727272727272727,0.0727272727272727,0.0181818181818182,0.109090909090909,0.0545454545454546,0.0545454545454546,0.109090909090909,0.0363636363636364,0.0363636363636364,0.0181818181818182,0.0363636363636364,0.0363636363636364,0.0363636363636364,0,0,0,0,0,0,0,0,0,0,0,0,0,0
3,51,1,9,0,0,0,0,0,0,0,0,0.02,0.1,0.08,0.04,0.1,0.08,0.1,0.06,0,0.04,0.02,0.06,0.04,0.1,0.02,0.06,0,0,0.02,0.02,0.02,0.02,0,0,0,0,0,0,0,0,0
3,51,2,8,0,0,0,0,0,0,0,0,0.0285714285714286,0.0571428571428571,0.0285714285714286,0.0571428571428571,0.0857142857142857,0.142857142857143,0.0857142857142857,0,0.0571428571428571,0.0285714285714286,0.0571428571428571,0.0571428571428571,0.0857142857142857,0.0285714285714286,0.0571428571428571,0.0571428571428571,0.0285714285714286,0,0,0,0.0571428571428571,0,0,0,0,0,0,0,0,0,0
3,51,3,8,0,0,0,0,0,0,0,0,0.0222222222222222,0.0444444444444444,0,0.0666666666666667,0.0222222222222222,0.0444444444444444,0.0444444444444444,0.0666666666666667,0.0666666666666667,0.177777777777778,0.0666666666666667,0.133333333333333,0.0444444444444444,0,0,0.0888888888888889,0,0,0.0444444444444444,0.0444444444444444,0,0.0222222222222222,0,0,0,0,0,0,0,0,0
3,51,4,10,0,0,0,0,0,0,0,0.0266666666666667,0,0.0133333333333333,0.04,0.0666666666666667,0.0666666666666667,0.04,0.04,0.0266666666666667,0.04,0.04,0.08,0.133333333333333,0.0533333333333333,0.0533333333333333,0.133333333333333,0.0133333333333333,0.0533333333333333,0.0266666666666667,0.0266666666666667,0.0133333333333333,0,0.0133333333333333,0,0,0,0,0,0,0,0,0
3,52,1,7,0,0,0,0,0,0,0,0,0.0222222222222222,0.0222222222222222,0,0.0666666666666667,0.0666666666666667,0.0666666666666667,0,0.0222222222222222,0.155555555555556,0.0444444444444444,0.0666666666666667,0.0666666666666667,0,0.111111111111111,0.0222222222222222,0.0666666666666667,0.111111111111111,0.0222222222222222,0.0444444444444444,0.0222222222222222,0,0,0,0,0,0,0,0,0,0,0
3,52,2,7,0,0,0,0,0,0,0,0.025,0.025,0.1,0,0.025,0.025,0,0.05,0.05,0.075,0.025,0.1,0.05,0.1,0.025,0,0.05,0.075,0,0.125,0.025,0.025,0,0,0.025,0,0,0,0,0,0,0
3,52,3,8,0,0,0,0,0,0,0,0.0153846153846154,0,0.0769230769230769,0.0769230769230769,0.0923076923076923,0.0615384615384615,0.0461538461538462,0.0307692307692308,0.0307692307692308,0.0769230769230769,0.0461538461538462,0.0461538461538462,0.0923076923076923,0.0461538461538462,0.0615384615384615,0.0153846153846154,0.0461538461538462,0.0153846153846154,0.0307692307692308,0,0,0.0307692307692308,0.0153846153846154,0.0153846153846154,0.0307692307692308,0,0,0,0,0,0,0
3,52,4,9,0,0,0,0,0,0,0,0.0181818181818182,0.0909090909090909,0.0545454545454546,0.163636363636364,0.0909090909090909,0.0909090909090909,0.0727272727272727,0.0363636363636364,0.0181818181818182,0.0181818181818182,0.0181818181818182,0.0545454545454546,0.0181818181818182,0.0545454545454546,0.0181818181818182,0,0.0545454545454546,0.0727272727272727,0,0,0.0363636363636364,0,0,0.0181818181818182,0,0,0,0,0,0,0,0
3,53,1,6,0,0,0,0,0,0,0,0,0,0,0.16,0.08,0.08,0.08,0.08,0.04,0.04,0.04,0,0,0,0.08,0,0.04,0.04,0.12,0.08,0.04,0,0,0,0,0,0,0,0,0,0,0
3,53,2,7,0,0,0,0,0,0,0,0.025,0,0,0.075,0.05,0.05,0.075,0.1,0.1,0,0.05,0.05,0.025,0,0.075,0.1,0,0,0.1,0.025,0.05,0.025,0.025,0,0,0,0,0,0,0,0,0
3,53,3,8,0,0,0,0,0,0,0.025,0.025,0.025,0.025,0.075,0.15,0.05,0.025,0.025,0.125,0.025,0.125,0.075,0.025,0.05,0.05,0,0.025,0.025,0,0,0,0.025,0,0,0,0,0.025,0,0,0,0,0
3,53,4,13,0,0,0,0,0,0,0.0133333333333333,0.0133333333333333,0.0533333333333333,0.04,0.0533333333333333,0.0666666666666667,0.0533333333333333,0.0533333333333333,0.08,0.04,0.08,0.08,0.04,0.04,0.0666666666666667,0.0266666666666667,0.0133333333333333,0.0533333333333333,0.0133333333333333,0.0133333333333333,0.0266666666666667,0.04,0,0.0266666666666667,0,0,0.0133333333333333,0,0,0,0,0,0
3,54,1,8,0,0,0,0,0,0,0,0.025,0.05,0.05,0.075,0.08125,0.025,0.025,0.05,0.025,0.05,0.05,0.025,0.05,0.0875,0.05,0.10625,0.025,0.025,0.05,0.025,0.025,0,0,0.025,0,0,0,0,0,0,0,0
3,54,2,6,0,0,0,0,0.0333333333333333,0,0,0.0666666666666667,0.0666666666666667,0,0.1,0.0333333333333333,0.0333333333333333,0,0.0666666666666667,0.0666666666666667,0.0666666666666667,0.133333333333333,0,0.0666666666666667,0.0666666666666667,0,0.0333333333333333,0.0666666666666667,0.0333333333333333,0.0333333333333333,0,0.0333333333333333,0,0,0,0,0,0,0,0,0,0,0
3,54,3,6,0,0,0,0,0,0,0,0,0.1,0.0666666666666667,0.0333333333333333,0.133333333333333,0.0333333333333333,0.0666666666666667,0,0.0333333333333333,0.0666666666666667,0.0666666666666667,0,0.1,0.0333333333333333,0,0.0666666666666667,0.1,0,0,0.0333333333333333,0,0.0666666666666667,0,0,0,0,0,0,0,0,0,0
3,54,4,9,0,0,0,0,0,0,0,0.0461538461538462,0.0769230769230769,0.0769230769230769,0.123076923076923,0.107692307692308,0.107692307692308,0.0461538461538462,0.0461538461538462,0.0153846153846154,0.0307692307692308,0,0.0307692307692308,0,0.0307692307692308,0.0615384615384615,0.0307692307692308,0.0615384615384615,0.0153846153846154,0.0307692307692308,0.0153846153846154,0.0307692307692308,0,0.0153846153846154,0,0,0,0,0,0,0,0,0
3,55,1,8,0,0,0,0,0,0,0,0.05,0.05,0.1,0.1,0.025,0.025,0.05,0.075,0.1,0.05,0.025,0.025,0,0,0.05,0.05,0.025,0.075,0,0.05,0,0.05,0.025,0,0,0,0,0,0,0,0,0
3,55,2,6,0,0,0,0,0,0,0,0.0333333333333333,0.0333333333333333,0.0666666666666667,0.0333333333333333,0.0666666666666667,0.1,0.0333333333333333,0.1,0.0333333333333333,0.0333333333333333,0.0666666666666667,0.0333333333333333,0,0,0.1,0,0.0666666666666667,0.0333333333333333,0.0333333333333333,0.0666666666666667,0,0,0.0333333333333333,0.0333333333333333,0,0,0,0,0,0,0,0
3,55,3,8,0,0,0,0,0,0,0.0142857142857143,0.0285714285714286,0.0714285714285714,0.1,0.114285714285714,0.114285714285714,0.0428571428571429,0.0857142857142857,0.0285714285714286,0.0714285714285714,0.0285714285714286,0.0571428571428571,0.0285714285714286,0.0714285714285714,0,0,0.0571428571428571,0.0142857142857143,0.0428571428571429,0,0.0142857142857143,0,0,0.0142857142857143,0,0,0,0,0,0,0,0,0
3,55,4,11,0,0,0,0,0,0.0117647058823529,0.0117647058823529,0.0352941176470588,0.0235294117647059,0.0705882352941176,0.129411764705882,0.117647058823529,0.0705882352941177,0.0352941176470588,0.0470588235294118,0.0705882352941177,0.0588235294117647,0.0352941176470588,0.0588235294117647,0.0470588235294118,0.0117647058823529,0.0352941176470588,0,0.0235294117647059,0.0117647058823529,0.0470588235294118,0.0235294117647059,0.0117647058823529,0,0.0117647058823529,0,0,0,0,0,0,0,0,0
3,56,1,6,0,0,0,0,0,0,0,0,0,0.114285714285714,0.171428571428571,0.0285714285714286,0.0571428571428571,0.0285714285714286,0.0285714285714286,0.0285714285714286,0.0571428571428571,0.0285714285714286,0.0285714285714286,0.0571428571428571,0.0285714285714286,0.0571428571428571,0.0285714285714286,0.0571428571428571,0.0285714285714286,0.0571428571428571,0.0571428571428571,0.0285714285714286,0,0,0,0.0285714285714286,0,0,0,0,0,0,0
3,56,2,6,0,0,0,0,0,0,0,0,0.04,0,0.16,0.12,0.16,0,0.04,0.04,0.08,0.04,0.04,0.04,0.08,0.08,0,0,0,0,0.04,0,0.04,0,0,0,0,0,0,0,0,0,0
3,56,3,9,0,0,0,0,0,0,0.0166666666666667,0,0,0.133333333333333,0.05,0.15,0.0833333333333333,0.15,0.0166666666666667,0.116666666666667,0.0166666666666667,0.0333333333333333,0.0166666666666667,0.0333333333333333,0.0166666666666667,0,0.05,0.0333333333333333,0,0.0333333333333333,0,0.0166666666666667,0,0.0166666666666667,0,0,0,0,0,0.0166666666666667,0,0,0
3,56,4,11,0,0,0,0,0,0,0.025,0.025,0.05,0.0875,0.125,0,0.1125,0.1,0.05,0.05,0.0625,0.05,0.0125,0.0375,0.0375,0.0375,0.0375,0.0625,0,0.0375,0,0,0,0,0,0,0,0,0,0,0,0,0
3,57,1,9,0,0,0,0,0,0,0,0.025,0.075,0.18125,0.10625,0.05,0.15625,0,0.025,0.025,0.025,0.05625,0.025,0.025,0.075,0.025,0,0.025,0.025,0.025,0,0.025,0,0,0,0.025,0,0,0,0,0,0,0
3,57,2,8,0,0,0,0,0,0,0,0.025,0.075,0.1,0.125,0.05,0.05,0,0,0.05,0.1,0.025,0,0.05,0.05,0.05,0,0.075,0.025,0.1,0,0,0.025,0,0.025,0,0,0,0,0,0,0,0
3,57,3,8,0,0,0,0,0,0,0,0.0363636363636364,0.0363636363636364,0.181818181818182,0.0909090909090909,0.0909090909090909,0.145454545454545,0.0727272727272727,0.0363636363636364,0.0363636363636364,0.0545454545454546,0.0545454545454546,0.0727272727272727,0.0181818181818182,0.0181818181818182,0,0,0.0181818181818182,0.0181818181818182,0,0,0.0181818181818182,0,0,0,0,0,0,0,0,0,0,0
3,57,4,11,0,0,0,0,0,0,0.0133333333333333,0.0133333333333333,0.0533333333333333,0.0533333333333333,0.0933333333333333,0.146666666666667,0.0933333333333333,0.133333333333333,0.0933333333333333,0.0533333333333333,0.0266666666666667,0.04,0.0133333333333333,0.0133333333333333,0.0533333333333333,0.0133333333333333,0.0266666666666667,0.0533333333333333,0,0,0,0.0133333333333333,0,0,0,0,0,0,0,0,0,0,0
3,58,1,10,0,0,0,0,0,0,0.0181818181818182,0.0181818181818182,0.0181818181818182,0.0363636363636364,0.0727272727272727,0.0545454545454546,0.0909090909090909,0.0363636363636364,0.0727272727272727,0.0727272727272727,0.0545454545454546,0.0363636363636364,0.0545454545454546,0.0545454545454546,0.0909090909090909,0.0545454545454546,0.0363636363636364,0.0181818181818182,0.0363636363636364,0.0363636363636364,0.0181818181818182,0,0.0181818181818182,0,0,0,0,0,0,0,0,0,0
3,58,2,10,0,0,0,0,0,0,0,0.0444444444444444,0.0444444444444444,0.0666666666666667,0.0666666666666667,0.0444444444444444,0.111111111111111,0.0222222222222222,0.0222222222222222,0.111111111111111,0.0888888888888889,0.0444444444444444,0.0888888888888889,0.0888888888888889,0.0444444444444444,0.0222222222222222,0,0,0.0444444444444444,0,0,0,0.0444444444444444,0,0,0,0,0,0,0,0,0,0
3,58,3,10,0,0,0,0,0,0.0153846153846154,0,0,0,0.0307692307692308,0.0769230769230769,0.0461538461538462,0.153846153846154,0.0461538461538462,0.0461538461538462,0.0307692307692308,0.107692307692308,0.0461538461538462,0.0769230769230769,0.0461538461538462,0.0769230769230769,0.0461538461538462,0.0615384615384615,0.0461538461538462,0.0153846153846154,0,0.0153846153846154,0,0.0153846153846154,0,0,0,0,0,0,0,0,0,0
3,58,4,13,0,0,0,0.0125,0,0,0,0.025,0.0375,0.075,0.075,0.1,0.0375,0.15,0.05,0.025,0.0375,0.075,0.075,0.025,0.025,0.05,0.0125,0.0125,0.0375,0.025,0,0.0125,0.0125,0,0.0125,0,0,0,0,0,0,0,0
3,59,1,10,0,0,0,0,0,0,0.0181818181818182,0.0181818181818182,0.0727272727272727,0.0727272727272727,0.0545454545454546,0.0545454545454546,0.0727272727272727,0.0363636363636364,0.0727272727272727,0.0181818181818182,0.0363636363636364,0.0727272727272727,0.0363636363636364,0.0363636363636364,0.0545454545454546,0.0363636363636364,0.0545454545454546,0.0181818181818182,0.0545454545454546,0.0727272727272727,0.0181818181818182,0,0.0181818181818182,0,0,0,0,0,0,0,0,0,0
3,59,2,8,0,0,0,0,0,0.0285714285714286,0.0285714285714286,0.0285714285714286,0.0571428571428571,0.114285714285714,0.0857142857142857,0.171428571428571,0.114285714285714,0.0285714285714286,0.0571428571428571,0.0285714285714286,0.0285714285714286,0,0.0285714285714286,0.0285714285714286,0,0,0.0285714285714286,0.0571428571428571,0.0285714285714286,0.0285714285714286,0.0285714285714286,0,0,0,0,0,0,0,0,0,0,0,0
3,59,3,11,0,0,0,0,0,0,0,0.0428571428571429,0.0607142857142857,0.1,0.075,0.171428571428571,0.0571428571428571,0.0285714285714286,0.0321428571428571,0.0285714285714286,0.0428571428571429,0.0285714285714286,0.0428571428571429,0.075,0.0428571428571429,0.0571428571428571,0.0285714285714286,0.0142857142857143,0.0142857142857143,0,0.0285714285714286,0.0142857142857143,0,0,0.0142857142857143,0,0,0,0,0,0,0,0
3,59,4,11,0,0,0,0,0,0,0.0166666666666667,0.0166666666666667,0.116666666666667,0.116666666666667,0.116666666666667,0.15,0.116666666666667,0.05,0,0.0333333333333333,0,0.0333333333333333,0.05,0.0166666666666667,0,0,0.0333333333333333,0,0.0166666666666667,0.0666666666666667,0.0166666666666667,0.0166666666666667,0.0166666666666667,0,0,0,0,0,0,0,0,0,0
3,60,1,7,0,0,0,0,0,0,0,0,0.133333333333333,0.166666666666667,0.2,0.1,0,0.0666666666666667,0,0,0.0333333333333333,0.0666666666666667,0.0666666666666667,0,0.0666666666666667,0,0,0,0,0.0333333333333333,0.0666666666666667,0,0,0,0,0,0,0,0,0,0,0,0
3,60,2,4,0,0,0,0,0,0,0,0,0.0666666666666667,0.133333333333333,0.333333333333333,0.333333333333333,0.0666666666666667,0,0,0,0,0,0,0,0,0,0,0.0666666666666667,0,0,0,0,0,0,0,0,0,0,0,0,0,0,0
3,60,3,6,0,0,0,0,0,0,0,0,0.04,0.04,0.16,0.04,0.28,0.08,0.08,0,0.04,0.04,0.04,0.08,0.04,0,0,0.04,0,0,0,0,0,0,0,0,0,0,0,0,0,0,0
3,60,4,7,0,0,0,0,0,0,0,0,0.04,0.04,0.08,0.16,0.12,0.12,0.08,0.02,0.04,0.04,0.02,0.02,0.04,0.04,0,0.02,0.04,0,0.04,0,0.02,0,0.02,0,0,0,0,0,0,0,0
3,61,1,5,0,0,0,0,0,0,0,0,0,0.05,0,0.05,0.05,0.15,0.2,0.1,0.05,0,0.05,0,0.1,0,0,0.05,0.05,0,0,0.05,0,0,0.05,0,0,0,0,0,0,0,0
3,61,2,7,0,0,0,0,0,0,0,0,0,0,0.0333333333333333,0.0333333333333333,0.0666666666666667,0.0333333333333333,0.0666666666666667,0,0.0666666666666667,0.1,0.0666666666666667,0.0666666666666667,0.166666666666667,0.0666666666666667,0.0666666666666667,0.0333333333333333,0.0333333333333333,0,0.0666666666666667,0,0,0,0.0333333333333333,0,0,0,0,0,0,0,0
3,61,3,7,0,0,0,0,0,0,0,0,0,0.025,0.075,0.05,0.125,0.075,0.025,0.05,0.075,0.225,0.025,0.025,0,0.075,0.025,0.05,0.025,0,0.025,0,0.025,0,0,0,0,0,0,0,0,0,0
3,61,4,8,0,0,0,0,0,0,0,0.0181818181818182,0.0181818181818182,0.0363636363636364,0.109090909090909,0.0545454545454545,0.0909090909090909,0.0727272727272727,0,0.0363636363636364,0.0727272727272727,0.0363636363636364,0.0727272727272727,0.0545454545454545,0.0363636363636364,0.0545454545454545,0.0545454545454545,0.0181818181818182,0.0727272727272727,0.0181818181818182,0.0545454545454545,0.0181818181818182,0,0,0,0,0,0,0,0,0,0,0
3,62,1,6,0,0,0,0,0,0,0,0,0.0333333333333333,0.0666666666666667,0,0,0,0.0666666666666667,0.0333333333333333,0.1,0,0.1,0.0333333333333333,0.133333333333333,0,0.166666666666667,0.0333333333333333,0.1,0,0,0.0666666666666667,0.0333333333333333,0,0.0333333333333333,0,0,0,0,0,0,0,0,0
3,62,2,9,0,0,0,0,0,0,0,0.05,0.05,0.05,0.05,0.025,0.075,0.025,0.05,0.025,0.025,0.125,0.05,0.025,0.05,0.075,0.075,0.025,0.075,0,0.075,0,0,0,0,0,0,0,0,0,0,0,0
3,62,3,7,0,0,0,0,0,0,0,0,0,0.1,0.1,0.15,0.025,0,0,0.025,0.025,0.025,0.125,0.1,0.025,0.025,0.05,0.05,0.05,0.05,0.05,0,0.025,0,0,0,0,0,0,0,0,0,0
3,62,4,11,0,0,0,0,0,0,0.0153846153846154,0.0307692307692308,0.0461538461538462,0.0615384615384615,0.05,0.0923076923076923,0.0153846153846154,0.0307692307692308,0.05,0.0307692307692308,0.0461538461538462,0.0807692307692308,0.05,0.0307692307692308,0.0461538461538462,0,0.107692307692308,0.0923076923076923,0.0153846153846154,0,0.0153846153846154,0.0153846153846154,0.0307692307692308,0.0153846153846154,0.0153846153846154,0.0153846153846154,0,0,0,0,0,0,0
3,63,1,11,0,0,0,0,0,0,0,0,0.0590909090909091,0.0772727272727273,0.131818181818182,0.0727272727272727,0.127272727272727,0.0727272727272727,0.109090909090909,0,0.0181818181818182,0.0181818181818182,0.0363636363636364,0.0181818181818182,0.0545454545454545,0.0363636363636364,0.0181818181818182,0.0181818181818182,0.0545454545454545,0.0181818181818182,0.0181818181818182,0.0227272727272727,0.0181818181818182,0,0,0,0,0,0,0,0,0,0
3,63,2,6,0,0,0,0,0,0,0,0,0.0285714285714286,0.0571428571428571,0.0285714285714286,0.0857142857142857,0.0571428571428571,0.0285714285714286,0.0857142857142857,0.114285714285714,0.0285714285714286,0.0285714285714286,0.0571428571428571,0.0857142857142857,0.0285714285714286,0.0571428571428571,0,0.0285714285714286,0.0285714285714286,0.0285714285714286,0,0.0285714285714286,0.0571428571428571,0.0285714285714286,0.0285714285714286,0,0,0,0,0,0,0,0
3,63,3,7,0,0,0,0,0,0,0,0.0222222222222222,0.0666666666666667,0.0666666666666667,0.111111111111111,0.0666666666666667,0.0666666666666667,0.0444444444444444,0.0222222222222222,0.0888888888888889,0.0444444444444444,0.0888888888888889,0.0888888888888889,0,0.0666666666666667,0.0666666666666667,0,0,0.0222222222222222,0,0,0.0222222222222222,0.0222222222222222,0.0222222222222222,0,0,0,0,0,0,0,0,0
3,63,4,11,0,0,0,0,0,0,0.02,0.02,0.06,0.06,0.0933333333333333,0.133333333333333,0.065,0.06,0.02,0.02,0.02,0,0.085,0,0.06,0.06,0,0.0783333333333333,0.06,0.04,0.045,0,0,0,0,0,0,0,0,0,0,0,0
3,64,1,7,0,0,0,0,0,0,0.0285714285714286,0,0.0571428571428571,0.114285714285714,0.114285714285714,0.0571428571428571,0.0857142857142857,0.0571428571428571,0.0285714285714286,0.0285714285714286,0,0.0571428571428571,0.0285714285714286,0,0.0571428571428571,0.0571428571428571,0,0,0.0857142857142857,0,0.0285714285714286,0.0857142857142857,0,0,0.0285714285714286,0,0,0,0,0,0,0,0
3,64,2,6,0,0,0,0,0,0,0,0,0.0285714285714286,0.0285714285714286,0.0571428571428571,0.0857142857142857,0.142857142857143,0.0285714285714286,0,0.0285714285714286,0.114285714285714,0.0285714285714286,0,0.0571428571428571,0,0.0571428571428571,0.0285714285714286,0.0857142857142857,0.0285714285714286,0.0285714285714286,0.0857142857142857,0.0571428571428571,0.0285714285714286,0,0,0,0,0,0,0,0,0,0
3,64,3,6,0,0,0,0,0,0,0,0,0,0.1,0.166666666666667,0.0666666666666667,0,0.0666666666666667,0.0666666666666667,0,0.0666666666666667,0,0.0333333333333333,0.0333333333333333,0,0.0666666666666667,0,0.133333333333333,0.0666666666666667,0.0333333333333333,0.0333333333333333,0,0,0,0,0.0666666666666667,0,0,0,0,0,0,0
3,64,4,7,0,0,0,0,0,0,0,0.0333333333333333,0,0.0666666666666667,0.133333333333333,0.133333333333333,0.0666666666666667,0.0333333333333333,0.0666666666666667,0.0333333333333333,0.0333333333333333,0.1,0.0666666666666667,0,0.1,0.0666666666666667,0.0333333333333333,0.0333333333333333,0,0,0,0,0,0,0,0,0,0,0,0,0,0,0
